Fitter report for ProyectoFT
Tue Dec  2 04:28:10 2025
Quartus Prime Version 22.1std.0 Build 915 10/25/2022 SC Lite Edition


---------------------
; Table of Contents ;
---------------------
  1. Legal Notice
  2. Fitter Summary
  3. Fitter Settings
  4. Parallel Compilation
  5. Fitter Netlist Optimizations
  6. Ignored Assignments
  7. Incremental Compilation Preservation Summary
  8. Incremental Compilation Partition Settings
  9. Incremental Compilation Placement Preservation
 10. Pin-Out File
 11. Fitter Resource Usage Summary
 12. Fitter Partition Statistics
 13. Input Pins
 14. Output Pins
 15. I/O Bank Usage
 16. All Package Pins
 17. I/O Assignment Warnings
 18. Fitter Resource Utilization by Entity
 19. Delay Chain Summary
 20. Pad To Core Delay Chain Fanout
 21. Control Signals
 22. Global & Other Fast Signals
 23. Non-Global High Fan-Out Signals
 24. Routing Usage Summary
 25. I/O Rules Summary
 26. I/O Rules Details
 27. I/O Rules Matrix
 28. Fitter Device Options
 29. Operating Settings and Conditions
 30. Estimated Delay Added for Hold Timing Summary
 31. Estimated Delay Added for Hold Timing Details
 32. Fitter Messages
 33. Fitter Suppressed Messages



----------------
; Legal Notice ;
----------------
Copyright (C) 2022  Intel Corporation. All rights reserved.
Your use of Intel Corporation's design tools, logic functions 
and other software and tools, and any partner logic 
functions, and any output files from any of the foregoing 
(including device programming or simulation files), and any 
associated documentation or information are expressly subject 
to the terms and conditions of the Intel Program License 
Subscription Agreement, the Intel Quartus Prime License Agreement,
the Intel FPGA IP License Agreement, or other applicable license
agreement, including, without limitation, that your use is for
the sole purpose of programming logic devices manufactured by
Intel and sold by Intel or its authorized distributors.  Please
refer to the applicable agreement for further details, at
https://fpgasoftware.intel.com/eula.



+----------------------------------------------------------------------------------+
; Fitter Summary                                                                   ;
+---------------------------------+------------------------------------------------+
; Fitter Status                   ; Successful - Tue Dec  2 04:28:09 2025          ;
; Quartus Prime Version           ; 22.1std.0 Build 915 10/25/2022 SC Lite Edition ;
; Revision Name                   ; ProyectoFT                                     ;
; Top-level Entity Name           ; top_program                                    ;
; Family                          ; Cyclone V                                      ;
; Device                          ; 5CSXFC6D6F31C6                                 ;
; Timing Models                   ; Final                                          ;
; Logic utilization (in ALMs)     ; 6,702 / 41,910 ( 16 % )                        ;
; Total registers                 ; 8673                                           ;
; Total pins                      ; 74 / 499 ( 15 % )                              ;
; Total virtual pins              ; 0                                              ;
; Total block memory bits         ; 0 / 5,662,720 ( 0 % )                          ;
; Total RAM Blocks                ; 0 / 553 ( 0 % )                                ;
; Total DSP Blocks                ; 0 / 112 ( 0 % )                                ;
; Total HSSI RX PCSs              ; 0 / 9 ( 0 % )                                  ;
; Total HSSI PMA RX Deserializers ; 0 / 9 ( 0 % )                                  ;
; Total HSSI TX PCSs              ; 0 / 9 ( 0 % )                                  ;
; Total HSSI PMA TX Serializers   ; 0 / 9 ( 0 % )                                  ;
; Total PLLs                      ; 0 / 15 ( 0 % )                                 ;
; Total DLLs                      ; 0 / 4 ( 0 % )                                  ;
+---------------------------------+------------------------------------------------+


+----------------------------------------------------------------------------------------------------------------------------------------------------+
; Fitter Settings                                                                                                                                    ;
+--------------------------------------------------------------------+---------------------------------------+---------------------------------------+
; Option                                                             ; Setting                               ; Default Value                         ;
+--------------------------------------------------------------------+---------------------------------------+---------------------------------------+
; Device                                                             ; 5CSXFC6D6F31C6                        ;                                       ;
; Minimum Core Junction Temperature                                  ; 0                                     ;                                       ;
; Maximum Core Junction Temperature                                  ; 85                                    ;                                       ;
; Use smart compilation                                              ; Off                                   ; Off                                   ;
; Enable parallel Assembler and Timing Analyzer during compilation   ; On                                    ; On                                    ;
; Enable compact report table                                        ; Off                                   ; Off                                   ;
; Router Timing Optimization Level                                   ; Normal                                ; Normal                                ;
; Perform Clocking Topology Analysis During Routing                  ; Off                                   ; Off                                   ;
; Placement Effort Multiplier                                        ; 1.0                                   ; 1.0                                   ;
; Device initialization clock source                                 ; INIT_INTOSC                           ; INIT_INTOSC                           ;
; Optimize Hold Timing                                               ; All Paths                             ; All Paths                             ;
; Optimize Multi-Corner Timing                                       ; On                                    ; On                                    ;
; Auto RAM to MLAB Conversion                                        ; On                                    ; On                                    ;
; Equivalent RAM and MLAB Power Up                                   ; Auto                                  ; Auto                                  ;
; Equivalent RAM and MLAB Paused Read Capabilities                   ; Care                                  ; Care                                  ;
; Power Optimization During Fitting                                  ; Normal compilation                    ; Normal compilation                    ;
; SSN Optimization                                                   ; Off                                   ; Off                                   ;
; Optimize Timing                                                    ; Normal compilation                    ; Normal compilation                    ;
; Optimize Timing for ECOs                                           ; Off                                   ; Off                                   ;
; Regenerate Full Fit Report During ECO Compiles                     ; Off                                   ; Off                                   ;
; Optimize IOC Register Placement for Timing                         ; Normal                                ; Normal                                ;
; Final Placement Optimizations                                      ; Automatically                         ; Automatically                         ;
; Fitter Aggressive Routability Optimizations                        ; Automatically                         ; Automatically                         ;
; Fitter Initial Placement Seed                                      ; 1                                     ; 1                                     ;
; Periphery to Core Placement and Routing Optimization               ; Off                                   ; Off                                   ;
; Weak Pull-Up Resistor                                              ; Off                                   ; Off                                   ;
; Enable Bus-Hold Circuitry                                          ; Off                                   ; Off                                   ;
; Auto Packed Registers                                              ; Auto                                  ; Auto                                  ;
; Auto Delay Chains                                                  ; On                                    ; On                                    ;
; Auto Delay Chains for High Fanout Input Pins                       ; Off                                   ; Off                                   ;
; Treat Bidirectional Pin as Output Pin                              ; Off                                   ; Off                                   ;
; Perform Physical Synthesis for Combinational Logic for Fitting     ; Off                                   ; Off                                   ;
; Perform Physical Synthesis for Combinational Logic for Performance ; Off                                   ; Off                                   ;
; Perform Register Duplication for Performance                       ; Off                                   ; Off                                   ;
; Perform Register Retiming for Performance                          ; Off                                   ; Off                                   ;
; Perform Asynchronous Signal Pipelining                             ; Off                                   ; Off                                   ;
; Fitter Effort                                                      ; Auto Fit                              ; Auto Fit                              ;
; Physical Synthesis Effort Level                                    ; Normal                                ; Normal                                ;
; Logic Cell Insertion - Logic Duplication                           ; Auto                                  ; Auto                                  ;
; Auto Register Duplication                                          ; Auto                                  ; Auto                                  ;
; Auto Global Clock                                                  ; On                                    ; On                                    ;
; Auto Global Register Control Signals                               ; On                                    ; On                                    ;
; Reserve all unused pins                                            ; As input tri-stated with weak pull-up ; As input tri-stated with weak pull-up ;
; Synchronizer Identification                                        ; Auto                                  ; Auto                                  ;
; Enable Beneficial Skew Optimization                                ; On                                    ; On                                    ;
; Optimize Design for Metastability                                  ; On                                    ; On                                    ;
; Active Serial clock source                                         ; FREQ_100MHz                           ; FREQ_100MHz                           ;
; Force Fitter to Avoid Periphery Placement Warnings                 ; Off                                   ; Off                                   ;
; Clamping Diode                                                     ; Off                                   ; Off                                   ;
; Enable input tri-state on active configuration pins in user mode   ; Off                                   ; Off                                   ;
; Advanced Physical Optimization                                     ; On                                    ; On                                    ;
+--------------------------------------------------------------------+---------------------------------------+---------------------------------------+


+------------------------------------------+
; Parallel Compilation                     ;
+----------------------------+-------------+
; Processors                 ; Number      ;
+----------------------------+-------------+
; Number detected on machine ; 8           ;
; Maximum allowed            ; 4           ;
;                            ;             ;
; Average used               ; 1.49        ;
; Maximum used               ; 4           ;
;                            ;             ;
; Usage by Processor         ; % Time Used ;
;     Processor 1            ; 100.0%      ;
;     Processor 2            ;  16.9%      ;
;     Processor 3            ;  16.5%      ;
;     Processor 4            ;  15.7%      ;
+----------------------------+-------------+


+-----------------------------------------------------------------------------------------------------------------------------------------------------------------------------------------------------------------------------------------------------------------------------------------+
; Fitter Netlist Optimizations                                                                                                                                                                                                                                                            ;
+----------------------------------------------------+------------+---------------------------------------------------+----------------------------+-----------+----------------+--------------------------------------------------------------+------------------+-----------------------+
; Node                                               ; Action     ; Operation                                         ; Reason                     ; Node Port ; Node Port Name ; Destination Node                                             ; Destination Port ; Destination Port Name ;
+----------------------------------------------------+------------+---------------------------------------------------+----------------------------+-----------+----------------+--------------------------------------------------------------+------------------+-----------------------+
; CLOCK_50~inputCLKENA0                              ; Created    ; Placement                                         ; Fitter Periphery Placement ;           ;                ;                                                              ;                  ;                       ;
; clock_divider:u_div|clk_out~CLKENA0                ; Created    ; Placement                                         ; Fitter Periphery Placement ;           ;                ;                                                              ;                  ;                       ;
; sck~inputCLKENA0                                   ; Created    ; Placement                                         ; Fitter Periphery Placement ;           ;                ;                                                              ;                  ;                       ;
; cpu_armv4:u_cpu|regfile:u_regfile|registers[0][3]  ; Duplicated ; Router Logic Cell Insertion and Logic Duplication ; Routability optimization   ;           ;                ; cpu_armv4:u_cpu|regfile:u_regfile|registers[0][3]~DUPLICATE  ;                  ;                       ;
; cpu_armv4:u_cpu|regfile:u_regfile|registers[0][6]  ; Duplicated ; Router Logic Cell Insertion and Logic Duplication ; Routability optimization   ;           ;                ; cpu_armv4:u_cpu|regfile:u_regfile|registers[0][6]~DUPLICATE  ;                  ;                       ;
; cpu_armv4:u_cpu|regfile:u_regfile|registers[0][7]  ; Duplicated ; Router Logic Cell Insertion and Logic Duplication ; Routability optimization   ;           ;                ; cpu_armv4:u_cpu|regfile:u_regfile|registers[0][7]~DUPLICATE  ;                  ;                       ;
; cpu_armv4:u_cpu|regfile:u_regfile|registers[0][8]  ; Duplicated ; Router Logic Cell Insertion and Logic Duplication ; Routability optimization   ;           ;                ; cpu_armv4:u_cpu|regfile:u_regfile|registers[0][8]~DUPLICATE  ;                  ;                       ;
; cpu_armv4:u_cpu|regfile:u_regfile|registers[0][9]  ; Duplicated ; Router Logic Cell Insertion and Logic Duplication ; Routability optimization   ;           ;                ; cpu_armv4:u_cpu|regfile:u_regfile|registers[0][9]~DUPLICATE  ;                  ;                       ;
; cpu_armv4:u_cpu|regfile:u_regfile|registers[0][10] ; Duplicated ; Router Logic Cell Insertion and Logic Duplication ; Routability optimization   ;           ;                ; cpu_armv4:u_cpu|regfile:u_regfile|registers[0][10]~DUPLICATE ;                  ;                       ;
; cpu_armv4:u_cpu|regfile:u_regfile|registers[0][11] ; Duplicated ; Router Logic Cell Insertion and Logic Duplication ; Routability optimization   ;           ;                ; cpu_armv4:u_cpu|regfile:u_regfile|registers[0][11]~DUPLICATE ;                  ;                       ;
; cpu_armv4:u_cpu|regfile:u_regfile|registers[0][12] ; Duplicated ; Router Logic Cell Insertion and Logic Duplication ; Routability optimization   ;           ;                ; cpu_armv4:u_cpu|regfile:u_regfile|registers[0][12]~DUPLICATE ;                  ;                       ;
; cpu_armv4:u_cpu|regfile:u_regfile|registers[0][16] ; Duplicated ; Router Logic Cell Insertion and Logic Duplication ; Routability optimization   ;           ;                ; cpu_armv4:u_cpu|regfile:u_regfile|registers[0][16]~DUPLICATE ;                  ;                       ;
; cpu_armv4:u_cpu|regfile:u_regfile|registers[0][22] ; Duplicated ; Router Logic Cell Insertion and Logic Duplication ; Routability optimization   ;           ;                ; cpu_armv4:u_cpu|regfile:u_regfile|registers[0][22]~DUPLICATE ;                  ;                       ;
; cpu_armv4:u_cpu|regfile:u_regfile|registers[0][23] ; Duplicated ; Router Logic Cell Insertion and Logic Duplication ; Routability optimization   ;           ;                ; cpu_armv4:u_cpu|regfile:u_regfile|registers[0][23]~DUPLICATE ;                  ;                       ;
; cpu_armv4:u_cpu|regfile:u_regfile|registers[0][24] ; Duplicated ; Router Logic Cell Insertion and Logic Duplication ; Routability optimization   ;           ;                ; cpu_armv4:u_cpu|regfile:u_regfile|registers[0][24]~DUPLICATE ;                  ;                       ;
; cpu_armv4:u_cpu|regfile:u_regfile|registers[0][28] ; Duplicated ; Router Logic Cell Insertion and Logic Duplication ; Routability optimization   ;           ;                ; cpu_armv4:u_cpu|regfile:u_regfile|registers[0][28]~DUPLICATE ;                  ;                       ;
; cpu_armv4:u_cpu|regfile:u_regfile|registers[0][29] ; Duplicated ; Router Logic Cell Insertion and Logic Duplication ; Routability optimization   ;           ;                ; cpu_armv4:u_cpu|regfile:u_regfile|registers[0][29]~DUPLICATE ;                  ;                       ;
; cpu_armv4:u_cpu|regfile:u_regfile|registers[0][30] ; Duplicated ; Router Logic Cell Insertion and Logic Duplication ; Routability optimization   ;           ;                ; cpu_armv4:u_cpu|regfile:u_regfile|registers[0][30]~DUPLICATE ;                  ;                       ;
; cpu_armv4:u_cpu|regfile:u_regfile|registers[2][9]  ; Duplicated ; Router Logic Cell Insertion and Logic Duplication ; Routability optimization   ;           ;                ; cpu_armv4:u_cpu|regfile:u_regfile|registers[2][9]~DUPLICATE  ;                  ;                       ;
; cpu_armv4:u_cpu|regfile:u_regfile|registers[6][7]  ; Duplicated ; Router Logic Cell Insertion and Logic Duplication ; Routability optimization   ;           ;                ; cpu_armv4:u_cpu|regfile:u_regfile|registers[6][7]~DUPLICATE  ;                  ;                       ;
; cpu_armv4:u_cpu|regfile:u_regfile|registers[6][8]  ; Duplicated ; Router Logic Cell Insertion and Logic Duplication ; Routability optimization   ;           ;                ; cpu_armv4:u_cpu|regfile:u_regfile|registers[6][8]~DUPLICATE  ;                  ;                       ;
; cpu_armv4:u_cpu|regfile:u_regfile|registers[6][11] ; Duplicated ; Router Logic Cell Insertion and Logic Duplication ; Routability optimization   ;           ;                ; cpu_armv4:u_cpu|regfile:u_regfile|registers[6][11]~DUPLICATE ;                  ;                       ;
; cpu_armv4:u_cpu|regfile:u_regfile|registers[6][13] ; Duplicated ; Router Logic Cell Insertion and Logic Duplication ; Routability optimization   ;           ;                ; cpu_armv4:u_cpu|regfile:u_regfile|registers[6][13]~DUPLICATE ;                  ;                       ;
; cpu_armv4:u_cpu|regfile:u_regfile|registers[6][22] ; Duplicated ; Router Logic Cell Insertion and Logic Duplication ; Routability optimization   ;           ;                ; cpu_armv4:u_cpu|regfile:u_regfile|registers[6][22]~DUPLICATE ;                  ;                       ;
; cpu_armv4:u_cpu|regfile:u_regfile|registers[6][23] ; Duplicated ; Router Logic Cell Insertion and Logic Duplication ; Routability optimization   ;           ;                ; cpu_armv4:u_cpu|regfile:u_regfile|registers[6][23]~DUPLICATE ;                  ;                       ;
; cpu_armv4:u_cpu|regfile:u_regfile|registers[6][24] ; Duplicated ; Router Logic Cell Insertion and Logic Duplication ; Routability optimization   ;           ;                ; cpu_armv4:u_cpu|regfile:u_regfile|registers[6][24]~DUPLICATE ;                  ;                       ;
; cpu_armv4:u_cpu|regfile:u_regfile|registers[6][31] ; Duplicated ; Router Logic Cell Insertion and Logic Duplication ; Routability optimization   ;           ;                ; cpu_armv4:u_cpu|regfile:u_regfile|registers[6][31]~DUPLICATE ;                  ;                       ;
; sub_nib[1]                                         ; Duplicated ; Router Logic Cell Insertion and Logic Duplication ; Routability optimization   ;           ;                ; sub_nib[1]~DUPLICATE                                         ;                  ;                       ;
; sub_nib[2]                                         ; Duplicated ; Router Logic Cell Insertion and Logic Duplication ; Routability optimization   ;           ;                ; sub_nib[2]~DUPLICATE                                         ;                  ;                       ;
; sum_nib[0]                                         ; Duplicated ; Router Logic Cell Insertion and Logic Duplication ; Routability optimization   ;           ;                ; sum_nib[0]~DUPLICATE                                         ;                  ;                       ;
; sum_nib[1]                                         ; Duplicated ; Router Logic Cell Insertion and Logic Duplication ; Routability optimization   ;           ;                ; sum_nib[1]~DUPLICATE                                         ;                  ;                       ;
; sum_nib[2]                                         ; Duplicated ; Router Logic Cell Insertion and Logic Duplication ; Routability optimization   ;           ;                ; sum_nib[2]~DUPLICATE                                         ;                  ;                       ;
; vga_controller:u_vga|vga_timing:u_timing|x[0]      ; Duplicated ; Router Logic Cell Insertion and Logic Duplication ; Routability optimization   ;           ;                ; vga_controller:u_vga|vga_timing:u_timing|x[0]~DUPLICATE      ;                  ;                       ;
; vga_controller:u_vga|vga_timing:u_timing|x[1]      ; Duplicated ; Router Logic Cell Insertion and Logic Duplication ; Routability optimization   ;           ;                ; vga_controller:u_vga|vga_timing:u_timing|x[1]~DUPLICATE      ;                  ;                       ;
; vga_controller:u_vga|vga_timing:u_timing|x[3]      ; Duplicated ; Router Logic Cell Insertion and Logic Duplication ; Routability optimization   ;           ;                ; vga_controller:u_vga|vga_timing:u_timing|x[3]~DUPLICATE      ;                  ;                       ;
; vga_controller:u_vga|vga_timing:u_timing|x[4]      ; Duplicated ; Router Logic Cell Insertion and Logic Duplication ; Routability optimization   ;           ;                ; vga_controller:u_vga|vga_timing:u_timing|x[4]~DUPLICATE      ;                  ;                       ;
; vga_controller:u_vga|vga_timing:u_timing|x[5]      ; Duplicated ; Router Logic Cell Insertion and Logic Duplication ; Routability optimization   ;           ;                ; vga_controller:u_vga|vga_timing:u_timing|x[5]~DUPLICATE      ;                  ;                       ;
; vga_controller:u_vga|vga_timing:u_timing|x[6]      ; Duplicated ; Router Logic Cell Insertion and Logic Duplication ; Routability optimization   ;           ;                ; vga_controller:u_vga|vga_timing:u_timing|x[6]~DUPLICATE      ;                  ;                       ;
; vga_controller:u_vga|vga_timing:u_timing|x[7]      ; Duplicated ; Router Logic Cell Insertion and Logic Duplication ; Routability optimization   ;           ;                ; vga_controller:u_vga|vga_timing:u_timing|x[7]~DUPLICATE      ;                  ;                       ;
; vga_controller:u_vga|vga_timing:u_timing|x[8]      ; Duplicated ; Router Logic Cell Insertion and Logic Duplication ; Routability optimization   ;           ;                ; vga_controller:u_vga|vga_timing:u_timing|x[8]~DUPLICATE      ;                  ;                       ;
; vga_controller:u_vga|vga_timing:u_timing|x[9]      ; Duplicated ; Router Logic Cell Insertion and Logic Duplication ; Routability optimization   ;           ;                ; vga_controller:u_vga|vga_timing:u_timing|x[9]~DUPLICATE      ;                  ;                       ;
; vga_controller:u_vga|vga_timing:u_timing|x[10]     ; Duplicated ; Router Logic Cell Insertion and Logic Duplication ; Routability optimization   ;           ;                ; vga_controller:u_vga|vga_timing:u_timing|x[10]~DUPLICATE     ;                  ;                       ;
; vga_controller:u_vga|vga_timing:u_timing|x[11]     ; Duplicated ; Router Logic Cell Insertion and Logic Duplication ; Routability optimization   ;           ;                ; vga_controller:u_vga|vga_timing:u_timing|x[11]~DUPLICATE     ;                  ;                       ;
; vga_controller:u_vga|vga_timing:u_timing|y[1]      ; Duplicated ; Router Logic Cell Insertion and Logic Duplication ; Routability optimization   ;           ;                ; vga_controller:u_vga|vga_timing:u_timing|y[1]~DUPLICATE      ;                  ;                       ;
; vga_controller:u_vga|vga_timing:u_timing|y[2]      ; Duplicated ; Router Logic Cell Insertion and Logic Duplication ; Routability optimization   ;           ;                ; vga_controller:u_vga|vga_timing:u_timing|y[2]~DUPLICATE      ;                  ;                       ;
; vga_controller:u_vga|vga_timing:u_timing|y[3]      ; Duplicated ; Router Logic Cell Insertion and Logic Duplication ; Routability optimization   ;           ;                ; vga_controller:u_vga|vga_timing:u_timing|y[3]~DUPLICATE      ;                  ;                       ;
; vga_controller:u_vga|vga_timing:u_timing|y[4]      ; Duplicated ; Router Logic Cell Insertion and Logic Duplication ; Routability optimization   ;           ;                ; vga_controller:u_vga|vga_timing:u_timing|y[4]~DUPLICATE      ;                  ;                       ;
; vga_controller:u_vga|vga_timing:u_timing|y[5]      ; Duplicated ; Router Logic Cell Insertion and Logic Duplication ; Routability optimization   ;           ;                ; vga_controller:u_vga|vga_timing:u_timing|y[5]~DUPLICATE      ;                  ;                       ;
; vga_controller:u_vga|vga_timing:u_timing|y[6]      ; Duplicated ; Router Logic Cell Insertion and Logic Duplication ; Routability optimization   ;           ;                ; vga_controller:u_vga|vga_timing:u_timing|y[6]~DUPLICATE      ;                  ;                       ;
; vga_controller:u_vga|vga_timing:u_timing|y[7]      ; Duplicated ; Router Logic Cell Insertion and Logic Duplication ; Routability optimization   ;           ;                ; vga_controller:u_vga|vga_timing:u_timing|y[7]~DUPLICATE      ;                  ;                       ;
; vga_controller:u_vga|vga_timing:u_timing|y[8]      ; Duplicated ; Router Logic Cell Insertion and Logic Duplication ; Routability optimization   ;           ;                ; vga_controller:u_vga|vga_timing:u_timing|y[8]~DUPLICATE      ;                  ;                       ;
; vga_controller:u_vga|vga_timing:u_timing|y[9]      ; Duplicated ; Router Logic Cell Insertion and Logic Duplication ; Routability optimization   ;           ;                ; vga_controller:u_vga|vga_timing:u_timing|y[9]~DUPLICATE      ;                  ;                       ;
; vga_controller:u_vga|vga_timing:u_timing|y[11]     ; Duplicated ; Router Logic Cell Insertion and Logic Duplication ; Routability optimization   ;           ;                ; vga_controller:u_vga|vga_timing:u_timing|y[11]~DUPLICATE     ;                  ;                       ;
; word_toggle_fast                                   ; Duplicated ; Router Logic Cell Insertion and Logic Duplication ; Routability optimization   ;           ;                ; word_toggle_fast~DUPLICATE                                   ;                  ;                       ;
+----------------------------------------------------+------------+---------------------------------------------------+----------------------------+-----------+----------------+--------------------------------------------------------------+------------------+-----------------------+


+--------------------------------------------------------------------------------------------+
; Ignored Assignments                                                                        ;
+--------------+----------------+--------------+------------+---------------+----------------+
; Name         ; Ignored Entity ; Ignored From ; Ignored To ; Ignored Value ; Ignored Source ;
+--------------+----------------+--------------+------------+---------------+----------------+
; I/O Standard ; top_program    ;              ; HEX0       ; 3.3-V LVTTL   ; QSF Assignment ;
; I/O Standard ; top_program    ;              ; HEX1       ; 3.3-V LVTTL   ; QSF Assignment ;
; I/O Standard ; top_program    ;              ; HEX2       ; 3.3-V LVTTL   ; QSF Assignment ;
; I/O Standard ; top_program    ;              ; HEX3       ; 3.3-V LVTTL   ; QSF Assignment ;
; I/O Standard ; top_program    ;              ; HEX4       ; 3.3-V LVTTL   ; QSF Assignment ;
+--------------+----------------+--------------+------------+---------------+----------------+


+----------------------------------------------------------------------------------------------------+
; Incremental Compilation Preservation Summary                                                       ;
+---------------------+----------------------+----------------------------+--------------------------+
; Type                ; Total [A + B]        ; From Design Partitions [A] ; From Rapid Recompile [B] ;
+---------------------+----------------------+----------------------------+--------------------------+
; Placement (by node) ;                      ;                            ;                          ;
;     -- Requested    ; 0.00 % ( 0 / 17100 ) ; 0.00 % ( 0 / 17100 )       ; 0.00 % ( 0 / 17100 )     ;
;     -- Achieved     ; 0.00 % ( 0 / 17100 ) ; 0.00 % ( 0 / 17100 )       ; 0.00 % ( 0 / 17100 )     ;
;                     ;                      ;                            ;                          ;
; Routing (by net)    ;                      ;                            ;                          ;
;     -- Requested    ; 0.00 % ( 0 / 0 )     ; 0.00 % ( 0 / 0 )           ; 0.00 % ( 0 / 0 )         ;
;     -- Achieved     ; 0.00 % ( 0 / 0 )     ; 0.00 % ( 0 / 0 )           ; 0.00 % ( 0 / 0 )         ;
+---------------------+----------------------+----------------------------+--------------------------+


+----------------------------------------------------------------------------------------------------------------------------------------------------------------------------------------+
; Incremental Compilation Partition Settings                                                                                                                                             ;
+--------------------------------+----------------+-------------------+-------------------------+------------------------+------------------------------+--------------------------------+
; Partition Name                 ; Partition Type ; Netlist Type Used ; Preservation Level Used ; Netlist Type Requested ; Preservation Level Requested ; Contents                       ;
+--------------------------------+----------------+-------------------+-------------------------+------------------------+------------------------------+--------------------------------+
; Top                            ; User-created   ; Source File       ; N/A                     ; Source File            ; N/A                          ;                                ;
; hard_block:auto_generated_inst ; Auto-generated ; Source File       ; N/A                     ; Source File            ; N/A                          ; hard_block:auto_generated_inst ;
+--------------------------------+----------------+-------------------+-------------------------+------------------------+------------------------------+--------------------------------+


+------------------------------------------------------------------------------------------------------------------------------------+
; Incremental Compilation Placement Preservation                                                                                     ;
+--------------------------------+-----------------------+-------------------------+-------------------+---------------------+-------+
; Partition Name                 ; Preservation Achieved ; Preservation Level Used ; Netlist Type Used ; Preservation Method ; Notes ;
+--------------------------------+-----------------------+-------------------------+-------------------+---------------------+-------+
; Top                            ; 0.00 % ( 0 / 17100 )  ; N/A                     ; Source File       ; N/A                 ;       ;
; hard_block:auto_generated_inst ; 0.00 % ( 0 / 0 )      ; N/A                     ; Source File       ; N/A                 ;       ;
+--------------------------------+-----------------------+-------------------------+-------------------+---------------------+-------+


+--------------+
; Pin-Out File ;
+--------------+
The pin-out file can be found in C:/Users/ggabr/OneDrive/Escritorio/Proyecto_Final_TDD/SystemVerilog/output_files/ProyectoFT.pin.


+---------------------------------------------------------------------------------------------+
; Fitter Resource Usage Summary                                                               ;
+-------------------------------------------------------------+-----------------------+-------+
; Resource                                                    ; Usage                 ; %     ;
+-------------------------------------------------------------+-----------------------+-------+
; Logic utilization (ALMs needed / total ALMs on device)      ; 6,702 / 41,910        ; 16 %  ;
; ALMs needed [=A-B+C]                                        ; 6,702                 ;       ;
;     [A] ALMs used in final placement [=a+b+c+d]             ; 8,188 / 41,910        ; 20 %  ;
;         [a] ALMs used for LUT logic and registers           ; 1,179                 ;       ;
;         [b] ALMs used for LUT logic                         ; 4,232                 ;       ;
;         [c] ALMs used for registers                         ; 2,777                 ;       ;
;         [d] ALMs used for memory (up to half of total ALMs) ; 0                     ;       ;
;     [B] Estimate of ALMs recoverable by dense packing       ; 1,726 / 41,910        ; 4 %   ;
;     [C] Estimate of ALMs unavailable [=a+b+c+d]             ; 240 / 41,910          ; < 1 % ;
;         [a] Due to location constrained logic               ; 0                     ;       ;
;         [b] Due to LAB-wide signal conflicts                ; 20                    ;       ;
;         [c] Due to LAB input limits                         ; 220                   ;       ;
;         [d] Due to virtual I/Os                             ; 0                     ;       ;
;                                                             ;                       ;       ;
; Difficulty packing design                                   ; Low                   ;       ;
;                                                             ;                       ;       ;
; Total LABs:  partially or completely used                   ; 1,201 / 4,191         ; 29 %  ;
;     -- Logic LABs                                           ; 1,201                 ;       ;
;     -- Memory LABs (up to half of total LABs)               ; 0                     ;       ;
;                                                             ;                       ;       ;
; Combinational ALUT usage for logic                          ; 8,329                 ;       ;
;     -- 7 input functions                                    ; 30                    ;       ;
;     -- 6 input functions                                    ; 3,135                 ;       ;
;     -- 5 input functions                                    ; 1,407                 ;       ;
;     -- 4 input functions                                    ; 2,781                 ;       ;
;     -- <=3 input functions                                  ; 976                   ;       ;
; Combinational ALUT usage for route-throughs                 ; 2,897                 ;       ;
;                                                             ;                       ;       ;
; Dedicated logic registers                                   ; 8,673                 ;       ;
;     -- By type:                                             ;                       ;       ;
;         -- Primary logic registers                          ; 7,910 / 83,820        ; 9 %   ;
;         -- Secondary logic registers                        ; 763 / 83,820          ; < 1 % ;
;     -- By function:                                         ;                       ;       ;
;         -- Design implementation registers                  ; 8,622                 ;       ;
;         -- Routing optimization registers                   ; 51                    ;       ;
;                                                             ;                       ;       ;
; Virtual pins                                                ; 0                     ;       ;
; I/O pins                                                    ; 74 / 499              ; 15 %  ;
;     -- Clock pins                                           ; 3 / 11                ; 27 %  ;
;     -- Dedicated input pins                                 ; 0 / 39                ; 0 %   ;
;                                                             ;                       ;       ;
; Hard processor system peripheral utilization                ;                       ;       ;
;     -- Boot from FPGA                                       ; 0 / 1 ( 0 % )         ;       ;
;     -- Clock resets                                         ; 0 / 1 ( 0 % )         ;       ;
;     -- Cross trigger                                        ; 0 / 1 ( 0 % )         ;       ;
;     -- S2F AXI                                              ; 0 / 1 ( 0 % )         ;       ;
;     -- F2S AXI                                              ; 0 / 1 ( 0 % )         ;       ;
;     -- AXI Lightweight                                      ; 0 / 1 ( 0 % )         ;       ;
;     -- SDRAM                                                ; 0 / 1 ( 0 % )         ;       ;
;     -- Interrupts                                           ; 0 / 1 ( 0 % )         ;       ;
;     -- JTAG                                                 ; 0 / 1 ( 0 % )         ;       ;
;     -- Loan I/O                                             ; 0 / 1 ( 0 % )         ;       ;
;     -- MPU event standby                                    ; 0 / 1 ( 0 % )         ;       ;
;     -- MPU general purpose                                  ; 0 / 1 ( 0 % )         ;       ;
;     -- STM event                                            ; 0 / 1 ( 0 % )         ;       ;
;     -- TPIU trace                                           ; 0 / 1 ( 0 % )         ;       ;
;     -- DMA                                                  ; 0 / 1 ( 0 % )         ;       ;
;     -- CAN                                                  ; 0 / 2 ( 0 % )         ;       ;
;     -- EMAC                                                 ; 0 / 2 ( 0 % )         ;       ;
;     -- I2C                                                  ; 0 / 4 ( 0 % )         ;       ;
;     -- NAND Flash                                           ; 0 / 1 ( 0 % )         ;       ;
;     -- QSPI                                                 ; 0 / 1 ( 0 % )         ;       ;
;     -- SDMMC                                                ; 0 / 1 ( 0 % )         ;       ;
;     -- SPI Master                                           ; 0 / 2 ( 0 % )         ;       ;
;     -- SPI Slave                                            ; 0 / 2 ( 0 % )         ;       ;
;     -- UART                                                 ; 0 / 2 ( 0 % )         ;       ;
;     -- USB                                                  ; 0 / 2 ( 0 % )         ;       ;
;                                                             ;                       ;       ;
; M10K blocks                                                 ; 0 / 553               ; 0 %   ;
; Total MLAB memory bits                                      ; 0                     ;       ;
; Total block memory bits                                     ; 0 / 5,662,720         ; 0 %   ;
; Total block memory implementation bits                      ; 0 / 5,662,720         ; 0 %   ;
;                                                             ;                       ;       ;
; Total DSP Blocks                                            ; 0 / 112               ; 0 %   ;
;                                                             ;                       ;       ;
; Fractional PLLs                                             ; 0 / 6                 ; 0 %   ;
; Global signals                                              ; 3                     ;       ;
;     -- Global clocks                                        ; 3 / 16                ; 19 %  ;
;     -- Quadrant clocks                                      ; 0 / 66                ; 0 %   ;
;     -- Horizontal periphery clocks                          ; 0 / 18                ; 0 %   ;
; SERDES Transmitters                                         ; 0 / 100               ; 0 %   ;
; SERDES Receivers                                            ; 0 / 100               ; 0 %   ;
; JTAGs                                                       ; 0 / 1                 ; 0 %   ;
; ASMI blocks                                                 ; 0 / 1                 ; 0 %   ;
; CRC blocks                                                  ; 0 / 1                 ; 0 %   ;
; Remote update blocks                                        ; 0 / 1                 ; 0 %   ;
; Oscillator blocks                                           ; 0 / 1                 ; 0 %   ;
; Hard IPs                                                    ; 0 / 2                 ; 0 %   ;
; Standard RX PCSs                                            ; 0 / 9                 ; 0 %   ;
; HSSI PMA RX Deserializers                                   ; 0 / 9                 ; 0 %   ;
; Standard TX PCSs                                            ; 0 / 9                 ; 0 %   ;
; HSSI PMA TX Serializers                                     ; 0 / 9                 ; 0 %   ;
; Channel PLLs                                                ; 0 / 9                 ; 0 %   ;
; Impedance control blocks                                    ; 0 / 4                 ; 0 %   ;
; Hard Memory Controllers                                     ; 0 / 2                 ; 0 %   ;
; Average interconnect usage (total/H/V)                      ; 7.0% / 7.2% / 6.2%    ;       ;
; Peak interconnect usage (total/H/V)                         ; 34.3% / 34.0% / 35.2% ;       ;
; Maximum fan-out                                             ; 8551                  ;       ;
; Highest non-global fan-out                                  ; 7187                  ;       ;
; Total fan-out                                               ; 76839                 ;       ;
; Average fan-out                                             ; 3.83                  ;       ;
+-------------------------------------------------------------+-----------------------+-------+


+----------------------------------------------------------------------------------------------------------------------+
; Fitter Partition Statistics                                                                                          ;
+-------------------------------------------------------------+-----------------------+--------------------------------+
; Statistic                                                   ; Top                   ; hard_block:auto_generated_inst ;
+-------------------------------------------------------------+-----------------------+--------------------------------+
; Logic utilization (ALMs needed / total ALMs on device)      ; 6702 / 41910 ( 16 % ) ; 0 / 41910 ( 0 % )              ;
; ALMs needed [=A-B+C]                                        ; 6702                  ; 0                              ;
;     [A] ALMs used in final placement [=a+b+c+d]             ; 8188 / 41910 ( 20 % ) ; 0 / 41910 ( 0 % )              ;
;         [a] ALMs used for LUT logic and registers           ; 1179                  ; 0                              ;
;         [b] ALMs used for LUT logic                         ; 4232                  ; 0                              ;
;         [c] ALMs used for registers                         ; 2777                  ; 0                              ;
;         [d] ALMs used for memory (up to half of total ALMs) ; 0                     ; 0                              ;
;     [B] Estimate of ALMs recoverable by dense packing       ; 1726 / 41910 ( 4 % )  ; 0 / 41910 ( 0 % )              ;
;     [C] Estimate of ALMs unavailable [=a+b+c+d]             ; 240 / 41910 ( < 1 % ) ; 0 / 41910 ( 0 % )              ;
;         [a] Due to location constrained logic               ; 0                     ; 0                              ;
;         [b] Due to LAB-wide signal conflicts                ; 20                    ; 0                              ;
;         [c] Due to LAB input limits                         ; 220                   ; 0                              ;
;         [d] Due to virtual I/Os                             ; 0                     ; 0                              ;
;                                                             ;                       ;                                ;
; Difficulty packing design                                   ; Low                   ; Low                            ;
;                                                             ;                       ;                                ;
; Total LABs:  partially or completely used                   ; 1201 / 4191 ( 29 % )  ; 0 / 4191 ( 0 % )               ;
;     -- Logic LABs                                           ; 1201                  ; 0                              ;
;     -- Memory LABs (up to half of total LABs)               ; 0                     ; 0                              ;
;                                                             ;                       ;                                ;
; Combinational ALUT usage for logic                          ; 8329                  ; 0                              ;
;     -- 7 input functions                                    ; 30                    ; 0                              ;
;     -- 6 input functions                                    ; 3135                  ; 0                              ;
;     -- 5 input functions                                    ; 1407                  ; 0                              ;
;     -- 4 input functions                                    ; 2781                  ; 0                              ;
;     -- <=3 input functions                                  ; 976                   ; 0                              ;
; Combinational ALUT usage for route-throughs                 ; 2897                  ; 0                              ;
; Memory ALUT usage                                           ; 0                     ; 0                              ;
;     -- 64-address deep                                      ; 0                     ; 0                              ;
;     -- 32-address deep                                      ; 0                     ; 0                              ;
;                                                             ;                       ;                                ;
; Dedicated logic registers                                   ; 0                     ; 0                              ;
;     -- By type:                                             ;                       ;                                ;
;         -- Primary logic registers                          ; 7910 / 83820 ( 9 % )  ; 0 / 83820 ( 0 % )              ;
;         -- Secondary logic registers                        ; 763 / 83820 ( < 1 % ) ; 0 / 83820 ( 0 % )              ;
;     -- By function:                                         ;                       ;                                ;
;         -- Design implementation registers                  ; 8622                  ; 0                              ;
;         -- Routing optimization registers                   ; 51                    ; 0                              ;
;                                                             ;                       ;                                ;
;                                                             ;                       ;                                ;
; Virtual pins                                                ; 0                     ; 0                              ;
; I/O pins                                                    ; 74                    ; 0                              ;
; I/O registers                                               ; 0                     ; 0                              ;
; Total block memory bits                                     ; 0                     ; 0                              ;
; Total block memory implementation bits                      ; 0                     ; 0                              ;
; Clock enable block                                          ; 3 / 116 ( 2 % )       ; 0 / 116 ( 0 % )                ;
;                                                             ;                       ;                                ;
; Connections                                                 ;                       ;                                ;
;     -- Input Connections                                    ; 0                     ; 0                              ;
;     -- Registered Input Connections                         ; 0                     ; 0                              ;
;     -- Output Connections                                   ; 0                     ; 0                              ;
;     -- Registered Output Connections                        ; 0                     ; 0                              ;
;                                                             ;                       ;                                ;
; Internal Connections                                        ;                       ;                                ;
;     -- Total Connections                                    ; 76858                 ; 0                              ;
;     -- Registered Connections                               ; 17082                 ; 0                              ;
;                                                             ;                       ;                                ;
; External Connections                                        ;                       ;                                ;
;     -- Top                                                  ; 0                     ; 0                              ;
;     -- hard_block:auto_generated_inst                       ; 0                     ; 0                              ;
;                                                             ;                       ;                                ;
; Partition Interface                                         ;                       ;                                ;
;     -- Input Ports                                          ; 9                     ; 0                              ;
;     -- Output Ports                                         ; 65                    ; 0                              ;
;     -- Bidir Ports                                          ; 0                     ; 0                              ;
;                                                             ;                       ;                                ;
; Registered Ports                                            ;                       ;                                ;
;     -- Registered Input Ports                               ; 0                     ; 0                              ;
;     -- Registered Output Ports                              ; 0                     ; 0                              ;
;                                                             ;                       ;                                ;
; Port Connectivity                                           ;                       ;                                ;
;     -- Input Ports driven by GND                            ; 0                     ; 0                              ;
;     -- Output Ports driven by GND                           ; 0                     ; 0                              ;
;     -- Input Ports driven by VCC                            ; 0                     ; 0                              ;
;     -- Output Ports driven by VCC                           ; 0                     ; 0                              ;
;     -- Input Ports with no Source                           ; 0                     ; 0                              ;
;     -- Output Ports with no Source                          ; 0                     ; 0                              ;
;     -- Input Ports with no Fanout                           ; 0                     ; 0                              ;
;     -- Output Ports with no Fanout                          ; 0                     ; 0                              ;
+-------------------------------------------------------------+-----------------------+--------------------------------+


+-----------------------------------------------------------------------------------------------------------------------------------------------------------------------------------------------------------------------------------------------------------------------------------------+
; Input Pins                                                                                                                                                                                                                                                                              ;
+----------+-------+----------+--------------+--------------+--------------+-----------------------+--------------------+--------+----------------+-----------------+----------+--------------+--------------+-------------+---------------------------+----------------------+-----------+
; Name     ; Pin # ; I/O Bank ; X coordinate ; Y coordinate ; Z coordinate ; Combinational Fan-Out ; Registered Fan-Out ; Global ; Input Register ; PCI I/O Enabled ; Bus Hold ; Weak Pull Up ; I/O Standard ; Termination ; Termination Control Block ; Location assigned by ; Slew Rate ;
+----------+-------+----------+--------------+--------------+--------------+-----------------------+--------------------+--------+----------------+-----------------+----------+--------------+--------------+-------------+---------------------------+----------------------+-----------+
; CLOCK_50 ; AF14  ; 3B       ; 32           ; 0            ; 0            ; 36                    ; 0                  ; yes    ; no             ; no              ; no       ; Off          ; 2.5 V        ; Off         ; --                        ; User                 ; no        ;
; KEY[0]   ; AA15  ; 3B       ; 36           ; 0            ; 17           ; 105                   ; 0                  ; no     ; no             ; no              ; no       ; Off          ; 2.5 V        ; Off         ; --                        ; User                 ; no        ;
; KEY[1]   ; AA14  ; 3B       ; 36           ; 0            ; 0            ; 0                     ; 0                  ; no     ; no             ; no              ; no       ; Off          ; 2.5 V        ; Off         ; --                        ; User                 ; no        ;
; KEY[2]   ; AK4   ; 3B       ; 22           ; 0            ; 51           ; 0                     ; 0                  ; no     ; no             ; no              ; no       ; Off          ; 2.5 V        ; Off         ; --                        ; User                 ; no        ;
; KEY[3]   ; AJ4   ; 3B       ; 22           ; 0            ; 34           ; 0                     ; 0                  ; no     ; no             ; no              ; no       ; Off          ; 2.5 V        ; Off         ; --                        ; User                 ; no        ;
; mosi     ; AC12  ; 3A       ; 16           ; 0            ; 0            ; 7                     ; 0                  ; no     ; no             ; no              ; no       ; Off          ; 3.3-V LVTTL  ; Off         ; --                        ; User                 ; no        ;
; req      ; AA12  ; 3A       ; 12           ; 0            ; 0            ; 7                     ; 0                  ; no     ; no             ; no              ; no       ; Off          ; 3.3-V LVTTL  ; Off         ; --                        ; User                 ; no        ;
; sck      ; AD12  ; 3A       ; 16           ; 0            ; 17           ; 10                    ; 0                  ; yes    ; no             ; no              ; no       ; Off          ; 3.3-V LVTTL  ; Off         ; --                        ; User                 ; no        ;
; ss       ; AD10  ; 3A       ; 4            ; 0            ; 17           ; 3                     ; 0                  ; no     ; no             ; no              ; no       ; Off          ; 2.5 V        ; Off         ; --                        ; User                 ; no        ;
+----------+-------+----------+--------------+--------------+--------------+-----------------------+--------------------+--------+----------------+-----------------+----------+--------------+--------------+-------------+---------------------------+----------------------+-----------+


+----------------------------------------------------------------------------------------------------------------------------------------------------------------------------------------------------------------------------------------------------------------------------------------------------------------------------------------------------------------------------------------------------------------------------------------------------------------------------+
; Output Pins                                                                                                                                                                                                                                                                                                                                                                                                                                                                ;
+-------------+-------+----------+--------------+--------------+--------------+-----------------+------------------------+-----------+-----------------+------------+---------------+----------+--------------+--------------+------------------+-------------+---------------------------+----------------------------+-----------------------------+---------------------+-----------------------------+----------------------+----------------------+---------------------+
; Name        ; Pin # ; I/O Bank ; X coordinate ; Y coordinate ; Z coordinate ; Output Register ; Output Enable Register ; Slew Rate ; PCI I/O Enabled ; Open Drain ; TRI Primitive ; Bus Hold ; Weak Pull Up ; I/O Standard ; Current Strength ; Termination ; Termination Control Block ; Output Buffer Pre-emphasis ; Voltage Output Differential ; Output Buffer Delay ; Output Buffer Delay Control ; Location assigned by ; Output Enable Source ; Output Enable Group ;
+-------------+-------+----------+--------------+--------------+--------------+-----------------+------------------------+-----------+-----------------+------------+---------------+----------+--------------+--------------+------------------+-------------+---------------------------+----------------------------+-----------------------------+---------------------+-----------------------------+----------------------+----------------------+---------------------+
; HEX0[0]     ; AH18  ; 4A       ; 56           ; 0            ; 51           ; no              ; no                     ; 1         ; no              ; no         ; no            ; no       ; Off          ; 3.3-V LVTTL  ; 16mA             ; Off         ; --                        ; no                         ; no                          ; 0                   ; Off                         ; User                 ; -                    ; -                   ;
; HEX0[1]     ; AG18  ; 4A       ; 58           ; 0            ; 74           ; no              ; no                     ; 1         ; no              ; no         ; no            ; no       ; Off          ; 3.3-V LVTTL  ; 16mA             ; Off         ; --                        ; no                         ; no                          ; 0                   ; Off                         ; User                 ; -                    ; -                   ;
; HEX0[2]     ; AH17  ; 4A       ; 56           ; 0            ; 34           ; no              ; no                     ; 1         ; no              ; no         ; no            ; no       ; Off          ; 3.3-V LVTTL  ; 16mA             ; Off         ; --                        ; no                         ; no                          ; 0                   ; Off                         ; User                 ; -                    ; -                   ;
; HEX0[3]     ; AG16  ; 4A       ; 50           ; 0            ; 74           ; no              ; no                     ; 1         ; no              ; no         ; no            ; no       ; Off          ; 3.3-V LVTTL  ; 16mA             ; Off         ; --                        ; no                         ; no                          ; 0                   ; Off                         ; User                 ; -                    ; -                   ;
; HEX0[4]     ; AG17  ; 4A       ; 50           ; 0            ; 91           ; no              ; no                     ; 1         ; no              ; no         ; no            ; no       ; Off          ; 3.3-V LVTTL  ; 16mA             ; Off         ; --                        ; no                         ; no                          ; 0                   ; Off                         ; User                 ; -                    ; -                   ;
; HEX0[5]     ; V18   ; 4A       ; 80           ; 0            ; 0            ; no              ; no                     ; 1         ; no              ; no         ; no            ; no       ; Off          ; 3.3-V LVTTL  ; 16mA             ; Off         ; --                        ; no                         ; no                          ; 0                   ; Off                         ; User                 ; -                    ; -                   ;
; HEX0[6]     ; W17   ; 4A       ; 60           ; 0            ; 17           ; no              ; no                     ; 1         ; no              ; no         ; no            ; no       ; Off          ; 3.3-V LVTTL  ; 16mA             ; Off         ; --                        ; no                         ; no                          ; 0                   ; Off                         ; User                 ; -                    ; -                   ;
; HEX1[0]     ; V17   ; 4A       ; 60           ; 0            ; 0            ; no              ; no                     ; 1         ; no              ; no         ; no            ; no       ; Off          ; 3.3-V LVTTL  ; 16mA             ; Off         ; --                        ; no                         ; no                          ; 0                   ; Off                         ; User                 ; -                    ; -                   ;
; HEX1[1]     ; AE17  ; 4A       ; 50           ; 0            ; 40           ; no              ; no                     ; 1         ; no              ; no         ; no            ; no       ; Off          ; 3.3-V LVTTL  ; 16mA             ; Off         ; --                        ; no                         ; no                          ; 0                   ; Off                         ; User                 ; -                    ; -                   ;
; HEX1[2]     ; AE18  ; 4A       ; 66           ; 0            ; 40           ; no              ; no                     ; 1         ; no              ; no         ; no            ; no       ; Off          ; 3.3-V LVTTL  ; 16mA             ; Off         ; --                        ; no                         ; no                          ; 0                   ; Off                         ; User                 ; -                    ; -                   ;
; HEX1[3]     ; AD17  ; 4A       ; 64           ; 0            ; 17           ; no              ; no                     ; 1         ; no              ; no         ; no            ; no       ; Off          ; 3.3-V LVTTL  ; 16mA             ; Off         ; --                        ; no                         ; no                          ; 0                   ; Off                         ; User                 ; -                    ; -                   ;
; HEX1[4]     ; AE16  ; 4A       ; 52           ; 0            ; 34           ; no              ; no                     ; 1         ; no              ; no         ; no            ; no       ; Off          ; 3.3-V LVTTL  ; 16mA             ; Off         ; --                        ; no                         ; no                          ; 0                   ; Off                         ; User                 ; -                    ; -                   ;
; HEX1[5]     ; V16   ; 4A       ; 52           ; 0            ; 0            ; no              ; no                     ; 1         ; no              ; no         ; no            ; no       ; Off          ; 3.3-V LVTTL  ; 16mA             ; Off         ; --                        ; no                         ; no                          ; 0                   ; Off                         ; User                 ; -                    ; -                   ;
; HEX1[6]     ; AF16  ; 4A       ; 52           ; 0            ; 51           ; no              ; no                     ; 1         ; no              ; no         ; no            ; no       ; Off          ; 3.3-V LVTTL  ; 16mA             ; Off         ; --                        ; no                         ; no                          ; 0                   ; Off                         ; User                 ; -                    ; -                   ;
; HEX2[0]     ; W16   ; 4A       ; 52           ; 0            ; 17           ; no              ; no                     ; 1         ; no              ; no         ; no            ; no       ; Off          ; 3.3-V LVTTL  ; 16mA             ; Off         ; --                        ; no                         ; no                          ; 0                   ; Off                         ; User                 ; -                    ; -                   ;
; HEX2[1]     ; AF18  ; 4A       ; 50           ; 0            ; 57           ; no              ; no                     ; 1         ; no              ; no         ; no            ; no       ; Off          ; 3.3-V LVTTL  ; 16mA             ; Off         ; --                        ; no                         ; no                          ; 0                   ; Off                         ; User                 ; -                    ; -                   ;
; HEX2[2]     ; Y18   ; 4A       ; 72           ; 0            ; 0            ; no              ; no                     ; 1         ; no              ; no         ; no            ; no       ; Off          ; 3.3-V LVTTL  ; 16mA             ; Off         ; --                        ; no                         ; no                          ; 0                   ; Off                         ; User                 ; -                    ; -                   ;
; HEX2[3]     ; Y17   ; 4A       ; 68           ; 0            ; 0            ; no              ; no                     ; 1         ; no              ; no         ; no            ; no       ; Off          ; 3.3-V LVTTL  ; 16mA             ; Off         ; --                        ; no                         ; no                          ; 0                   ; Off                         ; User                 ; -                    ; -                   ;
; HEX2[4]     ; AA18  ; 4A       ; 68           ; 0            ; 17           ; no              ; no                     ; 1         ; no              ; no         ; no            ; no       ; Off          ; 3.3-V LVTTL  ; 16mA             ; Off         ; --                        ; no                         ; no                          ; 0                   ; Off                         ; User                 ; -                    ; -                   ;
; HEX2[5]     ; AB17  ; 4A       ; 56           ; 0            ; 17           ; no              ; no                     ; 1         ; no              ; no         ; no            ; no       ; Off          ; 3.3-V LVTTL  ; 16mA             ; Off         ; --                        ; no                         ; no                          ; 0                   ; Off                         ; User                 ; -                    ; -                   ;
; HEX2[6]     ; AA21  ; 4A       ; 88           ; 0            ; 1            ; no              ; no                     ; 1         ; no              ; no         ; no            ; no       ; Off          ; 3.3-V LVTTL  ; 16mA             ; Off         ; --                        ; no                         ; no                          ; 0                   ; Off                         ; User                 ; -                    ; -                   ;
; HEX3[0]     ; AD20  ; 4A       ; 82           ; 0            ; 40           ; no              ; no                     ; 1         ; no              ; no         ; no            ; no       ; Off          ; 3.3-V LVTTL  ; 16mA             ; Off         ; --                        ; no                         ; no                          ; 0                   ; Off                         ; User                 ; -                    ; -                   ;
; HEX3[1]     ; AA19  ; 4A       ; 72           ; 0            ; 17           ; no              ; no                     ; 1         ; no              ; no         ; no            ; no       ; Off          ; 3.3-V LVTTL  ; 16mA             ; Off         ; --                        ; no                         ; no                          ; 0                   ; Off                         ; User                 ; -                    ; -                   ;
; HEX3[2]     ; AC20  ; 4A       ; 76           ; 0            ; 0            ; no              ; no                     ; 1         ; no              ; no         ; no            ; no       ; Off          ; 3.3-V LVTTL  ; 16mA             ; Off         ; --                        ; no                         ; no                          ; 0                   ; Off                         ; User                 ; -                    ; -                   ;
; HEX3[3]     ; AA20  ; 4A       ; 84           ; 0            ; 17           ; no              ; no                     ; 1         ; no              ; no         ; no            ; no       ; Off          ; 3.3-V LVTTL  ; 16mA             ; Off         ; --                        ; no                         ; no                          ; 0                   ; Off                         ; User                 ; -                    ; -                   ;
; HEX3[4]     ; AD19  ; 4A       ; 76           ; 0            ; 17           ; no              ; no                     ; 1         ; no              ; no         ; no            ; no       ; Off          ; 3.3-V LVTTL  ; 16mA             ; Off         ; --                        ; no                         ; no                          ; 0                   ; Off                         ; User                 ; -                    ; -                   ;
; HEX3[5]     ; W19   ; 4A       ; 80           ; 0            ; 17           ; no              ; no                     ; 1         ; no              ; no         ; no            ; no       ; Off          ; 3.3-V LVTTL  ; 16mA             ; Off         ; --                        ; no                         ; no                          ; 0                   ; Off                         ; User                 ; -                    ; -                   ;
; HEX3[6]     ; Y19   ; 4A       ; 84           ; 0            ; 0            ; no              ; no                     ; 1         ; no              ; no         ; no            ; no       ; Off          ; 3.3-V LVTTL  ; 16mA             ; Off         ; --                        ; no                         ; no                          ; 0                   ; Off                         ; User                 ; -                    ; -                   ;
; HEX4[0]     ; AH22  ; 4A       ; 66           ; 0            ; 91           ; no              ; no                     ; 1         ; no              ; no         ; no            ; no       ; Off          ; 3.3-V LVTTL  ; 16mA             ; Off         ; --                        ; no                         ; no                          ; 0                   ; Off                         ; User                 ; -                    ; -                   ;
; HEX4[1]     ; AF23  ; 4A       ; 74           ; 0            ; 40           ; no              ; no                     ; 1         ; no              ; no         ; no            ; no       ; Off          ; 3.3-V LVTTL  ; 16mA             ; Off         ; --                        ; no                         ; no                          ; 0                   ; Off                         ; User                 ; -                    ; -                   ;
; HEX4[2]     ; AG23  ; 4A       ; 64           ; 0            ; 34           ; no              ; no                     ; 1         ; no              ; no         ; no            ; no       ; Off          ; 3.3-V LVTTL  ; 16mA             ; Off         ; --                        ; no                         ; no                          ; 0                   ; Off                         ; User                 ; -                    ; -                   ;
; HEX4[3]     ; AE23  ; 4A       ; 78           ; 0            ; 17           ; no              ; no                     ; 1         ; no              ; no         ; no            ; no       ; Off          ; 3.3-V LVTTL  ; 16mA             ; Off         ; --                        ; no                         ; no                          ; 0                   ; Off                         ; User                 ; -                    ; -                   ;
; HEX4[4]     ; AE22  ; 4A       ; 78           ; 0            ; 0            ; no              ; no                     ; 1         ; no              ; no         ; no            ; no       ; Off          ; 3.3-V LVTTL  ; 16mA             ; Off         ; --                        ; no                         ; no                          ; 0                   ; Off                         ; User                 ; -                    ; -                   ;
; HEX4[5]     ; AG22  ; 4A       ; 66           ; 0            ; 74           ; no              ; no                     ; 1         ; no              ; no         ; no            ; no       ; Off          ; 3.3-V LVTTL  ; 16mA             ; Off         ; --                        ; no                         ; no                          ; 0                   ; Off                         ; User                 ; -                    ; -                   ;
; HEX4[6]     ; AD21  ; 4A       ; 82           ; 0            ; 57           ; no              ; no                     ; 1         ; no              ; no         ; no            ; no       ; Off          ; 3.3-V LVTTL  ; 16mA             ; Off         ; --                        ; no                         ; no                          ; 0                   ; Off                         ; User                 ; -                    ; -                   ;
; VGA_BLANK_N ; AK22  ; 4A       ; 68           ; 0            ; 51           ; no              ; no                     ; 1         ; no              ; no         ; no            ; no       ; Off          ; 3.3-V LVTTL  ; 16mA             ; Off         ; --                        ; no                         ; no                          ; 0                   ; Off                         ; User                 ; -                    ; -                   ;
; VGA_B[0]    ; AJ21  ; 4A       ; 62           ; 0            ; 51           ; no              ; no                     ; 1         ; no              ; no         ; no            ; no       ; Off          ; 3.3-V LVTTL  ; 16mA             ; Off         ; --                        ; no                         ; no                          ; 0                   ; Off                         ; User                 ; -                    ; -                   ;
; VGA_B[1]    ; AJ20  ; 4A       ; 62           ; 0            ; 34           ; no              ; no                     ; 1         ; no              ; no         ; no            ; no       ; Off          ; 3.3-V LVTTL  ; 16mA             ; Off         ; --                        ; no                         ; no                          ; 0                   ; Off                         ; User                 ; -                    ; -                   ;
; VGA_B[2]    ; AH20  ; 4A       ; 54           ; 0            ; 17           ; no              ; no                     ; 1         ; no              ; no         ; no            ; no       ; Off          ; 3.3-V LVTTL  ; 16mA             ; Off         ; --                        ; no                         ; no                          ; 0                   ; Off                         ; User                 ; -                    ; -                   ;
; VGA_B[3]    ; AJ19  ; 4A       ; 60           ; 0            ; 34           ; no              ; no                     ; 1         ; no              ; no         ; no            ; no       ; Off          ; 3.3-V LVTTL  ; 16mA             ; Off         ; --                        ; no                         ; no                          ; 0                   ; Off                         ; User                 ; -                    ; -                   ;
; VGA_B[4]    ; AH19  ; 4A       ; 58           ; 0            ; 91           ; no              ; no                     ; 1         ; no              ; no         ; no            ; no       ; Off          ; 3.3-V LVTTL  ; 16mA             ; Off         ; --                        ; no                         ; no                          ; 0                   ; Off                         ; User                 ; -                    ; -                   ;
; VGA_B[5]    ; AJ17  ; 4A       ; 58           ; 0            ; 40           ; no              ; no                     ; 1         ; no              ; no         ; no            ; no       ; Off          ; 3.3-V LVTTL  ; 16mA             ; Off         ; --                        ; no                         ; no                          ; 0                   ; Off                         ; User                 ; -                    ; -                   ;
; VGA_B[6]    ; AJ16  ; 4A       ; 54           ; 0            ; 34           ; no              ; no                     ; 1         ; no              ; no         ; no            ; no       ; Off          ; 3.3-V LVTTL  ; 16mA             ; Off         ; --                        ; no                         ; no                          ; 0                   ; Off                         ; User                 ; -                    ; -                   ;
; VGA_B[7]    ; AK16  ; 4A       ; 54           ; 0            ; 51           ; no              ; no                     ; 1         ; no              ; no         ; no            ; no       ; Off          ; 3.3-V LVTTL  ; 16mA             ; Off         ; --                        ; no                         ; no                          ; 0                   ; Off                         ; User                 ; -                    ; -                   ;
; VGA_CLK     ; AK21  ; 4A       ; 68           ; 0            ; 34           ; no              ; no                     ; 1         ; no              ; no         ; no            ; no       ; Off          ; 3.3-V LVTTL  ; 16mA             ; Off         ; --                        ; no                         ; no                          ; 0                   ; Off                         ; User                 ; -                    ; -                   ;
; VGA_G[0]    ; AK26  ; 4A       ; 76           ; 0            ; 51           ; no              ; no                     ; 1         ; no              ; no         ; no            ; no       ; Off          ; 3.3-V LVTTL  ; 16mA             ; Off         ; --                        ; no                         ; no                          ; 0                   ; Off                         ; User                 ; -                    ; -                   ;
; VGA_G[1]    ; AJ25  ; 4A       ; 74           ; 0            ; 91           ; no              ; no                     ; 1         ; no              ; no         ; no            ; no       ; Off          ; 3.3-V LVTTL  ; 16mA             ; Off         ; --                        ; no                         ; no                          ; 0                   ; Off                         ; User                 ; -                    ; -                   ;
; VGA_G[2]    ; AH25  ; 4A       ; 78           ; 0            ; 51           ; no              ; no                     ; 1         ; no              ; no         ; no            ; no       ; Off          ; 3.3-V LVTTL  ; 16mA             ; Off         ; --                        ; no                         ; no                          ; 0                   ; Off                         ; User                 ; -                    ; -                   ;
; VGA_G[3]    ; AK24  ; 4A       ; 72           ; 0            ; 51           ; no              ; no                     ; 1         ; no              ; no         ; no            ; no       ; Off          ; 3.3-V LVTTL  ; 16mA             ; Off         ; --                        ; no                         ; no                          ; 0                   ; Off                         ; User                 ; -                    ; -                   ;
; VGA_G[4]    ; AJ24  ; 4A       ; 74           ; 0            ; 74           ; no              ; no                     ; 1         ; no              ; no         ; no            ; no       ; Off          ; 3.3-V LVTTL  ; 16mA             ; Off         ; --                        ; no                         ; no                          ; 0                   ; Off                         ; User                 ; -                    ; -                   ;
; VGA_G[5]    ; AH24  ; 4A       ; 64           ; 0            ; 51           ; no              ; no                     ; 1         ; no              ; no         ; no            ; no       ; Off          ; 3.3-V LVTTL  ; 16mA             ; Off         ; --                        ; no                         ; no                          ; 0                   ; Off                         ; User                 ; -                    ; -                   ;
; VGA_G[6]    ; AK23  ; 4A       ; 72           ; 0            ; 34           ; no              ; no                     ; 1         ; no              ; no         ; no            ; no       ; Off          ; 3.3-V LVTTL  ; 16mA             ; Off         ; --                        ; no                         ; no                          ; 0                   ; Off                         ; User                 ; -                    ; -                   ;
; VGA_G[7]    ; AH23  ; 4A       ; 70           ; 0            ; 34           ; no              ; no                     ; 1         ; no              ; no         ; no            ; no       ; Off          ; 3.3-V LVTTL  ; 16mA             ; Off         ; --                        ; no                         ; no                          ; 0                   ; Off                         ; User                 ; -                    ; -                   ;
; VGA_HS      ; AK19  ; 4A       ; 60           ; 0            ; 51           ; no              ; no                     ; 1         ; no              ; no         ; no            ; no       ; Off          ; 3.3-V LVTTL  ; 16mA             ; Off         ; --                        ; no                         ; no                          ; 0                   ; Off                         ; User                 ; -                    ; -                   ;
; VGA_R[0]    ; AK29  ; 4A       ; 82           ; 0            ; 91           ; no              ; no                     ; 1         ; no              ; no         ; no            ; no       ; Off          ; 3.3-V LVTTL  ; 16mA             ; Off         ; --                        ; no                         ; no                          ; 0                   ; Off                         ; User                 ; -                    ; -                   ;
; VGA_R[1]    ; AK28  ; 4A       ; 82           ; 0            ; 74           ; no              ; no                     ; 1         ; no              ; no         ; no            ; no       ; Off          ; 3.3-V LVTTL  ; 16mA             ; Off         ; --                        ; no                         ; no                          ; 0                   ; Off                         ; User                 ; -                    ; -                   ;
; VGA_R[2]    ; AK27  ; 4A       ; 80           ; 0            ; 51           ; no              ; no                     ; 1         ; no              ; no         ; no            ; no       ; Off          ; 3.3-V LVTTL  ; 16mA             ; Off         ; --                        ; no                         ; no                          ; 0                   ; Off                         ; User                 ; -                    ; -                   ;
; VGA_R[3]    ; AJ27  ; 4A       ; 80           ; 0            ; 34           ; no              ; no                     ; 1         ; no              ; no         ; no            ; no       ; Off          ; 3.3-V LVTTL  ; 16mA             ; Off         ; --                        ; no                         ; no                          ; 0                   ; Off                         ; User                 ; -                    ; -                   ;
; VGA_R[4]    ; AH27  ; 4A       ; 84           ; 0            ; 51           ; no              ; no                     ; 1         ; no              ; no         ; no            ; no       ; Off          ; 3.3-V LVTTL  ; 16mA             ; Off         ; --                        ; no                         ; no                          ; 0                   ; Off                         ; User                 ; -                    ; -                   ;
; VGA_R[5]    ; AF26  ; 4A       ; 86           ; 0            ; 51           ; no              ; no                     ; 1         ; no              ; no         ; no            ; no       ; Off          ; 3.3-V LVTTL  ; 16mA             ; Off         ; --                        ; no                         ; no                          ; 0                   ; Off                         ; User                 ; -                    ; -                   ;
; VGA_R[6]    ; AG26  ; 4A       ; 84           ; 0            ; 34           ; no              ; no                     ; 1         ; no              ; no         ; no            ; no       ; Off          ; 3.3-V LVTTL  ; 16mA             ; Off         ; --                        ; no                         ; no                          ; 0                   ; Off                         ; User                 ; -                    ; -                   ;
; VGA_R[7]    ; AJ26  ; 4A       ; 76           ; 0            ; 34           ; no              ; no                     ; 1         ; no              ; no         ; no            ; no       ; Off          ; 3.3-V LVTTL  ; 16mA             ; Off         ; --                        ; no                         ; no                          ; 0                   ; Off                         ; User                 ; -                    ; -                   ;
; VGA_SYNC_N  ; AJ22  ; 4A       ; 70           ; 0            ; 51           ; no              ; no                     ; 1         ; no              ; no         ; no            ; no       ; Off          ; 3.3-V LVTTL  ; 16mA             ; Off         ; --                        ; no                         ; no                          ; 0                   ; Off                         ; User                 ; -                    ; -                   ;
; VGA_VS      ; AK18  ; 4A       ; 58           ; 0            ; 57           ; no              ; no                     ; 1         ; no              ; no         ; no            ; no       ; Off          ; 3.3-V LVTTL  ; 16mA             ; Off         ; --                        ; no                         ; no                          ; 0                   ; Off                         ; User                 ; -                    ; -                   ;
; ack         ; AD7   ; 3A       ; 6            ; 0            ; 0            ; no              ; no                     ; 1         ; no              ; no         ; no            ; no       ; Off          ; 3.3-V LVTTL  ; 16mA             ; Off         ; --                        ; no                         ; no                          ; 0                   ; Off                         ; User                 ; -                    ; -                   ;
+-------------+-------+----------+--------------+--------------+--------------+-----------------+------------------------+-----------+-----------------+------------+---------------+----------+--------------+--------------+------------------+-------------+---------------------------+----------------------------+-----------------------------+---------------------+-----------------------------+----------------------+----------------------+---------------------+


+----------------------------------------------------------------------------+
; I/O Bank Usage                                                             ;
+----------+------------------+---------------+--------------+---------------+
; I/O Bank ; Usage            ; VCCIO Voltage ; VREF Voltage ; VCCPD Voltage ;
+----------+------------------+---------------+--------------+---------------+
; B2L      ; 0 / 14 ( 0 % )   ; --            ; --           ; --            ;
; B1L      ; 0 / 14 ( 0 % )   ; --            ; --           ; --            ;
; B0L      ; 0 / 14 ( 0 % )   ; --            ; --           ; --            ;
; 3A       ; 5 / 32 ( 16 % )  ; 3.3V          ; --           ; 3.3V          ;
; 3B       ; 5 / 48 ( 10 % )  ; 3.3V          ; --           ; 3.3V          ;
; 4A       ; 64 / 80 ( 80 % ) ; 3.3V          ; --           ; 3.3V          ;
; 5A       ; 0 / 32 ( 0 % )   ; 2.5V          ; --           ; 2.5V          ;
; 5B       ; 0 / 16 ( 0 % )   ; 2.5V          ; --           ; 2.5V          ;
; 6B       ; 0 / 44 ( 0 % )   ; 2.5V          ; --           ; 2.5V          ;
; 6A       ; 0 / 56 ( 0 % )   ; 2.5V          ; --           ; 2.5V          ;
; 7A       ; 0 / 19 ( 0 % )   ; 2.5V          ; --           ; 2.5V          ;
; 7B       ; 0 / 22 ( 0 % )   ; 2.5V          ; --           ; 2.5V          ;
; 7C       ; 0 / 12 ( 0 % )   ; 2.5V          ; --           ; 2.5V          ;
; 7D       ; 0 / 14 ( 0 % )   ; 2.5V          ; --           ; 2.5V          ;
; 8A       ; 0 / 80 ( 0 % )   ; 2.5V          ; --           ; 2.5V          ;
+----------+------------------+---------------+--------------+---------------+


+-----------------------------------------------------------------------------------------------------------------------------------------------------------------------------------+
; All Package Pins                                                                                                                                                                  ;
+----------+------------+----------------+---------------------------------+--------+--------------+---------------------+--------------+-----------------+----------+--------------+
; Location ; Pad Number ; I/O Bank       ; Pin Name/Usage                  ; Dir.   ; I/O Standard ; Voltage             ; I/O Type     ; User Assignment ; Bus Hold ; Weak Pull Up ;
+----------+------------+----------------+---------------------------------+--------+--------------+---------------------+--------------+-----------------+----------+--------------+
; A2       ;            ;                ; GND                             ; gnd    ;              ;                     ; --           ;                 ; --       ; --           ;
; A3       ; 493        ; 8A             ; RESERVED_INPUT_WITH_WEAK_PULLUP ;        ;              ;                     ; Column I/O   ;                 ; no       ; On           ;
; A4       ; 491        ; 8A             ; RESERVED_INPUT_WITH_WEAK_PULLUP ;        ;              ;                     ; Column I/O   ;                 ; no       ; On           ;
; A5       ; 489        ; 8A             ; RESERVED_INPUT_WITH_WEAK_PULLUP ;        ;              ;                     ; Column I/O   ;                 ; no       ; On           ;
; A6       ; 487        ; 8A             ; RESERVED_INPUT_WITH_WEAK_PULLUP ;        ;              ;                     ; Column I/O   ;                 ; no       ; On           ;
; A7       ;            ; 8A             ; VCCIO8A                         ; power  ;              ; 2.5V                ; --           ;                 ; --       ; --           ;
; A8       ; 473        ; 8A             ; RESERVED_INPUT_WITH_WEAK_PULLUP ;        ;              ;                     ; Column I/O   ;                 ; no       ; On           ;
; A9       ; 471        ; 8A             ; RESERVED_INPUT_WITH_WEAK_PULLUP ;        ;              ;                     ; Column I/O   ;                 ; no       ; On           ;
; A10      ; 465        ; 8A             ; RESERVED_INPUT_WITH_WEAK_PULLUP ;        ;              ;                     ; Column I/O   ;                 ; no       ; On           ;
; A11      ; 463        ; 8A             ; RESERVED_INPUT_WITH_WEAK_PULLUP ;        ;              ;                     ; Column I/O   ;                 ; no       ; On           ;
; A12      ;            ;                ; GND                             ; gnd    ;              ;                     ; --           ;                 ; --       ; --           ;
; A13      ; 461        ; 8A             ; RESERVED_INPUT_WITH_WEAK_PULLUP ;        ;              ;                     ; Column I/O   ;                 ; no       ; On           ;
; A14      ; 455        ; 7D             ; RESERVED_INPUT_WITH_WEAK_PULLUP ;        ;              ;                     ; Column I/O   ;                 ; no       ; On           ;
; A15      ; 447        ; 7D             ; RESERVED_INPUT_WITH_WEAK_PULLUP ;        ;              ;                     ; Column I/O   ;                 ; no       ; On           ;
; A16      ; 439        ; 7C             ; RESERVED_INPUT_WITH_WEAK_PULLUP ;        ;              ;                     ; Column I/O   ;                 ; no       ; On           ;
; A17      ;            ;                ; GND                             ; gnd    ;              ;                     ; --           ;                 ; --       ; --           ;
; A18      ; 425        ; 7B             ; RESERVED_INPUT_WITH_WEAK_PULLUP ;        ;              ;                     ; Column I/O   ;                 ; no       ; On           ;
; A19      ; 423        ; 7B             ; RESERVED_INPUT_WITH_WEAK_PULLUP ;        ;              ;                     ; Column I/O   ;                 ; no       ; On           ;
; A20      ; 415        ; 7B             ; RESERVED_INPUT_WITH_WEAK_PULLUP ;        ;              ;                     ; Column I/O   ;                 ; no       ; On           ;
; A21      ; 411        ; 7B             ; RESERVED_INPUT_WITH_WEAK_PULLUP ;        ;              ;                     ; Column I/O   ;                 ; no       ; On           ;
; A22      ;            ;                ; GND                             ; gnd    ;              ;                     ; --           ;                 ; --       ; --           ;
; A23      ; 395        ; 7A             ; RESERVED_INPUT_WITH_WEAK_PULLUP ;        ;              ;                     ; Column I/O   ;                 ; no       ; On           ;
; A24      ; 391        ; 7A             ; RESERVED_INPUT_WITH_WEAK_PULLUP ;        ;              ;                     ; Column I/O   ;                 ; no       ; On           ;
; A25      ; 389        ; 7A             ; RESERVED_INPUT_WITH_WEAK_PULLUP ;        ;              ;                     ; Column I/O   ;                 ; no       ; On           ;
; A26      ; 382        ; 7A             ; ^GND                            ;        ;              ;                     ; --           ;                 ; --       ; --           ;
; A27      ;            ;                ; GND                             ; gnd    ;              ;                     ; --           ;                 ; --       ; --           ;
; A28      ; 380        ; 7A             ; ^HPS_TRST                       ;        ;              ;                     ; --           ;                 ; --       ; --           ;
; A29      ; 378        ; 7A             ; ^HPS_TMS                        ;        ;              ;                     ; --           ;                 ; --       ; --           ;
; AA1      ; 31         ; B0L            ; GND                             ;        ;              ;                     ; --           ;                 ; --       ; --           ;
; AA2      ; 30         ; B0L            ; GND                             ;        ;              ;                     ; --           ;                 ; --       ; --           ;
; AA3      ;            ;                ; GND                             ; gnd    ;              ;                     ; --           ;                 ; --       ; --           ;
; AA4      ;            ;                ; GND                             ; gnd    ;              ;                     ; --           ;                 ; --       ; --           ;
; AA5      ;            ; --             ; VCCE_GXBL                       ; power  ;              ; 1.1V                ; --           ;                 ; --       ; --           ;
; AA6      ;            ;                ; GND                             ; gnd    ;              ;                     ; --           ;                 ; --       ; --           ;
; AA7      ;            ;                ; DNU                             ;        ;              ;                     ; --           ;                 ; --       ; --           ;
; AA8      ;            ; --             ; VCCA_FPLL                       ; power  ;              ; 2.5V                ; --           ;                 ; --       ; --           ;
; AA9      ;            ;                ; GND                             ; gnd    ;              ;                     ; --           ;                 ; --       ; --           ;
; AA10     ;            ; 3A             ; VCCPD3A                         ; power  ;              ; 3.3V                ; --           ;                 ; --       ; --           ;
; AA11     ;            ;                ; GND                             ; gnd    ;              ;                     ; --           ;                 ; --       ; --           ;
; AA12     ; 74         ; 3A             ; req                             ; input  ; 3.3-V LVTTL  ;                     ; Column I/O   ; Y               ; no       ; Off          ;
; AA13     ; 90         ; 3B             ; RESERVED_INPUT_WITH_WEAK_PULLUP ;        ;              ;                     ; Column I/O   ;                 ; no       ; On           ;
; AA14     ; 122        ; 3B             ; KEY[1]                          ; input  ; 2.5 V        ;                     ; Column I/O   ; Y               ; no       ; Off          ;
; AA15     ; 120        ; 3B             ; KEY[0]                          ; input  ; 2.5 V        ;                     ; Column I/O   ; Y               ; no       ; Off          ;
; AA16     ; 146        ; 4A             ; RESERVED_INPUT_WITH_WEAK_PULLUP ;        ;              ;                     ; Column I/O   ;                 ; no       ; On           ;
; AA17     ;            ; 4A             ; VCCIO4A                         ; power  ;              ; 3.3V                ; --           ;                 ; --       ; --           ;
; AA18     ; 168        ; 4A             ; HEX2[4]                         ; output ; 3.3-V LVTTL  ;                     ; Column I/O   ; Y               ; no       ; Off          ;
; AA19     ; 176        ; 4A             ; HEX3[1]                         ; output ; 3.3-V LVTTL  ;                     ; Column I/O   ; Y               ; no       ; Off          ;
; AA20     ; 200        ; 4A             ; HEX3[3]                         ; output ; 3.3-V LVTTL  ;                     ; Column I/O   ; Y               ; no       ; Off          ;
; AA21     ; 210        ; 4A             ; HEX2[6]                         ; output ; 3.3-V LVTTL  ;                     ; Column I/O   ; Y               ; no       ; Off          ;
; AA22     ;            ;                ; GND                             ; gnd    ;              ;                     ; --           ;                 ; --       ; --           ;
; AA23     ;            ; --             ; VCCPGM                          ; power  ;              ; 1.8V/2.5V/3.0V/3.3V ; --           ;                 ; --       ; --           ;
; AA24     ; 228        ; 5A             ; RESERVED_INPUT_WITH_WEAK_PULLUP ;        ;              ;                     ; Row I/O      ;                 ; no       ; On           ;
; AA25     ; 224        ; 5A             ; RESERVED_INPUT_WITH_WEAK_PULLUP ;        ;              ;                     ; Row I/O      ;                 ; no       ; On           ;
; AA26     ; 252        ; 5B             ; RESERVED_INPUT_WITH_WEAK_PULLUP ;        ;              ;                     ; Row I/O      ;                 ; no       ; On           ;
; AA27     ;            ; 5B             ; VCCIO5B                         ; power  ;              ; 2.5V                ; --           ;                 ; --       ; --           ;
; AA28     ; 251        ; 5B             ; RESERVED_INPUT_WITH_WEAK_PULLUP ;        ;              ;                     ; Row I/O      ;                 ; no       ; On           ;
; AA29     ;            ; 5B             ; VREFB5BN0                       ; power  ;              ;                     ; --           ;                 ; --       ; --           ;
; AA30     ; 250        ; 5B             ; RESERVED_INPUT_WITH_WEAK_PULLUP ;        ;              ;                     ; Row I/O      ;                 ; no       ; On           ;
; AB1      ;            ;                ; GND                             ; gnd    ;              ;                     ; --           ;                 ; --       ; --           ;
; AB2      ;            ;                ; GND                             ; gnd    ;              ;                     ; --           ;                 ; --       ; --           ;
; AB3      ; 32         ; B0L            ; GXB_NC                          ;        ;              ;                     ; --           ;                 ; --       ; --           ;
; AB4      ; 33         ; B0L            ; GXB_NC                          ;        ;              ;                     ; --           ;                 ; --       ; --           ;
; AB5      ;            ;                ; GND                             ; gnd    ;              ;                     ; --           ;                 ; --       ; --           ;
; AB6      ;            ; --             ; VCCH_GXBL                       ; power  ;              ; 2.5V                ; --           ;                 ; --       ; --           ;
; AB7      ;            ;                ; GND                             ; gnd    ;              ;                     ; --           ;                 ; --       ; --           ;
; AB8      ; 43         ; 3A             ; ^nCSO, DATA4                    ;        ;              ;                     ; Weak Pull Up ;                 ; --       ; On           ;
; AB9      ; 42         ; 3A             ; #TDO                            ; output ;              ;                     ; --           ;                 ; --       ; --           ;
; AB10     ;            ; --             ; VCCPGM                          ; power  ;              ; 1.8V/2.5V/3.0V/3.3V ; --           ;                 ; --       ; --           ;
; AB11     ;            ; --             ; VCC_AUX                         ; power  ;              ; 2.5V                ; --           ;                 ; --       ; --           ;
; AB12     ; 72         ; 3A             ; RESERVED_INPUT_WITH_WEAK_PULLUP ;        ;              ;                     ; Column I/O   ;                 ; no       ; On           ;
; AB13     ; 88         ; 3B             ; RESERVED_INPUT_WITH_WEAK_PULLUP ;        ;              ;                     ; Column I/O   ;                 ; no       ; On           ;
; AB14     ;            ; 3B             ; VCCIO3B                         ; power  ;              ; 3.3V                ; --           ;                 ; --       ; --           ;
; AB15     ; 106        ; 3B             ; RESERVED_INPUT_WITH_WEAK_PULLUP ;        ;              ;                     ; Column I/O   ;                 ; no       ; On           ;
; AB16     ;            ; --             ; VCC_AUX                         ; power  ;              ; 2.5V                ; --           ;                 ; --       ; --           ;
; AB17     ; 144        ; 4A             ; HEX2[5]                         ; output ; 3.3-V LVTTL  ;                     ; Column I/O   ; Y               ; no       ; Off          ;
; AB18     ;            ; 3B, 4A         ; VCCPD3B4A                       ; power  ;              ; 3.3V                ; --           ;                 ; --       ; --           ;
; AB19     ;            ;                ; GND                             ; gnd    ;              ;                     ; --           ;                 ; --       ; --           ;
; AB20     ;            ; 3B, 4A         ; VCCPD3B4A                       ; power  ;              ; 3.3V                ; --           ;                 ; --       ; --           ;
; AB21     ; 208        ; 4A             ; RESERVED_INPUT_WITH_WEAK_PULLUP ;        ;              ;                     ; Column I/O   ;                 ; no       ; On           ;
; AB22     ; 225        ; 5A             ; RESERVED_INPUT_WITH_WEAK_PULLUP ;        ;              ;                     ; Row I/O      ;                 ; no       ; On           ;
; AB23     ; 227        ; 5A             ; RESERVED_INPUT_WITH_WEAK_PULLUP ;        ;              ;                     ; Row I/O      ;                 ; no       ; On           ;
; AB24     ;            ; 5A             ; VCCIO5A                         ; power  ;              ; 2.5V                ; --           ;                 ; --       ; --           ;
; AB25     ; 230        ; 5A             ; RESERVED_INPUT_WITH_WEAK_PULLUP ;        ;              ;                     ; Row I/O      ;                 ; no       ; On           ;
; AB26     ; 226        ; 5A             ; RESERVED_INPUT_WITH_WEAK_PULLUP ;        ;              ;                     ; Row I/O      ;                 ; no       ; On           ;
; AB27     ; 254        ; 5B             ; RESERVED_INPUT_WITH_WEAK_PULLUP ;        ;              ;                     ; Row I/O      ;                 ; no       ; On           ;
; AB28     ; 249        ; 5B             ; RESERVED_INPUT_WITH_WEAK_PULLUP ;        ;              ;                     ; Row I/O      ;                 ; no       ; On           ;
; AB29     ;            ;                ; GND                             ; gnd    ;              ;                     ; --           ;                 ; --       ; --           ;
; AB30     ; 248        ; 5B             ; RESERVED_INPUT_WITH_WEAK_PULLUP ;        ;              ;                     ; Row I/O      ;                 ; no       ; On           ;
; AC1      ; 35         ; B0L            ; GND                             ;        ;              ;                     ; --           ;                 ; --       ; --           ;
; AC2      ; 34         ; B0L            ; GND                             ;        ;              ;                     ; --           ;                 ; --       ; --           ;
; AC3      ;            ;                ; GND                             ; gnd    ;              ;                     ; --           ;                 ; --       ; --           ;
; AC4      ;            ;                ; GND                             ; gnd    ;              ;                     ; --           ;                 ; --       ; --           ;
; AC5      ; 46         ; 3A             ; #TCK                            ; input  ;              ;                     ; --           ;                 ; --       ; --           ;
; AC6      ;            ;                ; GND                             ; gnd    ;              ;                     ; --           ;                 ; --       ; --           ;
; AC7      ; 45         ; 3A             ; ^AS_DATA3, DATA3                ;        ;              ;                     ; Weak Pull Up ;                 ; --       ; On           ;
; AC8      ;            ;                ; GND                             ; gnd    ;              ;                     ; --           ;                 ; --       ; --           ;
; AC9      ; 58         ; 3A             ; RESERVED_INPUT_WITH_WEAK_PULLUP ;        ;              ;                     ; Column I/O   ;                 ; no       ; On           ;
; AC10     ;            ; 3A             ; VCCPD3A                         ; power  ;              ; 3.3V                ; --           ;                 ; --       ; --           ;
; AC11     ;            ; 3A             ; VCCIO3A                         ; power  ;              ; 3.3V                ; --           ;                 ; --       ; --           ;
; AC12     ; 82         ; 3A             ; mosi                            ; input  ; 3.3-V LVTTL  ;                     ; Column I/O   ; Y               ; no       ; Off          ;
; AC13     ;            ; 3B, 4A         ; VCCPD3B4A                       ; power  ;              ; 3.3V                ; --           ;                 ; --       ; --           ;
; AC14     ; 104        ; 3B             ; RESERVED_INPUT_WITH_WEAK_PULLUP ;        ;              ;                     ; Column I/O   ;                 ; no       ; On           ;
; AC15     ;            ; 3B, 4A         ; VCCPD3B4A                       ; power  ;              ; 3.3V                ; --           ;                 ; --       ; --           ;
; AC16     ;            ;                ; GND                             ; gnd    ;              ;                     ; --           ;                 ; --       ; --           ;
; AC17     ;            ; 3B, 4A         ; VCCPD3B4A                       ; power  ;              ; 3.3V                ; --           ;                 ; --       ; --           ;
; AC18     ; 162        ; 4A             ; RESERVED_INPUT_WITH_WEAK_PULLUP ;        ;              ;                     ; Column I/O   ;                 ; no       ; On           ;
; AC19     ;            ; 3B, 4A         ; VCCPD3B4A                       ; power  ;              ; 3.3V                ; --           ;                 ; --       ; --           ;
; AC20     ; 186        ; 4A             ; HEX3[2]                         ; output ; 3.3-V LVTTL  ;                     ; Column I/O   ; Y               ; no       ; Off          ;
; AC21     ;            ; 4A             ; VCCIO4A                         ; power  ;              ; 3.3V                ; --           ;                 ; --       ; --           ;
; AC22     ; 207        ; 4A             ; RESERVED_INPUT_WITH_WEAK_PULLUP ;        ;              ;                     ; Column I/O   ;                 ; no       ; On           ;
; AC23     ; 205        ; 4A             ; RESERVED_INPUT_WITH_WEAK_PULLUP ;        ;              ;                     ; Column I/O   ;                 ; no       ; On           ;
; AC24     ;            ; 5A             ; VREFB5AN0                       ; power  ;              ;                     ; --           ;                 ; --       ; --           ;
; AC25     ; 215        ; 5A             ; RESERVED_INPUT_WITH_WEAK_PULLUP ;        ;              ;                     ; Row I/O      ;                 ; no       ; On           ;
; AC26     ;            ;                ; GND                             ; gnd    ;              ;                     ; --           ;                 ; --       ; --           ;
; AC27     ; 242        ; 5A             ; RESERVED_INPUT_WITH_WEAK_PULLUP ;        ;              ;                     ; Row I/O      ;                 ; no       ; On           ;
; AC28     ; 245        ; 5B             ; RESERVED_INPUT_WITH_WEAK_PULLUP ;        ;              ;                     ; Row I/O      ;                 ; no       ; On           ;
; AC29     ; 247        ; 5B             ; RESERVED_INPUT_WITH_WEAK_PULLUP ;        ;              ;                     ; Row I/O      ;                 ; no       ; On           ;
; AC30     ; 259        ; 5B             ; RESERVED_INPUT_WITH_WEAK_PULLUP ;        ;              ;                     ; Row I/O      ;                 ; no       ; On           ;
; AD1      ;            ;                ; GND                             ; gnd    ;              ;                     ; --           ;                 ; --       ; --           ;
; AD2      ;            ;                ; GND                             ; gnd    ;              ;                     ; --           ;                 ; --       ; --           ;
; AD3      ; 36         ; B0L            ; GXB_NC                          ;        ;              ;                     ; --           ;                 ; --       ; --           ;
; AD4      ; 37         ; B0L            ; GXB_NC                          ;        ;              ;                     ; --           ;                 ; --       ; --           ;
; AD5      ;            ;                ; GND                             ; gnd    ;              ;                     ; --           ;                 ; --       ; --           ;
; AD6      ;            ; 3A             ; VREFB3AN0                       ; power  ;              ;                     ; --           ;                 ; --       ; --           ;
; AD7      ; 62         ; 3A             ; ack                             ; output ; 3.3-V LVTTL  ;                     ; Column I/O   ; Y               ; no       ; Off          ;
; AD8      ;            ; 3A             ; VCCIO3A                         ; power  ;              ; 3.3V                ; --           ;                 ; --       ; --           ;
; AD9      ; 55         ; 3A             ; RESERVED_INPUT_WITH_WEAK_PULLUP ;        ;              ;                     ; Column I/O   ;                 ; no       ; On           ;
; AD10     ; 56         ; 3A             ; ss                              ; input  ; 2.5 V        ;                     ; Column I/O   ; Y               ; no       ; Off          ;
; AD11     ; 54         ; 3A             ; RESERVED_INPUT_WITH_WEAK_PULLUP ;        ;              ;                     ; Column I/O   ;                 ; no       ; On           ;
; AD12     ; 80         ; 3A             ; sck                             ; input  ; 3.3-V LVTTL  ;                     ; Column I/O   ; Y               ; no       ; Off          ;
; AD13     ;            ; 3B             ; VCCIO3B                         ; power  ;              ; 3.3V                ; --           ;                 ; --       ; --           ;
; AD14     ; 98         ; 3B             ; RESERVED_INPUT_WITH_WEAK_PULLUP ;        ;              ;                     ; Column I/O   ;                 ; no       ; On           ;
; AD15     ;            ;                ; DNU                             ;        ;              ;                     ; --           ;                 ; --       ; --           ;
; AD16     ;            ; 3B, 4A         ; VCCPD3B4A                       ; power  ;              ; 3.3V                ; --           ;                 ; --       ; --           ;
; AD17     ; 160        ; 4A             ; HEX1[3]                         ; output ; 3.3-V LVTTL  ;                     ; Column I/O   ; Y               ; no       ; Off          ;
; AD18     ;            ; 4A             ; VCCIO4A                         ; power  ;              ; 3.3V                ; --           ;                 ; --       ; --           ;
; AD19     ; 184        ; 4A             ; HEX3[4]                         ; output ; 3.3-V LVTTL  ;                     ; Column I/O   ; Y               ; no       ; Off          ;
; AD20     ; 199        ; 4A             ; HEX3[0]                         ; output ; 3.3-V LVTTL  ;                     ; Column I/O   ; Y               ; no       ; Off          ;
; AD21     ; 197        ; 4A             ; HEX4[6]                         ; output ; 3.3-V LVTTL  ;                     ; Column I/O   ; Y               ; no       ; Off          ;
; AD22     ;            ; --             ; VCC_AUX                         ; power  ;              ; 2.5V                ; --           ;                 ; --       ; --           ;
; AD23     ;            ;                ; GND                             ; gnd    ;              ;                     ; --           ;                 ; --       ; --           ;
; AD24     ; 211        ; 4A             ; RESERVED_INPUT_WITH_WEAK_PULLUP ;        ;              ;                     ; Column I/O   ;                 ; no       ; On           ;
; AD25     ; 213        ; 5A             ; RESERVED_INPUT_WITH_WEAK_PULLUP ;        ;              ;                     ; Row I/O      ;                 ; no       ; On           ;
; AD26     ; 240        ; 5A             ; RESERVED_INPUT_WITH_WEAK_PULLUP ;        ;              ;                     ; Row I/O      ;                 ; no       ; On           ;
; AD27     ; 222        ; 5A             ; RESERVED_INPUT_WITH_WEAK_PULLUP ;        ;              ;                     ; Row I/O      ;                 ; no       ; On           ;
; AD28     ;            ; 5A             ; VCCIO5A                         ; power  ;              ; 2.5V                ; --           ;                 ; --       ; --           ;
; AD29     ; 255        ; 5B             ; RESERVED_INPUT_WITH_WEAK_PULLUP ;        ;              ;                     ; Row I/O      ;                 ; no       ; On           ;
; AD30     ; 257        ; 5B             ; RESERVED_INPUT_WITH_WEAK_PULLUP ;        ;              ;                     ; Row I/O      ;                 ; no       ; On           ;
; AE1      ; 39         ; B0L            ; GND                             ;        ;              ;                     ; --           ;                 ; --       ; --           ;
; AE2      ; 38         ; B0L            ; GND                             ;        ;              ;                     ; --           ;                 ; --       ; --           ;
; AE3      ;            ;                ; GND                             ; gnd    ;              ;                     ; --           ;                 ; --       ; --           ;
; AE4      ;            ;                ; GND                             ; gnd    ;              ;                     ; --           ;                 ; --       ; --           ;
; AE5      ; 49         ; 3A             ; ^AS_DATA1, DATA1                ;        ;              ;                     ; Weak Pull Up ;                 ; --       ; On           ;
; AE6      ; 51         ; 3A             ; ^AS_DATA0, ASDO, DATA0          ;        ;              ;                     ; Weak Pull Up ;                 ; --       ; On           ;
; AE7      ; 60         ; 3A             ; RESERVED_INPUT_WITH_WEAK_PULLUP ;        ;              ;                     ; Column I/O   ;                 ; no       ; On           ;
; AE8      ; 47         ; 3A             ; ^AS_DATA2, DATA2                ;        ;              ;                     ; Weak Pull Up ;                 ; --       ; On           ;
; AE9      ; 53         ; 3A             ; RESERVED_INPUT_WITH_WEAK_PULLUP ;        ;              ;                     ; Column I/O   ;                 ; no       ; On           ;
; AE10     ;            ;                ; GND                             ; gnd    ;              ;                     ; --           ;                 ; --       ; --           ;
; AE11     ; 59         ; 3A             ; RESERVED_INPUT_WITH_WEAK_PULLUP ;        ;              ;                     ; Column I/O   ;                 ; no       ; On           ;
; AE12     ; 52         ; 3A             ; RESERVED_INPUT_WITH_WEAK_PULLUP ;        ;              ;                     ; Column I/O   ;                 ; no       ; On           ;
; AE13     ; 95         ; 3B             ; RESERVED_INPUT_WITH_WEAK_PULLUP ;        ;              ;                     ; Column I/O   ;                 ; no       ; On           ;
; AE14     ; 96         ; 3B             ; RESERVED_INPUT_WITH_WEAK_PULLUP ;        ;              ;                     ; Column I/O   ;                 ; no       ; On           ;
; AE15     ;            ; 3B             ; VCCIO3B                         ; power  ;              ; 3.3V                ; --           ;                 ; --       ; --           ;
; AE16     ; 139        ; 4A             ; HEX1[4]                         ; output ; 3.3-V LVTTL  ;                     ; Column I/O   ; Y               ; no       ; Off          ;
; AE17     ; 135        ; 4A             ; HEX1[1]                         ; output ; 3.3-V LVTTL  ;                     ; Column I/O   ; Y               ; no       ; Off          ;
; AE18     ; 167        ; 4A             ; HEX1[2]                         ; output ; 3.3-V LVTTL  ;                     ; Column I/O   ; Y               ; no       ; Off          ;
; AE19     ; 165        ; 4A             ; RESERVED_INPUT_WITH_WEAK_PULLUP ;        ;              ;                     ; Column I/O   ;                 ; no       ; On           ;
; AE20     ;            ;                ; GND                             ; gnd    ;              ;                     ; --           ;                 ; --       ; --           ;
; AE21     ;            ; 3B, 4A         ; VCCPD3B4A                       ; power  ;              ; 3.3V                ; --           ;                 ; --       ; --           ;
; AE22     ; 191        ; 4A             ; HEX4[4]                         ; output ; 3.3-V LVTTL  ;                     ; Column I/O   ; Y               ; no       ; Off          ;
; AE23     ; 189        ; 4A             ; HEX4[3]                         ; output ; 3.3-V LVTTL  ;                     ; Column I/O   ; Y               ; no       ; Off          ;
; AE24     ; 209        ; 4A             ; RESERVED_INPUT_WITH_WEAK_PULLUP ;        ;              ;                     ; Column I/O   ;                 ; no       ; On           ;
; AE25     ;            ; 4A             ; VCCIO4A                         ; power  ;              ; 3.3V                ; --           ;                 ; --       ; --           ;
; AE26     ; 220        ; 5A             ; RESERVED_INPUT_WITH_WEAK_PULLUP ;        ;              ;                     ; Row I/O      ;                 ; no       ; On           ;
; AE27     ; 229        ; 5A             ; RESERVED_INPUT_WITH_WEAK_PULLUP ;        ;              ;                     ; Row I/O      ;                 ; no       ; On           ;
; AE28     ; 231        ; 5A             ; RESERVED_INPUT_WITH_WEAK_PULLUP ;        ;              ;                     ; Row I/O      ;                 ; no       ; On           ;
; AE29     ; 253        ; 5B             ; RESERVED_INPUT_WITH_WEAK_PULLUP ;        ;              ;                     ; Row I/O      ;                 ; no       ; On           ;
; AE30     ;            ; 5B             ; VCCIO5B                         ; power  ;              ; 2.5V                ; --           ;                 ; --       ; --           ;
; AF1      ;            ;                ; GND                             ; gnd    ;              ;                     ; --           ;                 ; --       ; --           ;
; AF2      ;            ;                ; GND                             ; gnd    ;              ;                     ; --           ;                 ; --       ; --           ;
; AF3      ;            ;                ; GND                             ; gnd    ;              ;                     ; --           ;                 ; --       ; --           ;
; AF4      ; 66         ; 3A             ; RESERVED_INPUT_WITH_WEAK_PULLUP ;        ;              ;                     ; Column I/O   ;                 ; no       ; On           ;
; AF5      ; 64         ; 3A             ; RESERVED_INPUT_WITH_WEAK_PULLUP ;        ;              ;                     ; Column I/O   ;                 ; no       ; On           ;
; AF6      ; 75         ; 3A             ; RESERVED_INPUT_WITH_WEAK_PULLUP ;        ;              ;                     ; Column I/O   ;                 ; no       ; On           ;
; AF7      ;            ; 3A             ; VCCIO3A                         ; power  ;              ; 3.3V                ; --           ;                 ; --       ; --           ;
; AF8      ; 70         ; 3A             ; RESERVED_INPUT_WITH_WEAK_PULLUP ;        ;              ;                     ; Column I/O   ;                 ; no       ; On           ;
; AF9      ; 67         ; 3A             ; RESERVED_INPUT_WITH_WEAK_PULLUP ;        ;              ;                     ; Column I/O   ;                 ; no       ; On           ;
; AF10     ; 57         ; 3A             ; RESERVED_INPUT_WITH_WEAK_PULLUP ;        ;              ;                     ; Column I/O   ;                 ; no       ; On           ;
; AF11     ; 87         ; 3B             ; RESERVED_INPUT_WITH_WEAK_PULLUP ;        ;              ;                     ; Column I/O   ;                 ; no       ; On           ;
; AF12     ;            ;                ; GND                             ; gnd    ;              ;                     ; --           ;                 ; --       ; --           ;
; AF13     ; 93         ; 3B             ; RESERVED_INPUT_WITH_WEAK_PULLUP ;        ;              ;                     ; Column I/O   ;                 ; no       ; On           ;
; AF14     ; 114        ; 3B             ; CLOCK_50                        ; input  ; 2.5 V        ;                     ; Column I/O   ; Y               ; no       ; Off          ;
; AF15     ; 112        ; 3B             ; RESERVED_INPUT_WITH_WEAK_PULLUP ;        ;              ;                     ; Column I/O   ;                 ; no       ; On           ;
; AF16     ; 137        ; 4A             ; HEX1[6]                         ; output ; 3.3-V LVTTL  ;                     ; Column I/O   ; Y               ; no       ; Off          ;
; AF17     ;            ;                ; GND                             ; gnd    ;              ;                     ; --           ;                 ; --       ; --           ;
; AF18     ; 133        ; 4A             ; HEX2[1]                         ; output ; 3.3-V LVTTL  ;                     ; Column I/O   ; Y               ; no       ; Off          ;
; AF19     ; 159        ; 4A             ; RESERVED_INPUT_WITH_WEAK_PULLUP ;        ;              ;                     ; Column I/O   ;                 ; no       ; On           ;
; AF20     ; 175        ; 4A             ; RESERVED_INPUT_WITH_WEAK_PULLUP ;        ;              ;                     ; Column I/O   ;                 ; no       ; On           ;
; AF21     ; 173        ; 4A             ; RESERVED_INPUT_WITH_WEAK_PULLUP ;        ;              ;                     ; Column I/O   ;                 ; no       ; On           ;
; AF22     ;            ; 4A             ; VCCIO4A                         ; power  ;              ; 3.3V                ; --           ;                 ; --       ; --           ;
; AF23     ; 183        ; 4A             ; HEX4[1]                         ; output ; 3.3-V LVTTL  ;                     ; Column I/O   ; Y               ; no       ; Off          ;
; AF24     ; 181        ; 4A             ; RESERVED_INPUT_WITH_WEAK_PULLUP ;        ;              ;                     ; Column I/O   ;                 ; no       ; On           ;
; AF25     ; 206        ; 4A             ; RESERVED_INPUT_WITH_WEAK_PULLUP ;        ;              ;                     ; Column I/O   ;                 ; no       ; On           ;
; AF26     ; 204        ; 4A             ; VGA_R[5]                        ; output ; 3.3-V LVTTL  ;                     ; Column I/O   ; Y               ; no       ; Off          ;
; AF27     ;            ;                ; GND                             ; gnd    ;              ;                     ; --           ;                 ; --       ; --           ;
; AF28     ; 235        ; 5A             ; RESERVED_INPUT_WITH_WEAK_PULLUP ;        ;              ;                     ; Row I/O      ;                 ; no       ; On           ;
; AF29     ; 237        ; 5A             ; RESERVED_INPUT_WITH_WEAK_PULLUP ;        ;              ;                     ; Row I/O      ;                 ; no       ; On           ;
; AF30     ; 239        ; 5A             ; RESERVED_INPUT_WITH_WEAK_PULLUP ;        ;              ;                     ; Row I/O      ;                 ; no       ; On           ;
; AG1      ; 71         ; 3A             ; RESERVED_INPUT_WITH_WEAK_PULLUP ;        ;              ;                     ; Column I/O   ;                 ; no       ; On           ;
; AG2      ; 83         ; 3A             ; RESERVED_INPUT_WITH_WEAK_PULLUP ;        ;              ;                     ; Column I/O   ;                 ; no       ; On           ;
; AG3      ; 63         ; 3A             ; RESERVED_INPUT_WITH_WEAK_PULLUP ;        ;              ;                     ; Column I/O   ;                 ; no       ; On           ;
; AG4      ;            ; 3A             ; VCCIO3A                         ; power  ;              ; 3.3V                ; --           ;                 ; --       ; --           ;
; AG5      ; 78         ; 3A             ; RESERVED_INPUT_WITH_WEAK_PULLUP ;        ;              ;                     ; Column I/O   ;                 ; no       ; On           ;
; AG6      ; 73         ; 3A             ; RESERVED_INPUT_WITH_WEAK_PULLUP ;        ;              ;                     ; Column I/O   ;                 ; no       ; On           ;
; AG7      ; 68         ; 3A             ; RESERVED_INPUT_WITH_WEAK_PULLUP ;        ;              ;                     ; Column I/O   ;                 ; no       ; On           ;
; AG8      ; 65         ; 3A             ; RESERVED_INPUT_WITH_WEAK_PULLUP ;        ;              ;                     ; Column I/O   ;                 ; no       ; On           ;
; AG9      ;            ;                ; GND                             ; gnd    ;              ;                     ; --           ;                 ; --       ; --           ;
; AG10     ; 86         ; 3B             ; RESERVED_INPUT_WITH_WEAK_PULLUP ;        ;              ;                     ; Column I/O   ;                 ; no       ; On           ;
; AG11     ; 85         ; 3B             ; RESERVED_INPUT_WITH_WEAK_PULLUP ;        ;              ;                     ; Column I/O   ;                 ; no       ; On           ;
; AG12     ; 103        ; 3B             ; RESERVED_INPUT_WITH_WEAK_PULLUP ;        ;              ;                     ; Column I/O   ;                 ; no       ; On           ;
; AG13     ; 101        ; 3B             ; RESERVED_INPUT_WITH_WEAK_PULLUP ;        ;              ;                     ; Column I/O   ;                 ; no       ; On           ;
; AG14     ;            ;                ; GND                             ; gnd    ;              ;                     ; --           ;                 ; --       ; --           ;
; AG15     ; 127        ; 3B             ; RESERVED_INPUT_WITH_WEAK_PULLUP ;        ;              ;                     ; Column I/O   ;                 ; no       ; On           ;
; AG16     ; 134        ; 4A             ; HEX0[3]                         ; output ; 3.3-V LVTTL  ;                     ; Column I/O   ; Y               ; no       ; Off          ;
; AG17     ; 132        ; 4A             ; HEX0[4]                         ; output ; 3.3-V LVTTL  ;                     ; Column I/O   ; Y               ; no       ; Off          ;
; AG18     ; 150        ; 4A             ; HEX0[1]                         ; output ; 3.3-V LVTTL  ;                     ; Column I/O   ; Y               ; no       ; Off          ;
; AG19     ;            ; 4A             ; VCCIO4A                         ; power  ;              ; 3.3V                ; --           ;                 ; --       ; --           ;
; AG20     ; 157        ; 4A             ; RESERVED_INPUT_WITH_WEAK_PULLUP ;        ;              ;                     ; Column I/O   ;                 ; no       ; On           ;
; AG21     ; 143        ; 4A             ; RESERVED_INPUT_WITH_WEAK_PULLUP ;        ;              ;                     ; Column I/O   ;                 ; no       ; On           ;
; AG22     ; 166        ; 4A             ; HEX4[5]                         ; output ; 3.3-V LVTTL  ;                     ; Column I/O   ; Y               ; no       ; Off          ;
; AG23     ; 163        ; 4A             ; HEX4[2]                         ; output ; 3.3-V LVTTL  ;                     ; Column I/O   ; Y               ; no       ; Off          ;
; AG24     ;            ;                ; GND                             ; gnd    ;              ;                     ; --           ;                 ; --       ; --           ;
; AG25     ; 190        ; 4A             ; RESERVED_INPUT_WITH_WEAK_PULLUP ;        ;              ;                     ; Column I/O   ;                 ; no       ; On           ;
; AG26     ; 203        ; 4A             ; VGA_R[6]                        ; output ; 3.3-V LVTTL  ;                     ; Column I/O   ; Y               ; no       ; Off          ;
; AG27     ; 212        ; 5A             ; RESERVED_INPUT_WITH_WEAK_PULLUP ;        ;              ;                     ; Row I/O      ;                 ; no       ; On           ;
; AG28     ; 233        ; 5A             ; RESERVED_INPUT_WITH_WEAK_PULLUP ;        ;              ;                     ; Row I/O      ;                 ; no       ; On           ;
; AG29     ;            ; 5A             ; VCCIO5A                         ; power  ;              ; 2.5V                ; --           ;                 ; --       ; --           ;
; AG30     ; 243        ; 5A             ; RESERVED_INPUT_WITH_WEAK_PULLUP ;        ;              ;                     ; Row I/O      ;                 ; no       ; On           ;
; AH1      ;            ;                ; GND                             ; gnd    ;              ;                     ; --           ;                 ; --       ; --           ;
; AH2      ; 69         ; 3A             ; RESERVED_INPUT_WITH_WEAK_PULLUP ;        ;              ;                     ; Column I/O   ;                 ; no       ; On           ;
; AH3      ; 81         ; 3A             ; RESERVED_INPUT_WITH_WEAK_PULLUP ;        ;              ;                     ; Column I/O   ;                 ; no       ; On           ;
; AH4      ; 61         ; 3A             ; RESERVED_INPUT_WITH_WEAK_PULLUP ;        ;              ;                     ; Column I/O   ;                 ; no       ; On           ;
; AH5      ; 76         ; 3A             ; RESERVED_INPUT_WITH_WEAK_PULLUP ;        ;              ;                     ; Column I/O   ;                 ; no       ; On           ;
; AH6      ;            ;                ; GND                             ; gnd    ;              ;                     ; --           ;                 ; --       ; --           ;
; AH7      ; 115        ; 3B             ; RESERVED_INPUT_WITH_WEAK_PULLUP ;        ;              ;                     ; Column I/O   ;                 ; no       ; On           ;
; AH8      ; 113        ; 3B             ; RESERVED_INPUT_WITH_WEAK_PULLUP ;        ;              ;                     ; Column I/O   ;                 ; no       ; On           ;
; AH9      ; 84         ; 3B             ; RESERVED_INPUT_WITH_WEAK_PULLUP ;        ;              ;                     ; Column I/O   ;                 ; no       ; On           ;
; AH10     ; 118        ; 3B             ; RESERVED_INPUT_WITH_WEAK_PULLUP ;        ;              ;                     ; Column I/O   ;                 ; no       ; On           ;
; AH11     ;            ;                ; GND                             ; gnd    ;              ;                     ; --           ;                 ; --       ; --           ;
; AH12     ; 126        ; 3B             ; RESERVED_INPUT_WITH_WEAK_PULLUP ;        ;              ;                     ; Column I/O   ;                 ; no       ; On           ;
; AH13     ; 111        ; 3B             ; RESERVED_INPUT_WITH_WEAK_PULLUP ;        ;              ;                     ; Column I/O   ;                 ; no       ; On           ;
; AH14     ; 109        ; 3B             ; RESERVED_INPUT_WITH_WEAK_PULLUP ;        ;              ;                     ; Column I/O   ;                 ; no       ; On           ;
; AH15     ; 125        ; 3B             ; RESERVED_INPUT_WITH_WEAK_PULLUP ;        ;              ;                     ; Column I/O   ;                 ; no       ; On           ;
; AH16     ;            ; 4A             ; VCCIO4A                         ; power  ;              ; 3.3V                ; --           ;                 ; --       ; --           ;
; AH17     ; 147        ; 4A             ; HEX0[2]                         ; output ; 3.3-V LVTTL  ;                     ; Column I/O   ; Y               ; no       ; Off          ;
; AH18     ; 145        ; 4A             ; HEX0[0]                         ; output ; 3.3-V LVTTL  ;                     ; Column I/O   ; Y               ; no       ; Off          ;
; AH19     ; 148        ; 4A             ; VGA_B[4]                        ; output ; 3.3-V LVTTL  ;                     ; Column I/O   ; Y               ; no       ; Off          ;
; AH20     ; 141        ; 4A             ; VGA_B[2]                        ; output ; 3.3-V LVTTL  ;                     ; Column I/O   ; Y               ; no       ; Off          ;
; AH21     ;            ;                ; GND                             ; gnd    ;              ;                     ; --           ;                 ; --       ; --           ;
; AH22     ; 164        ; 4A             ; HEX4[0]                         ; output ; 3.3-V LVTTL  ;                     ; Column I/O   ; Y               ; no       ; Off          ;
; AH23     ; 174        ; 4A             ; VGA_G[7]                        ; output ; 3.3-V LVTTL  ;                     ; Column I/O   ; Y               ; no       ; Off          ;
; AH24     ; 161        ; 4A             ; VGA_G[5]                        ; output ; 3.3-V LVTTL  ;                     ; Column I/O   ; Y               ; no       ; Off          ;
; AH25     ; 188        ; 4A             ; VGA_G[2]                        ; output ; 3.3-V LVTTL  ;                     ; Column I/O   ; Y               ; no       ; Off          ;
; AH26     ;            ; 4A             ; VCCIO4A                         ; power  ;              ; 3.3V                ; --           ;                 ; --       ; --           ;
; AH27     ; 201        ; 4A             ; VGA_R[4]                        ; output ; 3.3-V LVTTL  ;                     ; Column I/O   ; Y               ; no       ; Off          ;
; AH28     ; 214        ; 5A             ; RESERVED_INPUT_WITH_WEAK_PULLUP ;        ;              ;                     ; Row I/O      ;                 ; no       ; On           ;
; AH29     ; 218        ; 5A             ; RESERVED_INPUT_WITH_WEAK_PULLUP ;        ;              ;                     ; Row I/O      ;                 ; no       ; On           ;
; AH30     ; 241        ; 5A             ; RESERVED_INPUT_WITH_WEAK_PULLUP ;        ;              ;                     ; Row I/O      ;                 ; no       ; On           ;
; AJ1      ; 79         ; 3A             ; RESERVED_INPUT_WITH_WEAK_PULLUP ;        ;              ;                     ; Column I/O   ;                 ; no       ; On           ;
; AJ2      ; 77         ; 3A             ; RESERVED_INPUT_WITH_WEAK_PULLUP ;        ;              ;                     ; Column I/O   ;                 ; no       ; On           ;
; AJ3      ;            ;                ; GND                             ; gnd    ;              ;                     ; --           ;                 ; --       ; --           ;
; AJ4      ; 94         ; 3B             ; KEY[3]                          ; input  ; 2.5 V        ;                     ; Column I/O   ; Y               ; no       ; Off          ;
; AJ5      ; 99         ; 3B             ; RESERVED_INPUT_WITH_WEAK_PULLUP ;        ;              ;                     ; Column I/O   ;                 ; no       ; On           ;
; AJ6      ; 102        ; 3B             ; RESERVED_INPUT_WITH_WEAK_PULLUP ;        ;              ;                     ; Column I/O   ;                 ; no       ; On           ;
; AJ7      ; 100        ; 3B             ; RESERVED_INPUT_WITH_WEAK_PULLUP ;        ;              ;                     ; Column I/O   ;                 ; no       ; On           ;
; AJ8      ;            ; 3B             ; VCCIO3B                         ; power  ;              ; 3.3V                ; --           ;                 ; --       ; --           ;
; AJ9      ; 110        ; 3B             ; RESERVED_INPUT_WITH_WEAK_PULLUP ;        ;              ;                     ; Column I/O   ;                 ; no       ; On           ;
; AJ10     ; 116        ; 3B             ; RESERVED_INPUT_WITH_WEAK_PULLUP ;        ;              ;                     ; Column I/O   ;                 ; no       ; On           ;
; AJ11     ; 119        ; 3B             ; RESERVED_INPUT_WITH_WEAK_PULLUP ;        ;              ;                     ; Column I/O   ;                 ; no       ; On           ;
; AJ12     ; 124        ; 3B             ; RESERVED_INPUT_WITH_WEAK_PULLUP ;        ;              ;                     ; Column I/O   ;                 ; no       ; On           ;
; AJ13     ;            ; 3B             ; VCCIO3B                         ; power  ;              ; 3.3V                ; --           ;                 ; --       ; --           ;
; AJ14     ; 131        ; 3B             ; RESERVED_INPUT_WITH_WEAK_PULLUP ;        ;              ;                     ; Column I/O   ;                 ; no       ; On           ;
; AJ15     ;            ; 3B             ; VREFB3BN0                       ; power  ;              ;                     ; --           ;                 ; --       ; --           ;
; AJ16     ; 142        ; 4A             ; VGA_B[6]                        ; output ; 3.3-V LVTTL  ;                     ; Column I/O   ; Y               ; no       ; Off          ;
; AJ17     ; 151        ; 4A             ; VGA_B[5]                        ; output ; 3.3-V LVTTL  ;                     ; Column I/O   ; Y               ; no       ; Off          ;
; AJ18     ;            ;                ; GND                             ; gnd    ;              ;                     ; --           ;                 ; --       ; --           ;
; AJ19     ; 155        ; 4A             ; VGA_B[3]                        ; output ; 3.3-V LVTTL  ;                     ; Column I/O   ; Y               ; no       ; Off          ;
; AJ20     ; 158        ; 4A             ; VGA_B[1]                        ; output ; 3.3-V LVTTL  ;                     ; Column I/O   ; Y               ; no       ; Off          ;
; AJ21     ; 156        ; 4A             ; VGA_B[0]                        ; output ; 3.3-V LVTTL  ;                     ; Column I/O   ; Y               ; no       ; Off          ;
; AJ22     ; 172        ; 4A             ; VGA_SYNC_N                      ; output ; 3.3-V LVTTL  ;                     ; Column I/O   ; Y               ; no       ; Off          ;
; AJ23     ;            ; 4A             ; VCCIO4A                         ; power  ;              ; 3.3V                ; --           ;                 ; --       ; --           ;
; AJ24     ; 182        ; 4A             ; VGA_G[4]                        ; output ; 3.3-V LVTTL  ;                     ; Column I/O   ; Y               ; no       ; Off          ;
; AJ25     ; 180        ; 4A             ; VGA_G[1]                        ; output ; 3.3-V LVTTL  ;                     ; Column I/O   ; Y               ; no       ; Off          ;
; AJ26     ; 187        ; 4A             ; VGA_R[7]                        ; output ; 3.3-V LVTTL  ;                     ; Column I/O   ; Y               ; no       ; Off          ;
; AJ27     ; 195        ; 4A             ; VGA_R[3]                        ; output ; 3.3-V LVTTL  ;                     ; Column I/O   ; Y               ; no       ; Off          ;
; AJ28     ;            ;                ; GND                             ; gnd    ;              ;                     ; --           ;                 ; --       ; --           ;
; AJ29     ; 216        ; 5A             ; RESERVED_INPUT_WITH_WEAK_PULLUP ;        ;              ;                     ; Row I/O      ;                 ; no       ; On           ;
; AJ30     ;            ;                ; GND                             ; gnd    ;              ;                     ; --           ;                 ; --       ; --           ;
; AK2      ; 91         ; 3B             ; RESERVED_INPUT_WITH_WEAK_PULLUP ;        ;              ;                     ; Column I/O   ;                 ; no       ; On           ;
; AK3      ; 89         ; 3B             ; RESERVED_INPUT_WITH_WEAK_PULLUP ;        ;              ;                     ; Column I/O   ;                 ; no       ; On           ;
; AK4      ; 92         ; 3B             ; KEY[2]                          ; input  ; 2.5 V        ;                     ; Column I/O   ; Y               ; no       ; Off          ;
; AK5      ;            ;                ; GND                             ; gnd    ;              ;                     ; --           ;                 ; --       ; --           ;
; AK6      ; 97         ; 3B             ; RESERVED_INPUT_WITH_WEAK_PULLUP ;        ;              ;                     ; Column I/O   ;                 ; no       ; On           ;
; AK7      ; 107        ; 3B             ; RESERVED_INPUT_WITH_WEAK_PULLUP ;        ;              ;                     ; Column I/O   ;                 ; no       ; On           ;
; AK8      ; 105        ; 3B             ; RESERVED_INPUT_WITH_WEAK_PULLUP ;        ;              ;                     ; Column I/O   ;                 ; no       ; On           ;
; AK9      ; 108        ; 3B             ; RESERVED_INPUT_WITH_WEAK_PULLUP ;        ;              ;                     ; Column I/O   ;                 ; no       ; On           ;
; AK10     ;            ; 3B             ; VCCIO3B                         ; power  ;              ; 3.3V                ; --           ;                 ; --       ; --           ;
; AK11     ; 117        ; 3B             ; RESERVED_INPUT_WITH_WEAK_PULLUP ;        ;              ;                     ; Column I/O   ;                 ; no       ; On           ;
; AK12     ; 123        ; 3B             ; RESERVED_INPUT_WITH_WEAK_PULLUP ;        ;              ;                     ; Column I/O   ;                 ; no       ; On           ;
; AK13     ; 121        ; 3B             ; RESERVED_INPUT_WITH_WEAK_PULLUP ;        ;              ;                     ; Column I/O   ;                 ; no       ; On           ;
; AK14     ; 129        ; 3B             ; RESERVED_INPUT_WITH_WEAK_PULLUP ;        ;              ;                     ; Column I/O   ;                 ; no       ; On           ;
; AK15     ;            ;                ; GND                             ; gnd    ;              ;                     ; --           ;                 ; --       ; --           ;
; AK16     ; 140        ; 4A             ; VGA_B[7]                        ; output ; 3.3-V LVTTL  ;                     ; Column I/O   ; Y               ; no       ; Off          ;
; AK17     ;            ; 4A             ; VREFB4AN0                       ; power  ;              ;                     ; --           ;                 ; --       ; --           ;
; AK18     ; 149        ; 4A             ; VGA_VS                          ; output ; 3.3-V LVTTL  ;                     ; Column I/O   ; Y               ; no       ; Off          ;
; AK19     ; 153        ; 4A             ; VGA_HS                          ; output ; 3.3-V LVTTL  ;                     ; Column I/O   ; Y               ; no       ; Off          ;
; AK20     ;            ; 4A             ; VCCIO4A                         ; power  ;              ; 3.3V                ; --           ;                 ; --       ; --           ;
; AK21     ; 171        ; 4A             ; VGA_CLK                         ; output ; 3.3-V LVTTL  ;                     ; Column I/O   ; Y               ; no       ; Off          ;
; AK22     ; 169        ; 4A             ; VGA_BLANK_N                     ; output ; 3.3-V LVTTL  ;                     ; Column I/O   ; Y               ; no       ; Off          ;
; AK23     ; 179        ; 4A             ; VGA_G[6]                        ; output ; 3.3-V LVTTL  ;                     ; Column I/O   ; Y               ; no       ; Off          ;
; AK24     ; 177        ; 4A             ; VGA_G[3]                        ; output ; 3.3-V LVTTL  ;                     ; Column I/O   ; Y               ; no       ; Off          ;
; AK25     ;            ;                ; GND                             ; gnd    ;              ;                     ; --           ;                 ; --       ; --           ;
; AK26     ; 185        ; 4A             ; VGA_G[0]                        ; output ; 3.3-V LVTTL  ;                     ; Column I/O   ; Y               ; no       ; Off          ;
; AK27     ; 193        ; 4A             ; VGA_R[2]                        ; output ; 3.3-V LVTTL  ;                     ; Column I/O   ; Y               ; no       ; Off          ;
; AK28     ; 198        ; 4A             ; VGA_R[1]                        ; output ; 3.3-V LVTTL  ;                     ; Column I/O   ; Y               ; no       ; Off          ;
; AK29     ; 196        ; 4A             ; VGA_R[0]                        ; output ; 3.3-V LVTTL  ;                     ; Column I/O   ; Y               ; no       ; Off          ;
; B1       ; 509        ; 8A             ; RESERVED_INPUT_WITH_WEAK_PULLUP ;        ;              ;                     ; Column I/O   ;                 ; no       ; On           ;
; B2       ; 507        ; 8A             ; RESERVED_INPUT_WITH_WEAK_PULLUP ;        ;              ;                     ; Column I/O   ;                 ; no       ; On           ;
; B3       ; 513        ; 8A             ; RESERVED_INPUT_WITH_WEAK_PULLUP ;        ;              ;                     ; Column I/O   ;                 ; no       ; On           ;
; B4       ;            ; 8A             ; VCCIO8A                         ; power  ;              ; 2.5V                ; --           ;                 ; --       ; --           ;
; B5       ; 512        ; 8A             ; RESERVED_INPUT_WITH_WEAK_PULLUP ;        ;              ;                     ; Column I/O   ;                 ; no       ; On           ;
; B6       ; 510        ; 8A             ; RESERVED_INPUT_WITH_WEAK_PULLUP ;        ;              ;                     ; Column I/O   ;                 ; no       ; On           ;
; B7       ; 477        ; 8A             ; RESERVED_INPUT_WITH_WEAK_PULLUP ;        ;              ;                     ; Column I/O   ;                 ; no       ; On           ;
; B8       ; 481        ; 8A             ; RESERVED_INPUT_WITH_WEAK_PULLUP ;        ;              ;                     ; Column I/O   ;                 ; no       ; On           ;
; B9       ;            ;                ; GND                             ; gnd    ;              ;                     ; --           ;                 ; --       ; --           ;
; B10      ;            ; 8A             ; VREFB8AN0                       ; power  ;              ;                     ; --           ;                 ; --       ; --           ;
; B11      ; 469        ; 8A             ; RESERVED_INPUT_WITH_WEAK_PULLUP ;        ;              ;                     ; Column I/O   ;                 ; no       ; On           ;
; B12      ; 464        ; 8A             ; RESERVED_INPUT_WITH_WEAK_PULLUP ;        ;              ;                     ; Column I/O   ;                 ; no       ; On           ;
; B13      ; 459        ; 8A             ; RESERVED_INPUT_WITH_WEAK_PULLUP ;        ;              ;                     ; Column I/O   ;                 ; no       ; On           ;
; B14      ;            ;                ; GND                             ; gnd    ;              ;                     ; --           ;                 ; --       ; --           ;
; B15      ; 451        ; 7D             ; RESERVED_INPUT_WITH_WEAK_PULLUP ;        ;              ;                     ; Column I/O   ;                 ; no       ; On           ;
; B16      ; 441        ; 7C             ; RESERVED_INPUT_WITH_WEAK_PULLUP ;        ;              ;                     ; Column I/O   ;                 ; no       ; On           ;
; B17      ; 431        ; 7C             ; RESERVED_INPUT_WITH_WEAK_PULLUP ;        ;              ;                     ; Column I/O   ;                 ; no       ; On           ;
; B18      ; 418        ; 7B             ; RESERVED_INPUT_WITH_WEAK_PULLUP ;        ;              ;                     ; Column I/O   ;                 ; no       ; On           ;
; B19      ;            ;                ; GND                             ; gnd    ;              ;                     ; --           ;                 ; --       ; --           ;
; B20      ; 417        ; 7B             ; RESERVED_INPUT_WITH_WEAK_PULLUP ;        ;              ;                     ; Column I/O   ;                 ; no       ; On           ;
; B21      ; 413        ; 7B             ; RESERVED_INPUT_WITH_WEAK_PULLUP ;        ;              ;                     ; Column I/O   ;                 ; no       ; On           ;
; B22      ; 399        ; 7A             ; RESERVED_INPUT_WITH_WEAK_PULLUP ;        ;              ;                     ; Column I/O   ;                 ; no       ; On           ;
; B23      ; 397        ; 7A             ; RESERVED_INPUT_WITH_WEAK_PULLUP ;        ;              ;                     ; Column I/O   ;                 ; no       ; On           ;
; B24      ;            ;                ; GND                             ; gnd    ;              ;                     ; --           ;                 ; --       ; --           ;
; B25      ; 387        ; 7A             ; RESERVED_INPUT_WITH_WEAK_PULLUP ;        ;              ;                     ; Column I/O   ;                 ; no       ; On           ;
; B26      ; 386        ; 7A             ; RESERVED_INPUT_WITH_WEAK_PULLUP ;        ;              ;                     ; Column I/O   ;                 ; no       ; On           ;
; B27      ; 381        ; 7A             ; ^HPS_TDI                        ;        ;              ;                     ; --           ;                 ; --       ; --           ;
; B28      ; 376        ; 7A             ; ^HPS_TDO                        ;        ;              ;                     ; --           ;                 ; --       ; --           ;
; B29      ;            ;                ; GND                             ; gnd    ;              ;                     ; --           ;                 ; --       ; --           ;
; B30      ; 365        ; 6A             ; RESERVED_INPUT_WITH_WEAK_PULLUP ;        ;              ;                     ; Row I/O      ;                 ; no       ; On           ;
; C1       ;            ;                ; GND                             ; gnd    ;              ;                     ; --           ;                 ; --       ; --           ;
; C2       ; 517        ; 8A             ; RESERVED_INPUT_WITH_WEAK_PULLUP ;        ;              ;                     ; Column I/O   ;                 ; no       ; On           ;
; C3       ; 511        ; 8A             ; RESERVED_INPUT_WITH_WEAK_PULLUP ;        ;              ;                     ; Column I/O   ;                 ; no       ; On           ;
; C4       ; 501        ; 8A             ; RESERVED_INPUT_WITH_WEAK_PULLUP ;        ;              ;                     ; Column I/O   ;                 ; no       ; On           ;
; C5       ; 497        ; 8A             ; RESERVED_INPUT_WITH_WEAK_PULLUP ;        ;              ;                     ; Column I/O   ;                 ; no       ; On           ;
; C6       ;            ;                ; GND                             ; gnd    ;              ;                     ; --           ;                 ; --       ; --           ;
; C7       ; 475        ; 8A             ; RESERVED_INPUT_WITH_WEAK_PULLUP ;        ;              ;                     ; Column I/O   ;                 ; no       ; On           ;
; C8       ; 479        ; 8A             ; RESERVED_INPUT_WITH_WEAK_PULLUP ;        ;              ;                     ; Column I/O   ;                 ; no       ; On           ;
; C9       ; 485        ; 8A             ; RESERVED_INPUT_WITH_WEAK_PULLUP ;        ;              ;                     ; Column I/O   ;                 ; no       ; On           ;
; C10      ; 483        ; 8A             ; RESERVED_INPUT_WITH_WEAK_PULLUP ;        ;              ;                     ; Column I/O   ;                 ; no       ; On           ;
; C11      ;            ; 8A             ; VCCIO8A                         ; power  ;              ; 2.5V                ; --           ;                 ; --       ; --           ;
; C12      ; 467        ; 8A             ; RESERVED_INPUT_WITH_WEAK_PULLUP ;        ;              ;                     ; Column I/O   ;                 ; no       ; On           ;
; C13      ; 462        ; 8A             ; RESERVED_INPUT_WITH_WEAK_PULLUP ;        ;              ;                     ; Column I/O   ;                 ; no       ; On           ;
; C14      ; 448        ; 7D             ; RESERVED_INPUT_WITH_WEAK_PULLUP ;        ;              ;                     ; Column I/O   ;                 ; no       ; On           ;
; C15      ; 453        ; 7D             ; RESERVED_INPUT_WITH_WEAK_PULLUP ;        ;              ;                     ; Column I/O   ;                 ; no       ; On           ;
; C16      ;            ;                ; GND                             ; gnd    ;              ;                     ; --           ;                 ; --       ; --           ;
; C17      ; 433        ; 7C             ; RESERVED_INPUT_WITH_WEAK_PULLUP ;        ;              ;                     ; Column I/O   ;                 ; no       ; On           ;
; C18      ; 435        ; 7C             ; RESERVED_INPUT_WITH_WEAK_PULLUP ;        ;              ;                     ; Column I/O   ;                 ; no       ; On           ;
; C19      ; 427        ; 7B             ; RESERVED_INPUT_WITH_WEAK_PULLUP ;        ;              ;                     ; Column I/O   ;                 ; no       ; On           ;
; C20      ; 421        ; 7B             ; RESERVED_INPUT_WITH_WEAK_PULLUP ;        ;              ;                     ; Column I/O   ;                 ; no       ; On           ;
; C21      ;            ;                ; GND                             ; gnd    ;              ;                     ; --           ;                 ; --       ; --           ;
; C22      ; 396        ; 7A             ; RESERVED_INPUT_WITH_WEAK_PULLUP ;        ;              ;                     ; Column I/O   ;                 ; no       ; On           ;
; C23      ; 401        ; 7A             ; RESERVED_INPUT_WITH_WEAK_PULLUP ;        ;              ;                     ; Column I/O   ;                 ; no       ; On           ;
; C24      ; 393        ; 7A             ; RESERVED_INPUT_WITH_WEAK_PULLUP ;        ;              ;                     ; Column I/O   ;                 ; no       ; On           ;
; C25      ; 388        ; 7A             ; RESERVED_INPUT_WITH_WEAK_PULLUP ;        ;              ;                     ; Column I/O   ;                 ; no       ; On           ;
; C26      ;            ;                ; GND                             ; gnd    ;              ;                     ; --           ;                 ; --       ; --           ;
; C27      ; 374        ; 7A             ; ^HPS_nRST                       ;        ;              ;                     ; --           ;                 ; --       ; --           ;
; C28      ; 369        ; 6A             ; RESERVED_INPUT_WITH_WEAK_PULLUP ;        ;              ;                     ; Row I/O      ;                 ; no       ; On           ;
; C29      ; 367        ; 6A             ; RESERVED_INPUT_WITH_WEAK_PULLUP ;        ;              ;                     ; Row I/O      ;                 ; no       ; On           ;
; C30      ; 363        ; 6A             ; RESERVED_INPUT_WITH_WEAK_PULLUP ;        ;              ;                     ; Row I/O      ;                 ; no       ; On           ;
; D1       ; 529        ; 8A             ; RESERVED_INPUT_WITH_WEAK_PULLUP ;        ;              ;                     ; Column I/O   ;                 ; no       ; On           ;
; D2       ; 515        ; 8A             ; RESERVED_INPUT_WITH_WEAK_PULLUP ;        ;              ;                     ; Column I/O   ;                 ; no       ; On           ;
; D3       ;            ;                ; GND                             ; gnd    ;              ;                     ; --           ;                 ; --       ; --           ;
; D4       ; 521        ; 8A             ; RESERVED_INPUT_WITH_WEAK_PULLUP ;        ;              ;                     ; Column I/O   ;                 ; no       ; On           ;
; D5       ; 499        ; 8A             ; RESERVED_INPUT_WITH_WEAK_PULLUP ;        ;              ;                     ; Column I/O   ;                 ; no       ; On           ;
; D6       ; 495        ; 8A             ; RESERVED_INPUT_WITH_WEAK_PULLUP ;        ;              ;                     ; Column I/O   ;                 ; no       ; On           ;
; D7       ; 505        ; 8A             ; RESERVED_INPUT_WITH_WEAK_PULLUP ;        ;              ;                     ; Column I/O   ;                 ; no       ; On           ;
; D8       ;            ; 8A             ; VCCIO8A                         ; power  ;              ; 2.5V                ; --           ;                 ; --       ; --           ;
; D9       ; 480        ; 8A             ; RESERVED_INPUT_WITH_WEAK_PULLUP ;        ;              ;                     ; Column I/O   ;                 ; no       ; On           ;
; D10      ; 472        ; 8A             ; RESERVED_INPUT_WITH_WEAK_PULLUP ;        ;              ;                     ; Column I/O   ;                 ; no       ; On           ;
; D11      ; 470        ; 8A             ; RESERVED_INPUT_WITH_WEAK_PULLUP ;        ;              ;                     ; Column I/O   ;                 ; no       ; On           ;
; D12      ; 496        ; 8A             ; RESERVED_INPUT_WITH_WEAK_PULLUP ;        ;              ;                     ; Column I/O   ;                 ; no       ; On           ;
; D13      ;            ;                ; GND                             ; gnd    ;              ;                     ; --           ;                 ; --       ; --           ;
; D14      ; 446        ; 7D             ; RESERVED_INPUT_WITH_WEAK_PULLUP ;        ;              ;                     ; Column I/O   ;                 ; no       ; On           ;
; D15      ; 449        ; 7D             ; RESERVED_INPUT_WITH_WEAK_PULLUP ;        ;              ;                     ; Column I/O   ;                 ; no       ; On           ;
; D16      ; 445        ; 7D             ; RESERVED_INPUT_WITH_WEAK_PULLUP ;        ;              ;                     ; Column I/O   ;                 ; no       ; On           ;
; D17      ; 440        ; 7C             ; RESERVED_INPUT_WITH_WEAK_PULLUP ;        ;              ;                     ; Column I/O   ;                 ; no       ; On           ;
; D18      ;            ; 7C             ; VCCIO7C_HPS                     ; power  ;              ; 2.5V                ; --           ;                 ; --       ; --           ;
; D19      ; 426        ; 7B             ; RESERVED_INPUT_WITH_WEAK_PULLUP ;        ;              ;                     ; Column I/O   ;                 ; no       ; On           ;
; D20      ; 420        ; 7B             ; RESERVED_INPUT_WITH_WEAK_PULLUP ;        ;              ;                     ; Column I/O   ;                 ; no       ; On           ;
; D21      ; 419        ; 7B             ; RESERVED_INPUT_WITH_WEAK_PULLUP ;        ;              ;                     ; Column I/O   ;                 ; no       ; On           ;
; D22      ; 402        ; 7A             ; RESERVED_INPUT_WITH_WEAK_PULLUP ;        ;              ;                     ; Column I/O   ;                 ; no       ; On           ;
; D23      ;            ;                ; GND                             ; gnd    ;              ;                     ; --           ;                 ; --       ; --           ;
; D24      ; 404        ; 7A             ; RESERVED_INPUT_WITH_WEAK_PULLUP ;        ;              ;                     ; Column I/O   ;                 ; no       ; On           ;
; D25      ; 384        ; 7A             ; ^HPS_CLK1                       ;        ;              ;                     ; --           ;                 ; --       ; --           ;
; D26      ; 373        ; 7A             ; ^GND                            ;        ;              ;                     ; --           ;                 ; --       ; --           ;
; D27      ; 371        ; 6A             ; HPS_RZQ_0                       ;        ;              ;                     ; --           ;                 ; no       ; On           ;
; D28      ;            ; 6A             ; VCCIO6A_HPS                     ; power  ;              ; 2.5V                ; --           ;                 ; --       ; --           ;
; D29      ; 361        ; 6A             ; RESERVED_INPUT_WITH_WEAK_PULLUP ;        ;              ;                     ; Row I/O      ;                 ; no       ; On           ;
; D30      ; 359        ; 6A             ; RESERVED_INPUT_WITH_WEAK_PULLUP ;        ;              ;                     ; Row I/O      ;                 ; no       ; On           ;
; E1       ; 527        ; 8A             ; RESERVED_INPUT_WITH_WEAK_PULLUP ;        ;              ;                     ; Column I/O   ;                 ; no       ; On           ;
; E2       ; 525        ; 8A             ; RESERVED_INPUT_WITH_WEAK_PULLUP ;        ;              ;                     ; Column I/O   ;                 ; no       ; On           ;
; E3       ; 523        ; 8A             ; RESERVED_INPUT_WITH_WEAK_PULLUP ;        ;              ;                     ; Column I/O   ;                 ; no       ; On           ;
; E4       ; 519        ; 8A             ; RESERVED_INPUT_WITH_WEAK_PULLUP ;        ;              ;                     ; Column I/O   ;                 ; no       ; On           ;
; E5       ;            ; 8A             ; VCCIO8A                         ; power  ;              ; 2.5V                ; --           ;                 ; --       ; --           ;
; E6       ; 533        ; 8A             ; RESERVED_INPUT_WITH_WEAK_PULLUP ;        ;              ;                     ; Column I/O   ;                 ; no       ; On           ;
; E7       ; 531        ; 8A             ; RESERVED_INPUT_WITH_WEAK_PULLUP ;        ;              ;                     ; Column I/O   ;                 ; no       ; On           ;
; E8       ; 503        ; 8A             ; RESERVED_INPUT_WITH_WEAK_PULLUP ;        ;              ;                     ; Column I/O   ;                 ; no       ; On           ;
; E9       ; 478        ; 8A             ; RESERVED_INPUT_WITH_WEAK_PULLUP ;        ;              ;                     ; Column I/O   ;                 ; no       ; On           ;
; E10      ;            ;                ; GND                             ; gnd    ;              ;                     ; --           ;                 ; --       ; --           ;
; E11      ; 504        ; 8A             ; RESERVED_INPUT_WITH_WEAK_PULLUP ;        ;              ;                     ; Column I/O   ;                 ; no       ; On           ;
; E12      ; 494        ; 8A             ; RESERVED_INPUT_WITH_WEAK_PULLUP ;        ;              ;                     ; Column I/O   ;                 ; no       ; On           ;
; E13      ; 488        ; 8A             ; RESERVED_INPUT_WITH_WEAK_PULLUP ;        ;              ;                     ; Column I/O   ;                 ; no       ; On           ;
; E14      ; 454        ; 7D             ; RESERVED_INPUT_WITH_WEAK_PULLUP ;        ;              ;                     ; Column I/O   ;                 ; no       ; On           ;
; E15      ;            ; 7D             ; VCCIO7D_HPS                     ; power  ;              ; 2.5V                ; --           ;                 ; --       ; --           ;
; E16      ; 443        ; 7D             ; RESERVED_INPUT_WITH_WEAK_PULLUP ;        ;              ;                     ; Column I/O   ;                 ; no       ; On           ;
; E17      ; 438        ; 7C             ; RESERVED_INPUT_WITH_WEAK_PULLUP ;        ;              ;                     ; Column I/O   ;                 ; no       ; On           ;
; E18      ; 437        ; 7C             ; RESERVED_INPUT_WITH_WEAK_PULLUP ;        ;              ;                     ; Column I/O   ;                 ; no       ; On           ;
; E19      ; 424        ; 7B             ; RESERVED_INPUT_WITH_WEAK_PULLUP ;        ;              ;                     ; Column I/O   ;                 ; no       ; On           ;
; E20      ;            ; 7B             ; VCCIO7B_HPS                     ; power  ;              ; 2.5V                ; --           ;                 ; --       ; --           ;
; E21      ; 412        ; 7B             ; RESERVED_INPUT_WITH_WEAK_PULLUP ;        ;              ;                     ; Column I/O   ;                 ; no       ; On           ;
; E22      ;            ; 7A, 7B, 7C, 7D ; VREFB7A7B7C7DN0_HPS             ; power  ;              ;                     ; --           ;                 ; --       ; --           ;
; E23      ; 394        ; 7A             ; RESERVED_INPUT_WITH_WEAK_PULLUP ;        ;              ;                     ; Column I/O   ;                 ; no       ; On           ;
; E24      ; 403        ; 7A             ; RESERVED_INPUT_WITH_WEAK_PULLUP ;        ;              ;                     ; Column I/O   ;                 ; no       ; On           ;
; E25      ;            ;                ; GND                             ; gnd    ;              ;                     ; --           ;                 ; --       ; --           ;
; E26      ;            ;                ; DNU                             ;        ;              ;                     ; --           ;                 ; --       ; --           ;
; E27      ; 357        ; 6A             ; RESERVED_INPUT_WITH_WEAK_PULLUP ;        ;              ;                     ; Row I/O      ;                 ; no       ; On           ;
; E28      ; 351        ; 6A             ; RESERVED_INPUT_WITH_WEAK_PULLUP ;        ;              ;                     ; Row I/O      ;                 ; no       ; On           ;
; E29      ; 353        ; 6A             ; RESERVED_INPUT_WITH_WEAK_PULLUP ;        ;              ;                     ; Row I/O      ;                 ; no       ; On           ;
; E30      ;            ;                ; GND                             ; gnd    ;              ;                     ; --           ;                 ; --       ; --           ;
; F1       ;            ;                ; DNU                             ;        ;              ;                     ; --           ;                 ; --       ; --           ;
; F2       ;            ;                ; GND                             ; gnd    ;              ;                     ; --           ;                 ; --       ; --           ;
; F3       ; 539        ; 9A             ; ^CONF_DONE                      ;        ;              ;                     ; --           ;                 ; --       ; --           ;
; F4       ; 541        ; 9A             ; ^nSTATUS                        ;        ;              ;                     ; --           ;                 ; --       ; --           ;
; F5       ;            ;                ; GND                             ; gnd    ;              ;                     ; --           ;                 ; --       ; --           ;
; F6       ; 537        ; 8A             ; RESERVED_INPUT_WITH_WEAK_PULLUP ;        ;              ;                     ; Column I/O   ;                 ; no       ; On           ;
; F7       ;            ;                ; GND                             ; gnd    ;              ;                     ; --           ;                 ; --       ; --           ;
; F8       ; 536        ; 8A             ; RESERVED_INPUT_WITH_WEAK_PULLUP ;        ;              ;                     ; Column I/O   ;                 ; no       ; On           ;
; F9       ; 534        ; 8A             ; RESERVED_INPUT_WITH_WEAK_PULLUP ;        ;              ;                     ; Column I/O   ;                 ; no       ; On           ;
; F10      ; 528        ; 8A             ; RESERVED_INPUT_WITH_WEAK_PULLUP ;        ;              ;                     ; Column I/O   ;                 ; no       ; On           ;
; F11      ; 502        ; 8A             ; RESERVED_INPUT_WITH_WEAK_PULLUP ;        ;              ;                     ; Column I/O   ;                 ; no       ; On           ;
; F12      ;            ; 8A             ; VCCIO8A                         ; power  ;              ; 2.5V                ; --           ;                 ; --       ; --           ;
; F13      ; 486        ; 8A             ; RESERVED_INPUT_WITH_WEAK_PULLUP ;        ;              ;                     ; Column I/O   ;                 ; no       ; On           ;
; F14      ; 468        ; 8A             ; RESERVED_INPUT_WITH_WEAK_PULLUP ;        ;              ;                     ; Column I/O   ;                 ; no       ; On           ;
; F15      ; 466        ; 8A             ; RESERVED_INPUT_WITH_WEAK_PULLUP ;        ;              ;                     ; Column I/O   ;                 ; no       ; On           ;
; F16      ; 442        ; 7D             ; RESERVED_INPUT_WITH_WEAK_PULLUP ;        ;              ;                     ; Column I/O   ;                 ; no       ; On           ;
; F17      ;            ;                ; GND                             ; gnd    ;              ;                     ; --           ;                 ; --       ; --           ;
; F18      ; 430        ; 7C             ; RESERVED_INPUT_WITH_WEAK_PULLUP ;        ;              ;                     ; Column I/O   ;                 ; no       ; On           ;
; F19      ; 410        ; 7B             ; RESERVED_INPUT_WITH_WEAK_PULLUP ;        ;              ;                     ; Column I/O   ;                 ; no       ; On           ;
; F20      ; 407        ; 7B             ; RESERVED_INPUT_WITH_WEAK_PULLUP ;        ;              ;                     ; Column I/O   ;                 ; no       ; On           ;
; F21      ; 409        ; 7B             ; RESERVED_INPUT_WITH_WEAK_PULLUP ;        ;              ;                     ; Column I/O   ;                 ; no       ; On           ;
; F22      ;            ; 7A             ; VCCIO7A_HPS                     ; power  ;              ; 2.5V                ; --           ;                 ; --       ; --           ;
; F23      ; 375        ; 7A             ; ^HPS_nPOR                       ;        ;              ;                     ; --           ;                 ; --       ; --           ;
; F24      ; 383        ; 7A             ; ^HPS_PORSEL                     ;        ;              ;                     ; --           ;                 ; --       ; --           ;
; F25      ; 385        ; 7A             ; ^HPS_CLK2                       ;        ;              ;                     ; --           ;                 ; --       ; --           ;
; F26      ; 341        ; 6A             ; RESERVED_INPUT_WITH_WEAK_PULLUP ;        ;              ;                     ; Row I/O      ;                 ; no       ; On           ;
; F27      ;            ;                ; GND                             ; gnd    ;              ;                     ; --           ;                 ; --       ; --           ;
; F28      ; 345        ; 6A             ; RESERVED_INPUT_WITH_WEAK_PULLUP ;        ;              ;                     ; Row I/O      ;                 ; no       ; On           ;
; F29      ; 349        ; 6A             ; RESERVED_INPUT_WITH_WEAK_PULLUP ;        ;              ;                     ; Row I/O      ;                 ; no       ; On           ;
; F30      ; 347        ; 6A             ; RESERVED_INPUT_WITH_WEAK_PULLUP ;        ;              ;                     ; Row I/O      ;                 ; no       ; On           ;
; G1       ;            ;                ; RREF                            ;        ;              ;                     ; --           ;                 ; --       ; --           ;
; G2       ;            ;                ; DNU                             ;        ;              ;                     ; --           ;                 ; --       ; --           ;
; G3       ;            ;                ; GND                             ; gnd    ;              ;                     ; --           ;                 ; --       ; --           ;
; G4       ;            ;                ; GND                             ; gnd    ;              ;                     ; --           ;                 ; --       ; --           ;
; G5       ; 542        ; 9A             ; ^nCE                            ;        ;              ;                     ; --           ;                 ; --       ; --           ;
; G6       ; 543        ; 9A             ; ^MSEL2                          ;        ;              ;                     ; --           ;                 ; --       ; --           ;
; G7       ; 535        ; 8A             ; RESERVED_INPUT_WITH_WEAK_PULLUP ;        ;              ;                     ; Column I/O   ;                 ; no       ; On           ;
; G8       ; 492        ; 8A             ; RESERVED_INPUT_WITH_WEAK_PULLUP ;        ;              ;                     ; Column I/O   ;                 ; no       ; On           ;
; G9       ;            ; 8A             ; VCCIO8A                         ; power  ;              ; 2.5V                ; --           ;                 ; --       ; --           ;
; G10      ; 526        ; 8A             ; RESERVED_INPUT_WITH_WEAK_PULLUP ;        ;              ;                     ; Column I/O   ;                 ; no       ; On           ;
; G11      ; 520        ; 8A             ; RESERVED_INPUT_WITH_WEAK_PULLUP ;        ;              ;                     ; Column I/O   ;                 ; no       ; On           ;
; G12      ; 518        ; 8A             ; RESERVED_INPUT_WITH_WEAK_PULLUP ;        ;              ;                     ; Column I/O   ;                 ; no       ; On           ;
; G13      ; 484        ; 8A             ; RESERVED_INPUT_WITH_WEAK_PULLUP ;        ;              ;                     ; Column I/O   ;                 ; no       ; On           ;
; G14      ;            ; 8A             ; VCCIO8A                         ; power  ;              ; 2.5V                ; --           ;                 ; --       ; --           ;
; G15      ; 460        ; 8A             ; RESERVED_INPUT_WITH_WEAK_PULLUP ;        ;              ;                     ; Column I/O   ;                 ; no       ; On           ;
; G16      ; 444        ; 7D             ; RESERVED_INPUT_WITH_WEAK_PULLUP ;        ;              ;                     ; Column I/O   ;                 ; no       ; On           ;
; G17      ; 436        ; 7C             ; RESERVED_INPUT_WITH_WEAK_PULLUP ;        ;              ;                     ; Column I/O   ;                 ; no       ; On           ;
; G18      ; 432        ; 7C             ; RESERVED_INPUT_WITH_WEAK_PULLUP ;        ;              ;                     ; Column I/O   ;                 ; no       ; On           ;
; G19      ;            ; 7B             ; VCCIO7B_HPS                     ; power  ;              ; 2.5V                ; --           ;                 ; --       ; --           ;
; G20      ; 416        ; 7B             ; RESERVED_INPUT_WITH_WEAK_PULLUP ;        ;              ;                     ; Column I/O   ;                 ; no       ; On           ;
; G21      ; 392        ; 7A             ; RESERVED_INPUT_WITH_WEAK_PULLUP ;        ;              ;                     ; Column I/O   ;                 ; no       ; On           ;
; G22      ; 400        ; 7A             ; RESERVED_INPUT_WITH_WEAK_PULLUP ;        ;              ;                     ; Column I/O   ;                 ; no       ; On           ;
; G23      ; 377        ; 7A             ; ^VCCRSTCLK_HPS                  ;        ;              ;                     ; --           ;                 ; --       ; --           ;
; G24      ;            ;                ; GND                             ; gnd    ;              ;                     ; --           ;                 ; --       ; --           ;
; G25      ; 370        ; 6A             ; RESERVED_INPUT_WITH_WEAK_PULLUP ;        ;              ;                     ; Row I/O      ;                 ; no       ; On           ;
; G26      ; 362        ; 6A             ; RESERVED_INPUT_WITH_WEAK_PULLUP ;        ;              ;                     ; Row I/O      ;                 ; no       ; On           ;
; G27      ; 339        ; 6A             ; RESERVED_INPUT_WITH_WEAK_PULLUP ;        ;              ;                     ; Row I/O      ;                 ; --       ; --           ;
; G28      ; 335        ; 6A             ; RESERVED_INPUT_WITH_WEAK_PULLUP ;        ;              ;                     ; Row I/O      ;                 ; no       ; On           ;
; G29      ;            ; 6A             ; VCCIO6A_HPS                     ; power  ;              ; 2.5V                ; --           ;                 ; --       ; --           ;
; G30      ; 343        ; 6A             ; RESERVED_INPUT_WITH_WEAK_PULLUP ;        ;              ;                     ; Row I/O      ;                 ; no       ; On           ;
; H1       ;            ;                ; GND                             ; gnd    ;              ;                     ; --           ;                 ; --       ; --           ;
; H2       ;            ;                ; GND                             ; gnd    ;              ;                     ; --           ;                 ; --       ; --           ;
; H3       ; 0          ; B2L            ; GXB_NC                          ;        ;              ;                     ; --           ;                 ; --       ; --           ;
; H4       ; 1          ; B2L            ; GXB_NC                          ;        ;              ;                     ; --           ;                 ; --       ; --           ;
; H5       ;            ;                ; GND                             ; gnd    ;              ;                     ; --           ;                 ; --       ; --           ;
; H6       ;            ; 8A             ; VCCIO8A                         ; power  ;              ; 2.5V                ; --           ;                 ; --       ; --           ;
; H7       ; 508        ; 8A             ; RESERVED_INPUT_WITH_WEAK_PULLUP ;        ;              ;                     ; Column I/O   ;                 ; no       ; On           ;
; H8       ; 490        ; 8A             ; RESERVED_INPUT_WITH_WEAK_PULLUP ;        ;              ;                     ; Column I/O   ;                 ; no       ; On           ;
; H9       ;            ; --             ; VCCBAT                          ; power  ;              ; 1.2V                ; --           ;                 ; --       ; --           ;
; H10      ;            ; --             ; VCC_AUX                         ; power  ;              ; 2.5V                ; --           ;                 ; --       ; --           ;
; H11      ;            ;                ; GND                             ; gnd    ;              ;                     ; --           ;                 ; --       ; --           ;
; H12      ; 500        ; 8A             ; RESERVED_INPUT_WITH_WEAK_PULLUP ;        ;              ;                     ; Column I/O   ;                 ; no       ; On           ;
; H13      ; 498        ; 8A             ; RESERVED_INPUT_WITH_WEAK_PULLUP ;        ;              ;                     ; Column I/O   ;                 ; no       ; On           ;
; H14      ; 482        ; 8A             ; RESERVED_INPUT_WITH_WEAK_PULLUP ;        ;              ;                     ; Column I/O   ;                 ; no       ; On           ;
; H15      ; 458        ; 8A             ; RESERVED_INPUT_WITH_WEAK_PULLUP ;        ;              ;                     ; Column I/O   ;                 ; no       ; On           ;
; H16      ;            ; 7D             ; VCCIO7D_HPS                     ; power  ;              ; 2.5V                ; --           ;                 ; --       ; --           ;
; H17      ; 434        ; 7C             ; RESERVED_INPUT_WITH_WEAK_PULLUP ;        ;              ;                     ; Column I/O   ;                 ; no       ; On           ;
; H18      ; 422        ; 7B             ; RESERVED_INPUT_WITH_WEAK_PULLUP ;        ;              ;                     ; Column I/O   ;                 ; no       ; On           ;
; H19      ; 406        ; 7B             ; RESERVED_INPUT_WITH_WEAK_PULLUP ;        ;              ;                     ; Column I/O   ;                 ; no       ; On           ;
; H20      ; 398        ; 7A             ; RESERVED_INPUT_WITH_WEAK_PULLUP ;        ;              ;                     ; Column I/O   ;                 ; no       ; On           ;
; H21      ;            ; 7A             ; VCCIO7A_HPS                     ; power  ;              ; 2.5V                ; --           ;                 ; --       ; --           ;
; H22      ; 379        ; 7A             ; ^HPS_TCK                        ;        ;              ;                     ; --           ;                 ; --       ; --           ;
; H23      ; 390        ; 7A             ; RESERVED_INPUT_WITH_WEAK_PULLUP ;        ;              ;                     ; Column I/O   ;                 ; no       ; On           ;
; H24      ; 364        ; 6A             ; RESERVED_INPUT_WITH_WEAK_PULLUP ;        ;              ;                     ; Row I/O      ;                 ; no       ; On           ;
; H25      ; 368        ; 6A             ; RESERVED_INPUT_WITH_WEAK_PULLUP ;        ;              ;                     ; Row I/O      ;                 ; no       ; On           ;
; H26      ;            ; 6A             ; VCCIO6A_HPS                     ; power  ;              ; 2.5V                ; --           ;                 ; --       ; --           ;
; H27      ; 360        ; 6A             ; RESERVED_INPUT_WITH_WEAK_PULLUP ;        ;              ;                     ; Row I/O      ;                 ; no       ; On           ;
; H28      ; 333        ; 6A             ; RESERVED_INPUT_WITH_WEAK_PULLUP ;        ;              ;                     ; Row I/O      ;                 ; no       ; On           ;
; H29      ; 331        ; 6A             ; RESERVED_INPUT_WITH_WEAK_PULLUP ;        ;              ;                     ; Row I/O      ;                 ; no       ; On           ;
; H30      ; 337        ; 6A             ; RESERVED_INPUT_WITH_WEAK_PULLUP ;        ;              ;                     ; Row I/O      ;                 ; no       ; On           ;
; J1       ; 3          ; B2L            ; GND                             ;        ;              ;                     ; --           ;                 ; --       ; --           ;
; J2       ; 2          ; B2L            ; GND                             ;        ;              ;                     ; --           ;                 ; --       ; --           ;
; J3       ;            ;                ; GND                             ; gnd    ;              ;                     ; --           ;                 ; --       ; --           ;
; J4       ;            ;                ; GND                             ; gnd    ;              ;                     ; --           ;                 ; --       ; --           ;
; J5       ; 545        ; 9A             ; ^nCONFIG                        ;        ;              ;                     ; --           ;                 ; --       ; --           ;
; J6       ; 547        ; 9A             ; ^GND                            ;        ;              ;                     ; --           ;                 ; --       ; --           ;
; J7       ; 506        ; 8A             ; RESERVED_INPUT_WITH_WEAK_PULLUP ;        ;              ;                     ; Column I/O   ;                 ; no       ; On           ;
; J8       ;            ;                ; GND                             ; gnd    ;              ;                     ; --           ;                 ; --       ; --           ;
; J9       ; 532        ; 8A             ; RESERVED_INPUT_WITH_WEAK_PULLUP ;        ;              ;                     ; Column I/O   ;                 ; no       ; On           ;
; J10      ; 530        ; 8A             ; RESERVED_INPUT_WITH_WEAK_PULLUP ;        ;              ;                     ; Column I/O   ;                 ; no       ; On           ;
; J11      ;            ; --             ; VCCPGM                          ; power  ;              ; 1.8V/2.5V/3.0V/3.3V ; --           ;                 ; --       ; --           ;
; J12      ; 516        ; 8A             ; RESERVED_INPUT_WITH_WEAK_PULLUP ;        ;              ;                     ; Column I/O   ;                 ; no       ; On           ;
; J13      ;            ; 8A             ; VCCIO8A                         ; power  ;              ; 2.5V                ; --           ;                 ; --       ; --           ;
; J14      ; 476        ; 8A             ; RESERVED_INPUT_WITH_WEAK_PULLUP ;        ;              ;                     ; Column I/O   ;                 ; no       ; On           ;
; J15      ;            ;                ; DNU                             ;        ;              ;                     ; --           ;                 ; --       ; --           ;
; J16      ;            ; --             ; VCC_AUX                         ; power  ;              ; 2.5V                ; --           ;                 ; --       ; --           ;
; J17      ;            ; 7C             ; VCCPD7C_HPS                     ; power  ;              ; 2.5V                ; --           ;                 ; --       ; --           ;
; J18      ;            ;                ; GND                             ; gnd    ;              ;                     ; --           ;                 ; --       ; --           ;
; J19      ; 408        ; 7B             ; RESERVED_INPUT_WITH_WEAK_PULLUP ;        ;              ;                     ; Column I/O   ;                 ; no       ; On           ;
; J20      ;            ; --             ; VCCRSTCLK_HPS                   ; power  ;              ; 1.8V/2.5V/3.0V/3.3V ; --           ;                 ; --       ; --           ;
; J21      ;            ; --             ; VCC_AUX_SHARED                  ; power  ;              ; 2.5V                ; --           ;                 ; --       ; --           ;
; J22      ; 372        ; 7A             ; ^GND                            ;        ;              ;                     ; --           ;                 ; --       ; --           ;
; J23      ; 354        ; 6A             ; RESERVED_INPUT_WITH_WEAK_PULLUP ;        ;              ;                     ; Row I/O      ;                 ; no       ; On           ;
; J24      ; 352        ; 6A             ; RESERVED_INPUT_WITH_WEAK_PULLUP ;        ;              ;                     ; Row I/O      ;                 ; no       ; On           ;
; J25      ; 344        ; 6A             ; RESERVED_INPUT_WITH_WEAK_PULLUP ;        ;              ;                     ; Row I/O      ;                 ; no       ; On           ;
; J26      ; 323        ; 6A             ; RESERVED_INPUT_WITH_WEAK_PULLUP ;        ;              ;                     ; Row I/O      ;                 ; no       ; On           ;
; J27      ; 346        ; 6A             ; RESERVED_INPUT_WITH_WEAK_PULLUP ;        ;              ;                     ; Row I/O      ;                 ; no       ; On           ;
; J28      ;            ;                ; GND                             ; gnd    ;              ;                     ; --           ;                 ; --       ; --           ;
; J29      ; 327        ; 6A             ; RESERVED_INPUT_WITH_WEAK_PULLUP ;        ;              ;                     ; Row I/O      ;                 ; no       ; On           ;
; J30      ; 329        ; 6A             ; RESERVED_INPUT_WITH_WEAK_PULLUP ;        ;              ;                     ; Row I/O      ;                 ; no       ; On           ;
; K1       ;            ;                ; GND                             ; gnd    ;              ;                     ; --           ;                 ; --       ; --           ;
; K2       ;            ;                ; GND                             ; gnd    ;              ;                     ; --           ;                 ; --       ; --           ;
; K3       ; 4          ; B2L            ; GXB_NC                          ;        ;              ;                     ; --           ;                 ; --       ; --           ;
; K4       ; 5          ; B2L            ; GXB_NC                          ;        ;              ;                     ; --           ;                 ; --       ; --           ;
; K5       ;            ;                ; GND                             ; gnd    ;              ;                     ; --           ;                 ; --       ; --           ;
; K6       ; 540        ; 9A             ; ^MSEL1                          ;        ;              ;                     ; --           ;                 ; --       ; --           ;
; K7       ; 522        ; 8A             ; RESERVED_INPUT_WITH_WEAK_PULLUP ;        ;              ;                     ; Column I/O   ;                 ; no       ; On           ;
; K8       ; 524        ; 8A             ; RESERVED_INPUT_WITH_WEAK_PULLUP ;        ;              ;                     ; Column I/O   ;                 ; no       ; On           ;
; K9       ;            ; --             ; VCCA_FPLL                       ; power  ;              ; 2.5V                ; --           ;                 ; --       ; --           ;
; K10      ;            ;                ; GND                             ; gnd    ;              ;                     ; --           ;                 ; --       ; --           ;
; K11      ;            ; 8A             ; VCCPD8A                         ; power  ;              ; 2.5V                ; --           ;                 ; --       ; --           ;
; K12      ; 514        ; 8A             ; RESERVED_INPUT_WITH_WEAK_PULLUP ;        ;              ;                     ; Column I/O   ;                 ; no       ; On           ;
; K13      ;            ; 8A             ; VCCPD8A                         ; power  ;              ; 2.5V                ; --           ;                 ; --       ; --           ;
; K14      ; 474        ; 8A             ; RESERVED_INPUT_WITH_WEAK_PULLUP ;        ;              ;                     ; Column I/O   ;                 ; no       ; On           ;
; K15      ;            ;                ; GND                             ; gnd    ;              ;                     ; --           ;                 ; --       ; --           ;
; K16      ;            ; 7D             ; VCCPD7D_HPS                     ; power  ;              ; 2.5V                ; --           ;                 ; --       ; --           ;
; K17      ; 414        ; 7B             ; RESERVED_INPUT_WITH_WEAK_PULLUP ;        ;              ;                     ; Column I/O   ;                 ; no       ; On           ;
; K18      ;            ; 7B             ; VCCPD7B_HPS                     ; power  ;              ; 2.5V                ; --           ;                 ; --       ; --           ;
; K19      ;            ; 7A             ; VCCPD7A_HPS                     ; power  ;              ; 2.5V                ; --           ;                 ; --       ; --           ;
; K20      ;            ;                ; GND                             ; gnd    ;              ;                     ; --           ;                 ; --       ; --           ;
; K21      ; 366        ; 6A             ; RESERVED_INPUT_WITH_WEAK_PULLUP ;        ;              ;                     ; Row I/O      ;                 ; no       ; On           ;
; K22      ; 336        ; 6A             ; RESERVED_INPUT_WITH_WEAK_PULLUP ;        ;              ;                     ; Row I/O      ;                 ; no       ; On           ;
; K23      ; 338        ; 6A             ; RESERVED_INPUT_WITH_WEAK_PULLUP ;        ;              ;                     ; Row I/O      ;                 ; no       ; On           ;
; K24      ;            ; 6A             ; VCCIO6A_HPS                     ; power  ;              ; 2.5V                ; --           ;                 ; --       ; --           ;
; K25      ;            ;                ; GND                             ; gnd    ;              ;                     ; --           ;                 ; --       ; --           ;
; K26      ; 322        ; 6A             ; RESERVED_INPUT_WITH_WEAK_PULLUP ;        ;              ;                     ; Row I/O      ;                 ; no       ; On           ;
; K27      ; 319        ; 6A             ; RESERVED_INPUT_WITH_WEAK_PULLUP ;        ;              ;                     ; Row I/O      ;                 ; no       ; On           ;
; K28      ; 325        ; 6A             ; RESERVED_INPUT_WITH_WEAK_PULLUP ;        ;              ;                     ; Row I/O      ;                 ; no       ; On           ;
; K29      ; 321        ; 6A             ; RESERVED_INPUT_WITH_WEAK_PULLUP ;        ;              ;                     ; Row I/O      ;                 ; no       ; On           ;
; K30      ;            ; 6A             ; VCCIO6A_HPS                     ; power  ;              ; 2.5V                ; --           ;                 ; --       ; --           ;
; L1       ; 7          ; B2L            ; GND                             ;        ;              ;                     ; --           ;                 ; --       ; --           ;
; L2       ; 6          ; B2L            ; GND                             ;        ;              ;                     ; --           ;                 ; --       ; --           ;
; L3       ;            ;                ; GND                             ; gnd    ;              ;                     ; --           ;                 ; --       ; --           ;
; L4       ;            ;                ; GND                             ; gnd    ;              ;                     ; --           ;                 ; --       ; --           ;
; L5       ;            ; --             ; VCCL_GXBL                       ; power  ;              ; 1.1V                ; --           ;                 ; --       ; --           ;
; L6       ;            ;                ; GND                             ; gnd    ;              ;                     ; --           ;                 ; --       ; --           ;
; L7       ; 544        ; 9A             ; ^MSEL3                          ;        ;              ;                     ; --           ;                 ; --       ; --           ;
; L8       ; 538        ; 9A             ; ^MSEL0                          ;        ;              ;                     ; --           ;                 ; --       ; --           ;
; L9       ; 546        ; 9A             ; ^MSEL4                          ;        ;              ;                     ; --           ;                 ; --       ; --           ;
; L10      ;            ; 8A             ; VCCPD8A                         ; power  ;              ; 2.5V                ; --           ;                 ; --       ; --           ;
; L11      ;            ;                ; GND                             ; gnd    ;              ;                     ; --           ;                 ; --       ; --           ;
; L12      ;            ; 8A             ; VCCPD8A                         ; power  ;              ; 2.5V                ; --           ;                 ; --       ; --           ;
; L13      ;            ;                ; GND                             ; gnd    ;              ;                     ; --           ;                 ; --       ; --           ;
; L14      ;            ; 8A             ; VCCPD8A                         ; power  ;              ; 2.5V                ; --           ;                 ; --       ; --           ;
; L15      ;            ;                ; GND                             ; gnd    ;              ;                     ; --           ;                 ; --       ; --           ;
; L16      ;            ; --             ; VCC_HPS                         ; power  ;              ; 1.1V                ; --           ;                 ; --       ; --           ;
; L17      ;            ;                ; GND                             ; gnd    ;              ;                     ; --           ;                 ; --       ; --           ;
; L18      ;            ; --             ; VCC_HPS                         ; power  ;              ; 1.1V                ; --           ;                 ; --       ; --           ;
; L19      ;            ;                ; GND                             ; gnd    ;              ;                     ; --           ;                 ; --       ; --           ;
; L20      ;            ; --             ; VCC_HPS                         ; power  ;              ; 1.1V                ; --           ;                 ; --       ; --           ;
; L21      ;            ; --             ; VCCPLL_HPS                      ; power  ;              ; 2.5V                ; --           ;                 ; --       ; --           ;
; L22      ;            ;                ; GND                             ; gnd    ;              ;                     ; --           ;                 ; --       ; --           ;
; L23      ; 350        ; 6A             ; RESERVED_INPUT_WITH_WEAK_PULLUP ;        ;              ;                     ; Row I/O      ;                 ; no       ; On           ;
; L24      ; 328        ; 6A             ; RESERVED_INPUT_WITH_WEAK_PULLUP ;        ;              ;                     ; Row I/O      ;                 ; no       ; On           ;
; L25      ; 330        ; 6A             ; RESERVED_INPUT_WITH_WEAK_PULLUP ;        ;              ;                     ; Row I/O      ;                 ; no       ; On           ;
; L26      ; 320        ; 6A             ; RESERVED_INPUT_WITH_WEAK_PULLUP ;        ;              ;                     ; Row I/O      ;                 ; no       ; On           ;
; L27      ;            ; 6A             ; VCCIO6A_HPS                     ; power  ;              ; 2.5V                ; --           ;                 ; --       ; --           ;
; L28      ; 313        ; 6A             ; RESERVED_INPUT_WITH_WEAK_PULLUP ;        ;              ;                     ; Row I/O      ;                 ; no       ; On           ;
; L29      ; 315        ; 6A             ; RESERVED_INPUT_WITH_WEAK_PULLUP ;        ;              ;                     ; Row I/O      ;                 ; no       ; On           ;
; L30      ; 317        ; 6A             ; RESERVED_INPUT_WITH_WEAK_PULLUP ;        ;              ;                     ; Row I/O      ;                 ; no       ; On           ;
; M1       ;            ;                ; GND                             ; gnd    ;              ;                     ; --           ;                 ; --       ; --           ;
; M2       ;            ;                ; GND                             ; gnd    ;              ;                     ; --           ;                 ; --       ; --           ;
; M3       ; 8          ; B2L            ; GXB_NC                          ;        ;              ;                     ; --           ;                 ; --       ; --           ;
; M4       ; 9          ; B2L            ; GXB_NC                          ;        ;              ;                     ; --           ;                 ; --       ; --           ;
; M5       ;            ;                ; GND                             ; gnd    ;              ;                     ; --           ;                 ; --       ; --           ;
; M6       ;            ; --             ; VCCE_GXBL                       ; power  ;              ; 1.1V                ; --           ;                 ; --       ; --           ;
; M7       ;            ;                ; GND                             ; gnd    ;              ;                     ; --           ;                 ; --       ; --           ;
; M8       ;            ;                ; GND                             ; gnd    ;              ;                     ; --           ;                 ; --       ; --           ;
; M9       ;            ; --             ; VCC                             ; power  ;              ; 1.1V                ; --           ;                 ; --       ; --           ;
; M10      ;            ;                ; GND                             ; gnd    ;              ;                     ; --           ;                 ; --       ; --           ;
; M11      ;            ; --             ; VCC                             ; power  ;              ; 1.1V                ; --           ;                 ; --       ; --           ;
; M12      ;            ;                ; GND                             ; gnd    ;              ;                     ; --           ;                 ; --       ; --           ;
; M13      ;            ; --             ; VCC                             ; power  ;              ; 1.1V                ; --           ;                 ; --       ; --           ;
; M14      ;            ;                ; GND                             ; gnd    ;              ;                     ; --           ;                 ; --       ; --           ;
; M15      ;            ; --             ; VCC_HPS                         ; power  ;              ; 1.1V                ; --           ;                 ; --       ; --           ;
; M16      ;            ;                ; GND                             ; gnd    ;              ;                     ; --           ;                 ; --       ; --           ;
; M17      ; 450        ; 7D             ; RESERVED_INPUT_WITH_WEAK_PULLUP ;        ;              ;                     ; Column I/O   ;                 ; no       ; On           ;
; M18      ;            ;                ; GND                             ; gnd    ;              ;                     ; --           ;                 ; --       ; --           ;
; M19      ; 334        ; 6A             ; RESERVED_INPUT_WITH_WEAK_PULLUP ;        ;              ;                     ; Row I/O      ;                 ; no       ; On           ;
; M20      ;            ;                ; GND                             ; gnd    ;              ;                     ; --           ;                 ; --       ; --           ;
; M21      ;            ; 6A, 6B         ; VCCPD6A6B_HPS                   ; power  ;              ; 2.5V                ; --           ;                 ; --       ; --           ;
; M22      ; 308        ; 6A             ; RESERVED_INPUT_WITH_WEAK_PULLUP ;        ;              ;                     ; Row I/O      ;                 ; no       ; On           ;
; M23      ; 348        ; 6A             ; RESERVED_INPUT_WITH_WEAK_PULLUP ;        ;              ;                     ; Row I/O      ;                 ; no       ; On           ;
; M24      ;            ; 6A             ; VCCIO6A_HPS                     ; power  ;              ; 2.5V                ; --           ;                 ; --       ; --           ;
; M25      ; 324        ; 6A             ; RESERVED_INPUT_WITH_WEAK_PULLUP ;        ;              ;                     ; Row I/O      ;                 ; no       ; On           ;
; M26      ; 314        ; 6A             ; RESERVED_INPUT_WITH_WEAK_PULLUP ;        ;              ;                     ; Row I/O      ;                 ; no       ; On           ;
; M27      ; 312        ; 6A             ; RESERVED_INPUT_WITH_WEAK_PULLUP ;        ;              ;                     ; Row I/O      ;                 ; no       ; On           ;
; M28      ; 309        ; 6A             ; RESERVED_INPUT_WITH_WEAK_PULLUP ;        ;              ;                     ; Row I/O      ;                 ; no       ; On           ;
; M29      ;            ;                ; GND                             ; gnd    ;              ;                     ; --           ;                 ; --       ; --           ;
; M30      ; 311        ; 6A             ; RESERVED_INPUT_WITH_WEAK_PULLUP ;        ;              ;                     ; Row I/O      ;                 ; no       ; On           ;
; N1       ; 11         ; B2L            ; GND                             ;        ;              ;                     ; --           ;                 ; --       ; --           ;
; N2       ; 10         ; B2L            ; GND                             ;        ;              ;                     ; --           ;                 ; --       ; --           ;
; N3       ;            ;                ; GND                             ; gnd    ;              ;                     ; --           ;                 ; --       ; --           ;
; N4       ;            ;                ; GND                             ; gnd    ;              ;                     ; --           ;                 ; --       ; --           ;
; N5       ;            ; --             ; VCCE_GXBL                       ; power  ;              ; 1.1V                ; --           ;                 ; --       ; --           ;
; N6       ;            ;                ; GND                             ; gnd    ;              ;                     ; --           ;                 ; --       ; --           ;
; N7       ;            ; --             ; VCCA_FPLL                       ; power  ;              ; 2.5V                ; --           ;                 ; --       ; --           ;
; N8       ;            ;                ; GND                             ; gnd    ;              ;                     ; --           ;                 ; --       ; --           ;
; N9       ;            ;                ; GND                             ; gnd    ;              ;                     ; --           ;                 ; --       ; --           ;
; N10      ;            ; --             ; VCC                             ; power  ;              ; 1.1V                ; --           ;                 ; --       ; --           ;
; N11      ;            ;                ; GND                             ; gnd    ;              ;                     ; --           ;                 ; --       ; --           ;
; N12      ;            ; --             ; VCC                             ; power  ;              ; 1.1V                ; --           ;                 ; --       ; --           ;
; N13      ;            ;                ; GND                             ; gnd    ;              ;                     ; --           ;                 ; --       ; --           ;
; N14      ;            ; --             ; VCC                             ; power  ;              ; 1.1V                ; --           ;                 ; --       ; --           ;
; N15      ;            ;                ; GND                             ; gnd    ;              ;                     ; --           ;                 ; --       ; --           ;
; N16      ; 452        ; 7D             ; RESERVED_INPUT_WITH_WEAK_PULLUP ;        ;              ;                     ; Column I/O   ;                 ; no       ; On           ;
; N17      ;            ;                ; GND                             ; gnd    ;              ;                     ; --           ;                 ; --       ; --           ;
; N18      ; 332        ; 6A             ; RESERVED_INPUT_WITH_WEAK_PULLUP ;        ;              ;                     ; Row I/O      ;                 ; no       ; On           ;
; N19      ;            ;                ; GND                             ; gnd    ;              ;                     ; --           ;                 ; --       ; --           ;
; N20      ;            ; --             ; VCC_HPS                         ; power  ;              ; 1.1V                ; --           ;                 ; --       ; --           ;
; N21      ;            ; 6A             ; VCCIO6A_HPS                     ; power  ;              ; 2.5V                ; --           ;                 ; --       ; --           ;
; N22      ;            ; 6A, 6B         ; VCCPD6A6B_HPS                   ; power  ;              ; 2.5V                ; --           ;                 ; --       ; --           ;
; N23      ; 310        ; 6A             ; RESERVED_INPUT_WITH_WEAK_PULLUP ;        ;              ;                     ; Row I/O      ;                 ; no       ; On           ;
; N24      ; 318        ; 6A             ; RESERVED_INPUT_WITH_WEAK_PULLUP ;        ;              ;                     ; Row I/O      ;                 ; no       ; On           ;
; N25      ; 316        ; 6A             ; RESERVED_INPUT_WITH_WEAK_PULLUP ;        ;              ;                     ; Row I/O      ;                 ; no       ; On           ;
; N26      ;            ;                ; GND                             ; gnd    ;              ;                     ; --           ;                 ; --       ; --           ;
; N27      ; 297        ; 6B             ; RESERVED_INPUT_WITH_WEAK_PULLUP ;        ;              ;                     ; Row I/O      ;                 ; no       ; On           ;
; N28      ; 303        ; 6B             ; RESERVED_INPUT_WITH_WEAK_PULLUP ;        ;              ;                     ; Row I/O      ;                 ; no       ; On           ;
; N29      ; 305        ; 6B             ; RESERVED_INPUT_WITH_WEAK_PULLUP ;        ;              ;                     ; Row I/O      ;                 ; no       ; On           ;
; N30      ; 307        ; 6B             ; RESERVED_INPUT_WITH_WEAK_PULLUP ;        ;              ;                     ; Row I/O      ;                 ; no       ; On           ;
; P1       ;            ;                ; GND                             ; gnd    ;              ;                     ; --           ;                 ; --       ; --           ;
; P2       ;            ;                ; GND                             ; gnd    ;              ;                     ; --           ;                 ; --       ; --           ;
; P3       ; 16         ; B1L            ; GXB_NC                          ;        ;              ;                     ; --           ;                 ; --       ; --           ;
; P4       ; 17         ; B1L            ; GXB_NC                          ;        ;              ;                     ; --           ;                 ; --       ; --           ;
; P5       ;            ;                ; GND                             ; gnd    ;              ;                     ; --           ;                 ; --       ; --           ;
; P6       ;            ; --             ; VCCH_GXBL                       ; power  ;              ; 2.5V                ; --           ;                 ; --       ; --           ;
; P7       ;            ;                ; GND                             ; gnd    ;              ;                     ; --           ;                 ; --       ; --           ;
; P8       ; 13         ; B2L            ; GND                             ;        ;              ;                     ; Row I/O      ;                 ; --       ; --           ;
; P9       ; 12         ; B2L            ; GND                             ;        ;              ;                     ; Row I/O      ;                 ; --       ; --           ;
; P10      ;            ;                ; GND                             ; gnd    ;              ;                     ; --           ;                 ; --       ; --           ;
; P11      ;            ; --             ; VCC                             ; power  ;              ; 1.1V                ; --           ;                 ; --       ; --           ;
; P12      ;            ;                ; GND                             ; gnd    ;              ;                     ; --           ;                 ; --       ; --           ;
; P13      ;            ; --             ; VCC                             ; power  ;              ; 1.1V                ; --           ;                 ; --       ; --           ;
; P14      ;            ;                ; GND                             ; gnd    ;              ;                     ; --           ;                 ; --       ; --           ;
; P15      ;            ; --             ; VCC_HPS                         ; power  ;              ; 1.1V                ; --           ;                 ; --       ; --           ;
; P16      ;            ;                ; GND                             ; gnd    ;              ;                     ; --           ;                 ; --       ; --           ;
; P17      ;            ; --             ; VCC_HPS                         ; power  ;              ; 1.1V                ; --           ;                 ; --       ; --           ;
; P18      ;            ;                ; GND                             ; gnd    ;              ;                     ; --           ;                 ; --       ; --           ;
; P19      ;            ; --             ; VCC_HPS                         ; power  ;              ; 1.1V                ; --           ;                 ; --       ; --           ;
; P20      ;            ;                ; GND                             ; gnd    ;              ;                     ; --           ;                 ; --       ; --           ;
; P21      ;            ; 6A, 6B         ; VCCPD6A6B_HPS                   ; power  ;              ; 2.5V                ; --           ;                 ; --       ; --           ;
; P22      ; 294        ; 6B             ; RESERVED_INPUT_WITH_WEAK_PULLUP ;        ;              ;                     ; Row I/O      ;                 ; no       ; On           ;
; P23      ;            ; 6B             ; VCCIO6B_HPS                     ; power  ;              ; 2.5V                ; --           ;                 ; --       ; --           ;
; P24      ; 290        ; 6B             ; RESERVED_INPUT_WITH_WEAK_PULLUP ;        ;              ;                     ; Row I/O      ;                 ; no       ; On           ;
; P25      ; 288        ; 6B             ; RESERVED_INPUT_WITH_WEAK_PULLUP ;        ;              ;                     ; Row I/O      ;                 ; no       ; On           ;
; P26      ; 298        ; 6B             ; RESERVED_INPUT_WITH_WEAK_PULLUP ;        ;              ;                     ; Row I/O      ;                 ; no       ; On           ;
; P27      ; 296        ; 6B             ; RESERVED_INPUT_WITH_WEAK_PULLUP ;        ;              ;                     ; Row I/O      ;                 ; no       ; On           ;
; P28      ;            ; 6B             ; VCCIO6B_HPS                     ; power  ;              ; 2.5V                ; --           ;                 ; --       ; --           ;
; P29      ; 299        ; 6B             ; RESERVED_INPUT_WITH_WEAK_PULLUP ;        ;              ;                     ; Row I/O      ;                 ; no       ; On           ;
; P30      ; 301        ; 6B             ; RESERVED_INPUT_WITH_WEAK_PULLUP ;        ;              ;                     ; Row I/O      ;                 ; no       ; On           ;
; R1       ; 19         ; B1L            ; GND                             ;        ;              ;                     ; --           ;                 ; --       ; --           ;
; R2       ; 18         ; B1L            ; GND                             ;        ;              ;                     ; --           ;                 ; --       ; --           ;
; R3       ;            ;                ; GND                             ; gnd    ;              ;                     ; --           ;                 ; --       ; --           ;
; R4       ;            ;                ; GND                             ; gnd    ;              ;                     ; --           ;                 ; --       ; --           ;
; R5       ;            ; --             ; VCCL_GXBL                       ; power  ;              ; 1.1V                ; --           ;                 ; --       ; --           ;
; R6       ;            ;                ; GND                             ; gnd    ;              ;                     ; --           ;                 ; --       ; --           ;
; R7       ;            ; --             ; VCCA_FPLL                       ; power  ;              ; 2.5V                ; --           ;                 ; --       ; --           ;
; R8       ;            ;                ; GND                             ; gnd    ;              ;                     ; --           ;                 ; --       ; --           ;
; R9       ;            ;                ; GND                             ; gnd    ;              ;                     ; --           ;                 ; --       ; --           ;
; R10      ;            ; --             ; VCC                             ; power  ;              ; 1.1V                ; --           ;                 ; --       ; --           ;
; R11      ;            ;                ; GND                             ; gnd    ;              ;                     ; --           ;                 ; --       ; --           ;
; R12      ;            ; --             ; VCC                             ; power  ;              ; 1.1V                ; --           ;                 ; --       ; --           ;
; R13      ;            ;                ; GND                             ; gnd    ;              ;                     ; --           ;                 ; --       ; --           ;
; R14      ;            ; --             ; VCC                             ; power  ;              ; 1.1V                ; --           ;                 ; --       ; --           ;
; R15      ;            ;                ; GND                             ; gnd    ;              ;                     ; --           ;                 ; --       ; --           ;
; R16      ;            ; --             ; VCC_HPS                         ; power  ;              ; 1.1V                ; --           ;                 ; --       ; --           ;
; R17      ;            ;                ; GND                             ; gnd    ;              ;                     ; --           ;                 ; --       ; --           ;
; R18      ; 302        ; 6B             ; RESERVED_INPUT_WITH_WEAK_PULLUP ;        ;              ;                     ; Row I/O      ;                 ; no       ; On           ;
; R19      ; 300        ; 6B             ; RESERVED_INPUT_WITH_WEAK_PULLUP ;        ;              ;                     ; Row I/O      ;                 ; no       ; On           ;
; R20      ;            ; 6A, 6B         ; VCCPD6A6B_HPS                   ; power  ;              ; 2.5V                ; --           ;                 ; --       ; --           ;
; R21      ; 286        ; 6B             ; RESERVED_INPUT_WITH_WEAK_PULLUP ;        ;              ;                     ; Row I/O      ;                 ; no       ; On           ;
; R22      ; 284        ; 6B             ; RESERVED_INPUT_WITH_WEAK_PULLUP ;        ;              ;                     ; Row I/O      ;                 ; no       ; On           ;
; R23      ;            ; 6A, 6B         ; VCCPD6A6B_HPS                   ; power  ;              ; 2.5V                ; --           ;                 ; --       ; --           ;
; R24      ; 272        ; 6B             ; RESERVED_INPUT_WITH_WEAK_PULLUP ;        ;              ;                     ; Row I/O      ;                 ; no       ; On           ;
; R25      ;            ; 6B             ; VCCIO6B_HPS                     ; power  ;              ; 2.5V                ; --           ;                 ; --       ; --           ;
; R26      ; 280        ; 6B             ; RESERVED_INPUT_WITH_WEAK_PULLUP ;        ;              ;                     ; Row I/O      ;                 ; no       ; On           ;
; R27      ; 282        ; 6B             ; RESERVED_INPUT_WITH_WEAK_PULLUP ;        ;              ;                     ; Row I/O      ;                 ; no       ; On           ;
; R28      ; 293        ; 6B             ; RESERVED_INPUT_WITH_WEAK_PULLUP ;        ;              ;                     ; Row I/O      ;                 ; no       ; On           ;
; R29      ; 295        ; 6B             ; RESERVED_INPUT_WITH_WEAK_PULLUP ;        ;              ;                     ; Row I/O      ;                 ; no       ; On           ;
; R30      ;            ;                ; GND                             ; gnd    ;              ;                     ; --           ;                 ; --       ; --           ;
; T1       ;            ;                ; GND                             ; gnd    ;              ;                     ; --           ;                 ; --       ; --           ;
; T2       ;            ;                ; GND                             ; gnd    ;              ;                     ; --           ;                 ; --       ; --           ;
; T3       ; 20         ; B1L            ; GXB_NC                          ;        ;              ;                     ; --           ;                 ; --       ; --           ;
; T4       ; 21         ; B1L            ; GXB_NC                          ;        ;              ;                     ; --           ;                 ; --       ; --           ;
; T5       ;            ;                ; GND                             ; gnd    ;              ;                     ; --           ;                 ; --       ; --           ;
; T6       ;            ; --             ; VCCE_GXBL                       ; power  ;              ; 1.1V                ; --           ;                 ; --       ; --           ;
; T7       ;            ;                ; GND                             ; gnd    ;              ;                     ; --           ;                 ; --       ; --           ;
; T8       ; 14         ; B1L            ; GND                             ;        ;              ;                     ; Row I/O      ;                 ; --       ; --           ;
; T9       ; 15         ; B1L            ; GND                             ;        ;              ;                     ; Row I/O      ;                 ; --       ; --           ;
; T10      ;            ;                ; GND                             ; gnd    ;              ;                     ; --           ;                 ; --       ; --           ;
; T11      ;            ; --             ; VCC                             ; power  ;              ; 1.1V                ; --           ;                 ; --       ; --           ;
; T12      ;            ;                ; GND                             ; gnd    ;              ;                     ; --           ;                 ; --       ; --           ;
; T13      ;            ; --             ; VCC                             ; power  ;              ; 1.1V                ; --           ;                 ; --       ; --           ;
; T14      ;            ;                ; GND                             ; gnd    ;              ;                     ; --           ;                 ; --       ; --           ;
; T15      ;            ;                ; GND                             ; gnd    ;              ;                     ; --           ;                 ; --       ; --           ;
; T16      ;            ;                ; GND                             ; gnd    ;              ;                     ; --           ;                 ; --       ; --           ;
; T17      ;            ; --             ; VCC_HPS                         ; power  ;              ; 1.1V                ; --           ;                 ; --       ; --           ;
; T18      ;            ;                ; GND                             ; gnd    ;              ;                     ; --           ;                 ; --       ; --           ;
; T19      ;            ; --             ; VCC_HPS                         ; power  ;              ; 1.1V                ; --           ;                 ; --       ; --           ;
; T20      ;            ;                ; GND                             ; gnd    ;              ;                     ; --           ;                 ; --       ; --           ;
; T21      ; 278        ; 6B             ; RESERVED_INPUT_WITH_WEAK_PULLUP ;        ;              ;                     ; Row I/O      ;                 ; no       ; On           ;
; T22      ;            ; 6B             ; VCCIO6B_HPS                     ; power  ;              ; 2.5V                ; --           ;                 ; --       ; --           ;
; T23      ; 270        ; 6B             ; RESERVED_INPUT_WITH_WEAK_PULLUP ;        ;              ;                     ; Row I/O      ;                 ; no       ; On           ;
; T24      ; 268        ; 6B             ; RESERVED_INPUT_WITH_WEAK_PULLUP ;        ;              ;                     ; Row I/O      ;                 ; no       ; On           ;
; T25      ; 266        ; 6B             ; RESERVED_INPUT_WITH_WEAK_PULLUP ;        ;              ;                     ; Row I/O      ;                 ; no       ; On           ;
; T26      ; 304        ; 6B             ; RESERVED_INPUT_WITH_WEAK_PULLUP ;        ;              ;                     ; Row I/O      ;                 ; no       ; On           ;
; T27      ;            ;                ; GND                             ; gnd    ;              ;                     ; --           ;                 ; --       ; --           ;
; T28      ; 287        ; 6B             ; RESERVED_INPUT_WITH_WEAK_PULLUP ;        ;              ;                     ; Row I/O      ;                 ; no       ; On           ;
; T29      ; 289        ; 6B             ; RESERVED_INPUT_WITH_WEAK_PULLUP ;        ;              ;                     ; Row I/O      ;                 ; no       ; On           ;
; T30      ; 291        ; 6B             ; RESERVED_INPUT_WITH_WEAK_PULLUP ;        ;              ;                     ; Row I/O      ;                 ; no       ; On           ;
; U1       ; 23         ; B1L            ; GND                             ;        ;              ;                     ; --           ;                 ; --       ; --           ;
; U2       ; 22         ; B1L            ; GND                             ;        ;              ;                     ; --           ;                 ; --       ; --           ;
; U3       ;            ;                ; GND                             ; gnd    ;              ;                     ; --           ;                 ; --       ; --           ;
; U4       ;            ;                ; GND                             ; gnd    ;              ;                     ; --           ;                 ; --       ; --           ;
; U5       ;            ; --             ; VCCE_GXBL                       ; power  ;              ; 1.1V                ; --           ;                 ; --       ; --           ;
; U6       ;            ;                ; GND                             ; gnd    ;              ;                     ; --           ;                 ; --       ; --           ;
; U7       ; 50         ; 3A             ; ^DCLK                           ;        ;              ;                     ; Weak Pull Up ;                 ; --       ; On           ;
; U8       ; 48         ; 3A             ; #TDI                            ; input  ;              ;                     ; --           ;                 ; --       ; --           ;
; U9       ;            ;                ; GND                             ; gnd    ;              ;                     ; --           ;                 ; --       ; --           ;
; U10      ;            ; --             ; VCC                             ; power  ;              ; 1.1V                ; --           ;                 ; --       ; --           ;
; U11      ;            ;                ; GND                             ; gnd    ;              ;                     ; --           ;                 ; --       ; --           ;
; U12      ;            ; --             ; VCC                             ; power  ;              ; 1.1V                ; --           ;                 ; --       ; --           ;
; U13      ;            ;                ; GND                             ; gnd    ;              ;                     ; --           ;                 ; --       ; --           ;
; U14      ;            ; --             ; VCC                             ; power  ;              ; 1.1V                ; --           ;                 ; --       ; --           ;
; U15      ;            ;                ; GND                             ; gnd    ;              ;                     ; --           ;                 ; --       ; --           ;
; U16      ;            ; --             ; VCC_HPS                         ; power  ;              ; 1.1V                ; --           ;                 ; --       ; --           ;
; U17      ;            ;                ; GND                             ; gnd    ;              ;                     ; --           ;                 ; --       ; --           ;
; U18      ;            ; --             ; VCC_HPS                         ; power  ;              ; 1.1V                ; --           ;                 ; --       ; --           ;
; U19      ;            ; 6B             ; VCCIO6B_HPS                     ; power  ;              ; 2.5V                ; --           ;                 ; --       ; --           ;
; U20      ; 276        ; 6B             ; RESERVED_INPUT_WITH_WEAK_PULLUP ;        ;              ;                     ; Row I/O      ;                 ; no       ; On           ;
; U21      ;            ; --             ; VCC                             ; power  ;              ; 1.1V                ; --           ;                 ; --       ; --           ;
; U22      ;            ;                ; GND                             ; gnd    ;              ;                     ; --           ;                 ; --       ; --           ;
; U23      ;            ; 5B             ; VCCPD5B                         ; power  ;              ; 2.5V                ; --           ;                 ; --       ; --           ;
; U24      ;            ;                ; GND                             ; gnd    ;              ;                     ; --           ;                 ; --       ; --           ;
; U25      ; 264        ; 6B             ; RESERVED_INPUT_WITH_WEAK_PULLUP ;        ;              ;                     ; Row I/O      ;                 ; no       ; On           ;
; U26      ; 306        ; 6B             ; RESERVED_INPUT_WITH_WEAK_PULLUP ;        ;              ;                     ; Row I/O      ;                 ; no       ; On           ;
; U27      ; 273        ; 6B             ; RESERVED_INPUT_WITH_WEAK_PULLUP ;        ;              ;                     ; Row I/O      ;                 ; no       ; On           ;
; U28      ; 285        ; 6B             ; RESERVED_INPUT_WITH_WEAK_PULLUP ;        ;              ;                     ; Row I/O      ;                 ; no       ; On           ;
; U29      ;            ;                ; GND                             ; gnd    ;              ;                     ; --           ;                 ; --       ; --           ;
; U30      ; 283        ; 6B             ; RESERVED_INPUT_WITH_WEAK_PULLUP ;        ;              ;                     ; Row I/O      ;                 ; --       ; --           ;
; V1       ;            ;                ; GND                             ; gnd    ;              ;                     ; --           ;                 ; --       ; --           ;
; V2       ;            ;                ; GND                             ; gnd    ;              ;                     ; --           ;                 ; --       ; --           ;
; V3       ; 24         ; B1L            ; GXB_NC                          ;        ;              ;                     ; --           ;                 ; --       ; --           ;
; V4       ; 25         ; B1L            ; GXB_NC                          ;        ;              ;                     ; --           ;                 ; --       ; --           ;
; V5       ;            ;                ; GND                             ; gnd    ;              ;                     ; --           ;                 ; --       ; --           ;
; V6       ;            ; --             ; VCCH_GXBL                       ; power  ;              ; 2.5V                ; --           ;                 ; --       ; --           ;
; V7       ;            ;                ; GND                             ; gnd    ;              ;                     ; --           ;                 ; --       ; --           ;
; V8       ;            ; --             ; VCCA_FPLL                       ; power  ;              ; 2.5V                ; --           ;                 ; --       ; --           ;
; V9       ; 44         ; 3A             ; #TMS                            ; input  ;              ;                     ; --           ;                 ; --       ; --           ;
; V10      ;            ;                ; GND                             ; gnd    ;              ;                     ; --           ;                 ; --       ; --           ;
; V11      ;            ; --             ; VCC                             ; power  ;              ; 1.1V                ; --           ;                 ; --       ; --           ;
; V12      ;            ;                ; GND                             ; gnd    ;              ;                     ; --           ;                 ; --       ; --           ;
; V13      ;            ; --             ; VCC                             ; power  ;              ; 1.1V                ; --           ;                 ; --       ; --           ;
; V14      ;            ;                ; GND                             ; gnd    ;              ;                     ; --           ;                 ; --       ; --           ;
; V15      ;            ; --             ; VCC                             ; power  ;              ; 1.1V                ; --           ;                 ; --       ; --           ;
; V16      ; 138        ; 4A             ; HEX1[5]                         ; output ; 3.3-V LVTTL  ;                     ; Column I/O   ; Y               ; no       ; Off          ;
; V17      ; 154        ; 4A             ; HEX1[0]                         ; output ; 3.3-V LVTTL  ;                     ; Column I/O   ; Y               ; no       ; Off          ;
; V18      ; 194        ; 4A             ; HEX0[5]                         ; output ; 3.3-V LVTTL  ;                     ; Column I/O   ; Y               ; no       ; Off          ;
; V19      ;            ;                ; GND                             ; gnd    ;              ;                     ; --           ;                 ; --       ; --           ;
; V20      ; 292        ; 6B             ; RESERVED_INPUT_WITH_WEAK_PULLUP ;        ;              ;                     ; Row I/O      ;                 ; no       ; On           ;
; V21      ;            ;                ; GND                             ; gnd    ;              ;                     ; --           ;                 ; --       ; --           ;
; V22      ;            ; 5A             ; VCCPD5A                         ; power  ;              ; 2.5V                ; --           ;                 ; --       ; --           ;
; V23      ; 236        ; 5A             ; RESERVED_INPUT_WITH_WEAK_PULLUP ;        ;              ;                     ; Row I/O      ;                 ; no       ; On           ;
; V24      ;            ; 5A             ; VCCPD5A                         ; power  ;              ; 2.5V                ; --           ;                 ; --       ; --           ;
; V25      ; 246        ; 5B             ; RESERVED_INPUT_WITH_WEAK_PULLUP ;        ;              ;                     ; Row I/O      ;                 ; no       ; On           ;
; V26      ;            ; 6B             ; VCCIO6B_HPS                     ; power  ;              ; 2.5V                ; --           ;                 ; --       ; --           ;
; V27      ; 265        ; 6B             ; RESERVED_INPUT_WITH_WEAK_PULLUP ;        ;              ;                     ; Row I/O      ;                 ; no       ; On           ;
; V28      ; 271        ; 6B             ; RESERVED_INPUT_WITH_WEAK_PULLUP ;        ;              ;                     ; Row I/O      ;                 ; no       ; On           ;
; V29      ; 275        ; 6B             ; RESERVED_INPUT_WITH_WEAK_PULLUP ;        ;              ;                     ; Row I/O      ;                 ; no       ; On           ;
; V30      ; 281        ; 6B             ; RESERVED_INPUT_WITH_WEAK_PULLUP ;        ;              ;                     ; Row I/O      ;                 ; no       ; On           ;
; W1       ; 27         ; B1L            ; GND                             ;        ;              ;                     ; --           ;                 ; --       ; --           ;
; W2       ; 26         ; B1L            ; GND                             ;        ;              ;                     ; --           ;                 ; --       ; --           ;
; W3       ;            ;                ; GND                             ; gnd    ;              ;                     ; --           ;                 ; --       ; --           ;
; W4       ;            ;                ; GND                             ; gnd    ;              ;                     ; --           ;                 ; --       ; --           ;
; W5       ;            ; --             ; VCCL_GXBL                       ; power  ;              ; 1.1V                ; --           ;                 ; --       ; --           ;
; W6       ;            ;                ; GND                             ; gnd    ;              ;                     ; --           ;                 ; --       ; --           ;
; W7       ; 41         ; B0L            ; GND                             ;        ;              ;                     ; Row I/O      ;                 ; --       ; --           ;
; W8       ; 40         ; B0L            ; GND                             ;        ;              ;                     ; Row I/O      ;                 ; --       ; --           ;
; W9       ;            ;                ; GND                             ; gnd    ;              ;                     ; --           ;                 ; --       ; --           ;
; W10      ;            ; --             ; VCC                             ; power  ;              ; 1.1V                ; --           ;                 ; --       ; --           ;
; W11      ;            ;                ; GND                             ; gnd    ;              ;                     ; --           ;                 ; --       ; --           ;
; W12      ;            ; --             ; VCC                             ; power  ;              ; 1.1V                ; --           ;                 ; --       ; --           ;
; W13      ;            ;                ; GND                             ; gnd    ;              ;                     ; --           ;                 ; --       ; --           ;
; W14      ;            ; --             ; VCC                             ; power  ;              ; 1.1V                ; --           ;                 ; --       ; --           ;
; W15      ; 130        ; 3B             ; RESERVED_INPUT_WITH_WEAK_PULLUP ;        ;              ;                     ; Column I/O   ;                 ; no       ; On           ;
; W16      ; 136        ; 4A             ; HEX2[0]                         ; output ; 3.3-V LVTTL  ;                     ; Column I/O   ; Y               ; no       ; Off          ;
; W17      ; 152        ; 4A             ; HEX0[6]                         ; output ; 3.3-V LVTTL  ;                     ; Column I/O   ; Y               ; no       ; Off          ;
; W18      ;            ;                ; GND                             ; gnd    ;              ;                     ; --           ;                 ; --       ; --           ;
; W19      ; 192        ; 4A             ; HEX3[5]                         ; output ; 3.3-V LVTTL  ;                     ; Column I/O   ; Y               ; no       ; Off          ;
; W20      ; 217        ; 5A             ; RESERVED_INPUT_WITH_WEAK_PULLUP ;        ;              ;                     ; Row I/O      ;                 ; no       ; On           ;
; W21      ; 221        ; 5A             ; RESERVED_INPUT_WITH_WEAK_PULLUP ;        ;              ;                     ; Row I/O      ;                 ; no       ; On           ;
; W22      ; 223        ; 5A             ; RESERVED_INPUT_WITH_WEAK_PULLUP ;        ;              ;                     ; Row I/O      ;                 ; no       ; On           ;
; W23      ;            ; 5A             ; VCCIO5A                         ; power  ;              ; 2.5V                ; --           ;                 ; --       ; --           ;
; W24      ; 238        ; 5A             ; RESERVED_INPUT_WITH_WEAK_PULLUP ;        ;              ;                     ; Row I/O      ;                 ; no       ; On           ;
; W25      ; 244        ; 5B             ; RESERVED_INPUT_WITH_WEAK_PULLUP ;        ;              ;                     ; Row I/O      ;                 ; no       ; On           ;
; W26      ; 274        ; 6B             ; RESERVED_INPUT_WITH_WEAK_PULLUP ;        ;              ;                     ; Row I/O      ;                 ; no       ; On           ;
; W27      ; 261        ; 6B             ; RESERVED_INPUT_WITH_WEAK_PULLUP ;        ;              ;                     ; Row I/O      ;                 ; no       ; On           ;
; W28      ;            ;                ; GND                             ; gnd    ;              ;                     ; --           ;                 ; --       ; --           ;
; W29      ; 279        ; 6B             ; RESERVED_INPUT_WITH_WEAK_PULLUP ;        ;              ;                     ; Row I/O      ;                 ; no       ; On           ;
; W30      ; 277        ; 6B             ; RESERVED_INPUT_WITH_WEAK_PULLUP ;        ;              ;                     ; Row I/O      ;                 ; no       ; On           ;
; Y1       ;            ;                ; GND                             ; gnd    ;              ;                     ; --           ;                 ; --       ; --           ;
; Y2       ;            ;                ; GND                             ; gnd    ;              ;                     ; --           ;                 ; --       ; --           ;
; Y3       ; 28         ; B0L            ; GXB_NC                          ;        ;              ;                     ; --           ;                 ; --       ; --           ;
; Y4       ; 29         ; B0L            ; GXB_NC                          ;        ;              ;                     ; --           ;                 ; --       ; --           ;
; Y5       ;            ;                ; GND                             ; gnd    ;              ;                     ; --           ;                 ; --       ; --           ;
; Y6       ;            ; --             ; VCCE_GXBL                       ; power  ;              ; 1.1V                ; --           ;                 ; --       ; --           ;
; Y7       ;            ;                ; GND                             ; gnd    ;              ;                     ; --           ;                 ; --       ; --           ;
; Y8       ;            ;                ; GND                             ; gnd    ;              ;                     ; --           ;                 ; --       ; --           ;
; Y9       ;            ; --             ; VCC                             ; power  ;              ; 1.1V                ; --           ;                 ; --       ; --           ;
; Y10      ;            ;                ; GND                             ; gnd    ;              ;                     ; --           ;                 ; --       ; --           ;
; Y11      ;            ; --             ; VCC                             ; power  ;              ; 1.1V                ; --           ;                 ; --       ; --           ;
; Y12      ;            ;                ; GND                             ; gnd    ;              ;                     ; --           ;                 ; --       ; --           ;
; Y13      ;            ; --             ; VCC                             ; power  ;              ; 1.1V                ; --           ;                 ; --       ; --           ;
; Y14      ;            ;                ; GND                             ; gnd    ;              ;                     ; --           ;                 ; --       ; --           ;
; Y15      ;            ;                ; GND                             ; gnd    ;              ;                     ; --           ;                 ; --       ; --           ;
; Y16      ; 128        ; 3B             ; RESERVED_INPUT_WITH_WEAK_PULLUP ;        ;              ;                     ; Column I/O   ;                 ; no       ; On           ;
; Y17      ; 170        ; 4A             ; HEX2[3]                         ; output ; 3.3-V LVTTL  ;                     ; Column I/O   ; Y               ; no       ; Off          ;
; Y18      ; 178        ; 4A             ; HEX2[2]                         ; output ; 3.3-V LVTTL  ;                     ; Column I/O   ; Y               ; no       ; Off          ;
; Y19      ; 202        ; 4A             ; HEX3[6]                         ; output ; 3.3-V LVTTL  ;                     ; Column I/O   ; Y               ; no       ; Off          ;
; Y20      ;            ;                ; GND                             ; gnd    ;              ;                     ; --           ;                 ; --       ; --           ;
; Y21      ; 219        ; 5A             ; RESERVED_INPUT_WITH_WEAK_PULLUP ;        ;              ;                     ; Row I/O      ;                 ; no       ; On           ;
; Y22      ;            ; --             ; VCCA_FPLL                       ; power  ;              ; 2.5V                ; --           ;                 ; --       ; --           ;
; Y23      ; 232        ; 5A             ; RESERVED_INPUT_WITH_WEAK_PULLUP ;        ;              ;                     ; Row I/O      ;                 ; no       ; On           ;
; Y24      ; 234        ; 5A             ; RESERVED_INPUT_WITH_WEAK_PULLUP ;        ;              ;                     ; Row I/O      ;                 ; no       ; On           ;
; Y25      ;            ;                ; GND                             ; gnd    ;              ;                     ; --           ;                 ; --       ; --           ;
; Y26      ; 256        ; 5B             ; RESERVED_INPUT_WITH_WEAK_PULLUP ;        ;              ;                     ; Row I/O      ;                 ; no       ; On           ;
; Y27      ; 258        ; 5B             ; RESERVED_INPUT_WITH_WEAK_PULLUP ;        ;              ;                     ; Row I/O      ;                 ; no       ; On           ;
; Y28      ; 269        ; 6B             ; RESERVED_INPUT_WITH_WEAK_PULLUP ;        ;              ;                     ; Row I/O      ;                 ; no       ; On           ;
; Y29      ; 263        ; 6B             ; RESERVED_INPUT_WITH_WEAK_PULLUP ;        ;              ;                     ; Row I/O      ;                 ; no       ; On           ;
; Y30      ;            ;                ; GND                             ; gnd    ;              ;                     ; --           ;                 ; --       ; --           ;
+----------+------------+----------------+---------------------------------+--------+--------------+---------------------+--------------+-----------------+----------+--------------+
Note: Pin directions (input, output or bidir) are based on device operating in user mode.


+----------------------------------------------------+
; I/O Assignment Warnings                            ;
+-------------+--------------------------------------+
; Pin Name    ; Reason                               ;
+-------------+--------------------------------------+
; KEY[1]      ; Incomplete set of assignments        ;
; KEY[2]      ; Incomplete set of assignments        ;
; KEY[3]      ; Incomplete set of assignments        ;
; ack         ; Missing drive strength and slew rate ;
; HEX0[0]     ; Missing drive strength and slew rate ;
; HEX0[1]     ; Missing drive strength and slew rate ;
; HEX0[2]     ; Missing drive strength and slew rate ;
; HEX0[3]     ; Missing drive strength and slew rate ;
; HEX0[4]     ; Missing drive strength and slew rate ;
; HEX0[5]     ; Missing drive strength and slew rate ;
; HEX0[6]     ; Missing drive strength and slew rate ;
; HEX1[0]     ; Missing drive strength and slew rate ;
; HEX1[1]     ; Missing drive strength and slew rate ;
; HEX1[2]     ; Missing drive strength and slew rate ;
; HEX1[3]     ; Missing drive strength and slew rate ;
; HEX1[4]     ; Missing drive strength and slew rate ;
; HEX1[5]     ; Missing drive strength and slew rate ;
; HEX1[6]     ; Missing drive strength and slew rate ;
; HEX2[0]     ; Missing drive strength and slew rate ;
; HEX2[1]     ; Missing drive strength and slew rate ;
; HEX2[2]     ; Missing drive strength and slew rate ;
; HEX2[3]     ; Missing drive strength and slew rate ;
; HEX2[4]     ; Missing drive strength and slew rate ;
; HEX2[5]     ; Missing drive strength and slew rate ;
; HEX2[6]     ; Missing drive strength and slew rate ;
; HEX3[0]     ; Missing drive strength and slew rate ;
; HEX3[1]     ; Missing drive strength and slew rate ;
; HEX3[2]     ; Missing drive strength and slew rate ;
; HEX3[3]     ; Missing drive strength and slew rate ;
; HEX3[4]     ; Missing drive strength and slew rate ;
; HEX3[5]     ; Missing drive strength and slew rate ;
; HEX3[6]     ; Missing drive strength and slew rate ;
; HEX4[0]     ; Missing drive strength and slew rate ;
; HEX4[1]     ; Missing drive strength and slew rate ;
; HEX4[2]     ; Missing drive strength and slew rate ;
; HEX4[3]     ; Missing drive strength and slew rate ;
; HEX4[4]     ; Missing drive strength and slew rate ;
; HEX4[5]     ; Missing drive strength and slew rate ;
; HEX4[6]     ; Missing drive strength and slew rate ;
; VGA_HS      ; Missing drive strength and slew rate ;
; VGA_VS      ; Missing drive strength and slew rate ;
; VGA_R[0]    ; Missing drive strength and slew rate ;
; VGA_R[1]    ; Missing drive strength and slew rate ;
; VGA_R[2]    ; Missing drive strength and slew rate ;
; VGA_R[3]    ; Missing drive strength and slew rate ;
; VGA_R[4]    ; Missing drive strength and slew rate ;
; VGA_R[5]    ; Missing drive strength and slew rate ;
; VGA_R[6]    ; Missing drive strength and slew rate ;
; VGA_R[7]    ; Missing drive strength and slew rate ;
; VGA_G[0]    ; Missing drive strength and slew rate ;
; VGA_G[1]    ; Missing drive strength and slew rate ;
; VGA_G[2]    ; Missing drive strength and slew rate ;
; VGA_G[3]    ; Missing drive strength and slew rate ;
; VGA_G[4]    ; Missing drive strength and slew rate ;
; VGA_G[5]    ; Missing drive strength and slew rate ;
; VGA_G[6]    ; Missing drive strength and slew rate ;
; VGA_G[7]    ; Missing drive strength and slew rate ;
; VGA_B[0]    ; Missing drive strength and slew rate ;
; VGA_B[1]    ; Missing drive strength and slew rate ;
; VGA_B[2]    ; Missing drive strength and slew rate ;
; VGA_B[3]    ; Missing drive strength and slew rate ;
; VGA_B[4]    ; Missing drive strength and slew rate ;
; VGA_B[5]    ; Missing drive strength and slew rate ;
; VGA_B[6]    ; Missing drive strength and slew rate ;
; VGA_B[7]    ; Missing drive strength and slew rate ;
; VGA_CLK     ; Missing drive strength and slew rate ;
; VGA_BLANK_N ; Missing drive strength and slew rate ;
; VGA_SYNC_N  ; Missing drive strength and slew rate ;
; KEY[0]      ; Incomplete set of assignments        ;
; ss          ; Incomplete set of assignments        ;
; CLOCK_50    ; Incomplete set of assignments        ;
+-------------+--------------------------------------+


+---------------------------------------------------------------------------------------------------------------------------------------------------------------------------------------------------------------------------------------------------------------------------------------------------------------------------------------------------------------------------------------------------------------------------------------------------------------------------------------------------------------------------------------------------------------------+
; Fitter Resource Utilization by Entity                                                                                                                                                                                                                                                                                                                                                                                                                                                                                                                               ;
+-------------------------------------------------+----------------------+----------------------------------+---------------------------------------------------+----------------------------------+----------------------+---------------------+---------------------------+---------------+-------------------+-------+------------+------+--------------+-------------------------------------------------------------------------------------------------------------------------------------------------------------------+-----------------------+--------------+
; Compilation Hierarchy Node                      ; ALMs needed [=A-B+C] ; [A] ALMs used in final placement ; [B] Estimate of ALMs recoverable by dense packing ; [C] Estimate of ALMs unavailable ; ALMs used for memory ; Combinational ALUTs ; Dedicated Logic Registers ; I/O Registers ; Block Memory Bits ; M10Ks ; DSP Blocks ; Pins ; Virtual Pins ; Full Hierarchy Name                                                                                                                                               ; Entity Name           ; Library Name ;
+-------------------------------------------------+----------------------+----------------------------------+---------------------------------------------------+----------------------------------+----------------------+---------------------+---------------------------+---------------+-------------------+-------+------------+------+--------------+-------------------------------------------------------------------------------------------------------------------------------------------------------------------+-----------------------+--------------+
; |top_program                                    ; 6701.5 (50.0)        ; 8187.1 (61.7)                    ; 1725.1 (11.9)                                     ; 239.5 (0.2)                      ; 0.0 (0.0)            ; 8329 (41)           ; 8673 (106)                ; 0 (0)         ; 0                 ; 0     ; 0          ; 74   ; 0            ; |top_program                                                                                                                                                      ; top_program           ; work         ;
;    |SPI_io:u_spi|                               ; 4.0 (4.0)            ; 7.0 (7.0)                        ; 3.0 (3.0)                                         ; 0.0 (0.0)                        ; 0.0 (0.0)            ; 8 (8)               ; 10 (10)                   ; 0 (0)         ; 0                 ; 0     ; 0          ; 0    ; 0            ; |top_program|SPI_io:u_spi                                                                                                                                         ; SPI_io                ; work         ;
;    |clock_divider:u_div|                        ; 12.0 (12.0)          ; 12.5 (12.5)                      ; 0.5 (0.5)                                         ; 0.0 (0.0)                        ; 0.0 (0.0)            ; 24 (24)             ; 25 (25)                   ; 0 (0)         ; 0                 ; 0     ; 0          ; 0    ; 0            ; |top_program|clock_divider:u_div                                                                                                                                  ; clock_divider         ; work         ;
;    |cpu_armv4:u_cpu|                            ; 6402.6 (116.9)       ; 7857.7 (128.0)                   ; 1692.5 (14.4)                                     ; 237.5 (3.4)                      ; 0.0 (0.0)            ; 7856 (198)          ; 8484 (8)                  ; 0 (0)         ; 0                 ; 0     ; 0          ; 0    ; 0            ; |top_program|cpu_armv4:u_cpu                                                                                                                                      ; cpu_armv4             ; work         ;
;       |alu_core:u_alu_core|                     ; 2500.3 (132.1)       ; 2312.1 (136.7)                   ; 14.1 (7.7)                                        ; 202.3 (3.1)                      ; 0.0 (0.0)            ; 4449 (166)          ; 0 (0)                     ; 0 (0)         ; 0                 ; 0     ; 0          ; 0    ; 0            ; |top_program|cpu_armv4:u_cpu|alu_core:u_alu_core                                                                                                                  ; alu_core              ; work         ;
;          |divider:u_divmod|                     ; 1316.1 (13.3)        ; 1120.9 (13.7)                    ; 3.1 (0.7)                                         ; 198.3 (0.3)                      ; 0.0 (0.0)            ; 2233 (20)           ; 0 (0)                     ; 0 (0)         ; 0                 ; 0     ; 0          ; 0    ; 0            ; |top_program|cpu_armv4:u_cpu|alu_core:u_alu_core|divider:u_divmod                                                                                                 ; divider               ; work         ;
;             |lpm_divide:Div0|                   ; 640.3 (0.0)          ; 549.0 (0.0)                      ; 0.0 (0.0)                                         ; 91.3 (0.0)                       ; 0.0 (0.0)            ; 1094 (0)            ; 0 (0)                     ; 0 (0)         ; 0                 ; 0     ; 0          ; 0    ; 0            ; |top_program|cpu_armv4:u_cpu|alu_core:u_alu_core|divider:u_divmod|lpm_divide:Div0                                                                                 ; lpm_divide            ; work         ;
;                |lpm_divide_3dm:auto_generated|  ; 640.3 (0.0)          ; 549.0 (0.0)                      ; 0.0 (0.0)                                         ; 91.3 (0.0)                       ; 0.0 (0.0)            ; 1094 (0)            ; 0 (0)                     ; 0 (0)         ; 0                 ; 0     ; 0          ; 0    ; 0            ; |top_program|cpu_armv4:u_cpu|alu_core:u_alu_core|divider:u_divmod|lpm_divide:Div0|lpm_divide_3dm:auto_generated                                                   ; lpm_divide_3dm        ; work         ;
;                   |sign_div_unsign_9nh:divider| ; 640.3 (0.0)          ; 549.0 (0.0)                      ; 0.0 (0.0)                                         ; 91.3 (0.0)                       ; 0.0 (0.0)            ; 1094 (0)            ; 0 (0)                     ; 0 (0)         ; 0                 ; 0     ; 0          ; 0    ; 0            ; |top_program|cpu_armv4:u_cpu|alu_core:u_alu_core|divider:u_divmod|lpm_divide:Div0|lpm_divide_3dm:auto_generated|sign_div_unsign_9nh:divider                       ; sign_div_unsign_9nh   ; work         ;
;                      |alt_u_div_o2f:divider|    ; 640.3 (640.3)        ; 549.0 (549.0)                    ; 0.0 (0.0)                                         ; 91.3 (91.3)                      ; 0.0 (0.0)            ; 1094 (1094)         ; 0 (0)                     ; 0 (0)         ; 0                 ; 0     ; 0          ; 0    ; 0            ; |top_program|cpu_armv4:u_cpu|alu_core:u_alu_core|divider:u_divmod|lpm_divide:Div0|lpm_divide_3dm:auto_generated|sign_div_unsign_9nh:divider|alt_u_div_o2f:divider ; alt_u_div_o2f         ; work         ;
;             |lpm_divide:Mod0|                   ; 662.5 (0.0)          ; 558.3 (0.0)                      ; 2.4 (0.0)                                         ; 106.7 (0.0)                      ; 0.0 (0.0)            ; 1119 (0)            ; 0 (0)                     ; 0 (0)         ; 0                 ; 0     ; 0          ; 0    ; 0            ; |top_program|cpu_armv4:u_cpu|alu_core:u_alu_core|divider:u_divmod|lpm_divide:Mod0                                                                                 ; lpm_divide            ; work         ;
;                |lpm_divide_65m:auto_generated|  ; 662.5 (0.0)          ; 558.3 (0.0)                      ; 2.4 (0.0)                                         ; 106.7 (0.0)                      ; 0.0 (0.0)            ; 1119 (0)            ; 0 (0)                     ; 0 (0)         ; 0                 ; 0     ; 0          ; 0    ; 0            ; |top_program|cpu_armv4:u_cpu|alu_core:u_alu_core|divider:u_divmod|lpm_divide:Mod0|lpm_divide_65m:auto_generated                                                   ; lpm_divide_65m        ; work         ;
;                   |sign_div_unsign_9nh:divider| ; 662.5 (0.0)          ; 558.3 (0.0)                      ; 2.4 (0.0)                                         ; 106.7 (0.0)                      ; 0.0 (0.0)            ; 1119 (0)            ; 0 (0)                     ; 0 (0)         ; 0                 ; 0     ; 0          ; 0    ; 0            ; |top_program|cpu_armv4:u_cpu|alu_core:u_alu_core|divider:u_divmod|lpm_divide:Mod0|lpm_divide_65m:auto_generated|sign_div_unsign_9nh:divider                       ; sign_div_unsign_9nh   ; work         ;
;                      |alt_u_div_o2f:divider|    ; 662.5 (662.5)        ; 558.3 (558.3)                    ; 2.4 (2.4)                                         ; 106.7 (106.7)                    ; 0.0 (0.0)            ; 1119 (1119)         ; 0 (0)                     ; 0 (0)         ; 0                 ; 0     ; 0          ; 0    ; 0            ; |top_program|cpu_armv4:u_cpu|alu_core:u_alu_core|divider:u_divmod|lpm_divide:Mod0|lpm_divide_65m:auto_generated|sign_div_unsign_9nh:divider|alt_u_div_o2f:divider ; alt_u_div_o2f         ; work         ;
;          |logic_ops:u_logic|                    ; 2.9 (2.9)            ; 2.8 (2.8)                        ; 0.0 (0.0)                                         ; 0.1 (0.1)                        ; 0.0 (0.0)            ; 6 (6)               ; 0 (0)                     ; 0 (0)         ; 0                 ; 0     ; 0          ; 0    ; 0            ; |top_program|cpu_armv4:u_cpu|alu_core:u_alu_core|logic_ops:u_logic                                                                                                ; logic_ops             ; work         ;
;          |multiplicador_sumas:u_mul|            ; 1022.0 (32.1)        ; 1021.2 (32.0)                    ; 0.0 (0.0)                                         ; 0.8 (0.1)                        ; 0.0 (0.0)            ; 1981 (65)           ; 0 (0)                     ; 0 (0)         ; 0                 ; 0     ; 0          ; 0    ; 0            ; |top_program|cpu_armv4:u_cpu|alu_core:u_alu_core|multiplicador_sumas:u_mul                                                                                        ; multiplicador_sumas   ; work         ;
;             |sumador:GEN_MUL[10].u_add_i|       ; 32.0 (32.0)          ; 32.0 (32.0)                      ; 0.0 (0.0)                                         ; 0.0 (0.0)                        ; 0.0 (0.0)            ; 64 (64)             ; 0 (0)                     ; 0 (0)         ; 0                 ; 0     ; 0          ; 0    ; 0            ; |top_program|cpu_armv4:u_cpu|alu_core:u_alu_core|multiplicador_sumas:u_mul|sumador:GEN_MUL[10].u_add_i                                                            ; sumador               ; work         ;
;             |sumador:GEN_MUL[11].u_add_i|       ; 32.0 (32.0)          ; 32.0 (32.0)                      ; 0.0 (0.0)                                         ; 0.0 (0.0)                        ; 0.0 (0.0)            ; 64 (64)             ; 0 (0)                     ; 0 (0)         ; 0                 ; 0     ; 0          ; 0    ; 0            ; |top_program|cpu_armv4:u_cpu|alu_core:u_alu_core|multiplicador_sumas:u_mul|sumador:GEN_MUL[11].u_add_i                                                            ; sumador               ; work         ;
;             |sumador:GEN_MUL[12].u_add_i|       ; 32.0 (32.0)          ; 32.0 (32.0)                      ; 0.0 (0.0)                                         ; 0.0 (0.0)                        ; 0.0 (0.0)            ; 64 (64)             ; 0 (0)                     ; 0 (0)         ; 0                 ; 0     ; 0          ; 0    ; 0            ; |top_program|cpu_armv4:u_cpu|alu_core:u_alu_core|multiplicador_sumas:u_mul|sumador:GEN_MUL[12].u_add_i                                                            ; sumador               ; work         ;
;             |sumador:GEN_MUL[13].u_add_i|       ; 32.0 (32.0)          ; 32.0 (32.0)                      ; 0.0 (0.0)                                         ; 0.0 (0.0)                        ; 0.0 (0.0)            ; 64 (64)             ; 0 (0)                     ; 0 (0)         ; 0                 ; 0     ; 0          ; 0    ; 0            ; |top_program|cpu_armv4:u_cpu|alu_core:u_alu_core|multiplicador_sumas:u_mul|sumador:GEN_MUL[13].u_add_i                                                            ; sumador               ; work         ;
;             |sumador:GEN_MUL[14].u_add_i|       ; 31.8 (31.8)          ; 31.8 (31.8)                      ; 0.0 (0.0)                                         ; 0.0 (0.0)                        ; 0.0 (0.0)            ; 64 (64)             ; 0 (0)                     ; 0 (0)         ; 0                 ; 0     ; 0          ; 0    ; 0            ; |top_program|cpu_armv4:u_cpu|alu_core:u_alu_core|multiplicador_sumas:u_mul|sumador:GEN_MUL[14].u_add_i                                                            ; sumador               ; work         ;
;             |sumador:GEN_MUL[15].u_add_i|       ; 32.0 (32.0)          ; 32.0 (32.0)                      ; 0.0 (0.0)                                         ; 0.0 (0.0)                        ; 0.0 (0.0)            ; 64 (64)             ; 0 (0)                     ; 0 (0)         ; 0                 ; 0     ; 0          ; 0    ; 0            ; |top_program|cpu_armv4:u_cpu|alu_core:u_alu_core|multiplicador_sumas:u_mul|sumador:GEN_MUL[15].u_add_i                                                            ; sumador               ; work         ;
;             |sumador:GEN_MUL[16].u_add_i|       ; 32.0 (32.0)          ; 32.0 (32.0)                      ; 0.0 (0.0)                                         ; 0.0 (0.0)                        ; 0.0 (0.0)            ; 64 (64)             ; 0 (0)                     ; 0 (0)         ; 0                 ; 0     ; 0          ; 0    ; 0            ; |top_program|cpu_armv4:u_cpu|alu_core:u_alu_core|multiplicador_sumas:u_mul|sumador:GEN_MUL[16].u_add_i                                                            ; sumador               ; work         ;
;             |sumador:GEN_MUL[17].u_add_i|       ; 32.0 (32.0)          ; 32.0 (32.0)                      ; 0.0 (0.0)                                         ; 0.0 (0.0)                        ; 0.0 (0.0)            ; 64 (64)             ; 0 (0)                     ; 0 (0)         ; 0                 ; 0     ; 0          ; 0    ; 0            ; |top_program|cpu_armv4:u_cpu|alu_core:u_alu_core|multiplicador_sumas:u_mul|sumador:GEN_MUL[17].u_add_i                                                            ; sumador               ; work         ;
;             |sumador:GEN_MUL[18].u_add_i|       ; 32.0 (32.0)          ; 32.0 (32.0)                      ; 0.0 (0.0)                                         ; 0.0 (0.0)                        ; 0.0 (0.0)            ; 64 (64)             ; 0 (0)                     ; 0 (0)         ; 0                 ; 0     ; 0          ; 0    ; 0            ; |top_program|cpu_armv4:u_cpu|alu_core:u_alu_core|multiplicador_sumas:u_mul|sumador:GEN_MUL[18].u_add_i                                                            ; sumador               ; work         ;
;             |sumador:GEN_MUL[19].u_add_i|       ; 32.0 (32.0)          ; 32.0 (32.0)                      ; 0.0 (0.0)                                         ; 0.0 (0.0)                        ; 0.0 (0.0)            ; 64 (64)             ; 0 (0)                     ; 0 (0)         ; 0                 ; 0     ; 0          ; 0    ; 0            ; |top_program|cpu_armv4:u_cpu|alu_core:u_alu_core|multiplicador_sumas:u_mul|sumador:GEN_MUL[19].u_add_i                                                            ; sumador               ; work         ;
;             |sumador:GEN_MUL[1].u_add_i|        ; 36.5 (36.5)          ; 37.2 (37.2)                      ; 0.7 (0.7)                                         ; 0.0 (0.0)                        ; 0.0 (0.0)            ; 62 (62)             ; 0 (0)                     ; 0 (0)         ; 0                 ; 0     ; 0          ; 0    ; 0            ; |top_program|cpu_armv4:u_cpu|alu_core:u_alu_core|multiplicador_sumas:u_mul|sumador:GEN_MUL[1].u_add_i                                                             ; sumador               ; work         ;
;             |sumador:GEN_MUL[20].u_add_i|       ; 32.0 (32.0)          ; 32.0 (32.0)                      ; 0.0 (0.0)                                         ; 0.0 (0.0)                        ; 0.0 (0.0)            ; 64 (64)             ; 0 (0)                     ; 0 (0)         ; 0                 ; 0     ; 0          ; 0    ; 0            ; |top_program|cpu_armv4:u_cpu|alu_core:u_alu_core|multiplicador_sumas:u_mul|sumador:GEN_MUL[20].u_add_i                                                            ; sumador               ; work         ;
;             |sumador:GEN_MUL[21].u_add_i|       ; 32.5 (32.5)          ; 32.5 (32.5)                      ; 0.0 (0.0)                                         ; 0.0 (0.0)                        ; 0.0 (0.0)            ; 63 (63)             ; 0 (0)                     ; 0 (0)         ; 0                 ; 0     ; 0          ; 0    ; 0            ; |top_program|cpu_armv4:u_cpu|alu_core:u_alu_core|multiplicador_sumas:u_mul|sumador:GEN_MUL[21].u_add_i                                                            ; sumador               ; work         ;
;             |sumador:GEN_MUL[22].u_add_i|       ; 32.5 (32.5)          ; 32.5 (32.5)                      ; 0.0 (0.0)                                         ; 0.0 (0.0)                        ; 0.0 (0.0)            ; 63 (63)             ; 0 (0)                     ; 0 (0)         ; 0                 ; 0     ; 0          ; 0    ; 0            ; |top_program|cpu_armv4:u_cpu|alu_core:u_alu_core|multiplicador_sumas:u_mul|sumador:GEN_MUL[22].u_add_i                                                            ; sumador               ; work         ;
;             |sumador:GEN_MUL[23].u_add_i|       ; 32.0 (32.0)          ; 32.5 (32.5)                      ; 0.5 (0.5)                                         ; 0.0 (0.0)                        ; 0.0 (0.0)            ; 63 (63)             ; 0 (0)                     ; 0 (0)         ; 0                 ; 0     ; 0          ; 0    ; 0            ; |top_program|cpu_armv4:u_cpu|alu_core:u_alu_core|multiplicador_sumas:u_mul|sumador:GEN_MUL[23].u_add_i                                                            ; sumador               ; work         ;
;             |sumador:GEN_MUL[24].u_add_i|       ; 31.5 (31.5)          ; 31.5 (31.5)                      ; 0.0 (0.0)                                         ; 0.0 (0.0)                        ; 0.0 (0.0)            ; 62 (62)             ; 0 (0)                     ; 0 (0)         ; 0                 ; 0     ; 0          ; 0    ; 0            ; |top_program|cpu_armv4:u_cpu|alu_core:u_alu_core|multiplicador_sumas:u_mul|sumador:GEN_MUL[24].u_add_i                                                            ; sumador               ; work         ;
;             |sumador:GEN_MUL[25].u_add_i|       ; 33.5 (33.5)          ; 33.5 (33.5)                      ; 0.0 (0.0)                                         ; 0.0 (0.0)                        ; 0.0 (0.0)            ; 65 (65)             ; 0 (0)                     ; 0 (0)         ; 0                 ; 0     ; 0          ; 0    ; 0            ; |top_program|cpu_armv4:u_cpu|alu_core:u_alu_core|multiplicador_sumas:u_mul|sumador:GEN_MUL[25].u_add_i                                                            ; sumador               ; work         ;
;             |sumador:GEN_MUL[26].u_add_i|       ; 32.0 (32.0)          ; 32.0 (32.0)                      ; 0.0 (0.0)                                         ; 0.0 (0.0)                        ; 0.0 (0.0)            ; 61 (61)             ; 0 (0)                     ; 0 (0)         ; 0                 ; 0     ; 0          ; 0    ; 0            ; |top_program|cpu_armv4:u_cpu|alu_core:u_alu_core|multiplicador_sumas:u_mul|sumador:GEN_MUL[26].u_add_i                                                            ; sumador               ; work         ;
;             |sumador:GEN_MUL[27].u_add_i|       ; 34.5 (34.5)          ; 34.5 (34.5)                      ; 0.0 (0.0)                                         ; 0.0 (0.0)                        ; 0.0 (0.0)            ; 60 (60)             ; 0 (0)                     ; 0 (0)         ; 0                 ; 0     ; 0          ; 0    ; 0            ; |top_program|cpu_armv4:u_cpu|alu_core:u_alu_core|multiplicador_sumas:u_mul|sumador:GEN_MUL[27].u_add_i                                                            ; sumador               ; work         ;
;             |sumador:GEN_MUL[28].u_add_i|       ; 34.5 (34.5)          ; 35.0 (35.0)                      ; 0.5 (0.5)                                         ; 0.0 (0.0)                        ; 0.0 (0.0)            ; 62 (62)             ; 0 (0)                     ; 0 (0)         ; 0                 ; 0     ; 0          ; 0    ; 0            ; |top_program|cpu_armv4:u_cpu|alu_core:u_alu_core|multiplicador_sumas:u_mul|sumador:GEN_MUL[28].u_add_i                                                            ; sumador               ; work         ;
;             |sumador:GEN_MUL[29].u_add_i|       ; 35.1 (35.1)          ; 35.5 (35.5)                      ; 0.5 (0.5)                                         ; 0.1 (0.1)                        ; 0.0 (0.0)            ; 58 (58)             ; 0 (0)                     ; 0 (0)         ; 0                 ; 0     ; 0          ; 0    ; 0            ; |top_program|cpu_armv4:u_cpu|alu_core:u_alu_core|multiplicador_sumas:u_mul|sumador:GEN_MUL[29].u_add_i                                                            ; sumador               ; work         ;
;             |sumador:GEN_MUL[2].u_add_i|        ; 27.2 (27.2)          ; 27.2 (27.2)                      ; 0.0 (0.0)                                         ; 0.0 (0.0)                        ; 0.0 (0.0)            ; 64 (64)             ; 0 (0)                     ; 0 (0)         ; 0                 ; 0     ; 0          ; 0    ; 0            ; |top_program|cpu_armv4:u_cpu|alu_core:u_alu_core|multiplicador_sumas:u_mul|sumador:GEN_MUL[2].u_add_i                                                             ; sumador               ; work         ;
;             |sumador:GEN_MUL[30].u_add_i|       ; 35.5 (35.5)          ; 35.0 (35.0)                      ; 0.0 (0.0)                                         ; 0.5 (0.5)                        ; 0.0 (0.0)            ; 58 (58)             ; 0 (0)                     ; 0 (0)         ; 0                 ; 0     ; 0          ; 0    ; 0            ; |top_program|cpu_armv4:u_cpu|alu_core:u_alu_core|multiplicador_sumas:u_mul|sumador:GEN_MUL[30].u_add_i                                                            ; sumador               ; work         ;
;             |sumador:GEN_MUL[31].u_add_i|       ; 15.1 (15.1)          ; 15.5 (15.5)                      ; 0.5 (0.5)                                         ; 0.1 (0.1)                        ; 0.0 (0.0)            ; 23 (23)             ; 0 (0)                     ; 0 (0)         ; 0                 ; 0     ; 0          ; 0    ; 0            ; |top_program|cpu_armv4:u_cpu|alu_core:u_alu_core|multiplicador_sumas:u_mul|sumador:GEN_MUL[31].u_add_i                                                            ; sumador               ; work         ;
;             |sumador:GEN_MUL[3].u_add_i|        ; 31.3 (31.3)          ; 31.3 (31.3)                      ; 0.0 (0.0)                                         ; 0.0 (0.0)                        ; 0.0 (0.0)            ; 64 (64)             ; 0 (0)                     ; 0 (0)         ; 0                 ; 0     ; 0          ; 0    ; 0            ; |top_program|cpu_armv4:u_cpu|alu_core:u_alu_core|multiplicador_sumas:u_mul|sumador:GEN_MUL[3].u_add_i                                                             ; sumador               ; work         ;
;             |sumador:GEN_MUL[4].u_add_i|        ; 31.8 (31.8)          ; 31.8 (31.8)                      ; 0.0 (0.0)                                         ; 0.0 (0.0)                        ; 0.0 (0.0)            ; 64 (64)             ; 0 (0)                     ; 0 (0)         ; 0                 ; 0     ; 0          ; 0    ; 0            ; |top_program|cpu_armv4:u_cpu|alu_core:u_alu_core|multiplicador_sumas:u_mul|sumador:GEN_MUL[4].u_add_i                                                             ; sumador               ; work         ;
;             |sumador:GEN_MUL[5].u_add_i|        ; 32.0 (32.0)          ; 32.0 (32.0)                      ; 0.0 (0.0)                                         ; 0.0 (0.0)                        ; 0.0 (0.0)            ; 64 (64)             ; 0 (0)                     ; 0 (0)         ; 0                 ; 0     ; 0          ; 0    ; 0            ; |top_program|cpu_armv4:u_cpu|alu_core:u_alu_core|multiplicador_sumas:u_mul|sumador:GEN_MUL[5].u_add_i                                                             ; sumador               ; work         ;
;             |sumador:GEN_MUL[6].u_add_i|        ; 32.0 (32.0)          ; 32.0 (32.0)                      ; 0.0 (0.0)                                         ; 0.0 (0.0)                        ; 0.0 (0.0)            ; 64 (64)             ; 0 (0)                     ; 0 (0)         ; 0                 ; 0     ; 0          ; 0    ; 0            ; |top_program|cpu_armv4:u_cpu|alu_core:u_alu_core|multiplicador_sumas:u_mul|sumador:GEN_MUL[6].u_add_i                                                             ; sumador               ; work         ;
;             |sumador:GEN_MUL[7].u_add_i|        ; 32.0 (32.0)          ; 32.0 (32.0)                      ; 0.0 (0.0)                                         ; 0.0 (0.0)                        ; 0.0 (0.0)            ; 64 (64)             ; 0 (0)                     ; 0 (0)         ; 0                 ; 0     ; 0          ; 0    ; 0            ; |top_program|cpu_armv4:u_cpu|alu_core:u_alu_core|multiplicador_sumas:u_mul|sumador:GEN_MUL[7].u_add_i                                                             ; sumador               ; work         ;
;             |sumador:GEN_MUL[8].u_add_i|        ; 32.0 (32.0)          ; 32.0 (32.0)                      ; 0.0 (0.0)                                         ; 0.0 (0.0)                        ; 0.0 (0.0)            ; 64 (64)             ; 0 (0)                     ; 0 (0)         ; 0                 ; 0     ; 0          ; 0    ; 0            ; |top_program|cpu_armv4:u_cpu|alu_core:u_alu_core|multiplicador_sumas:u_mul|sumador:GEN_MUL[8].u_add_i                                                             ; sumador               ; work         ;
;             |sumador:GEN_MUL[9].u_add_i|        ; 32.0 (32.0)          ; 32.0 (32.0)                      ; 0.0 (0.0)                                         ; 0.0 (0.0)                        ; 0.0 (0.0)            ; 64 (64)             ; 0 (0)                     ; 0 (0)         ; 0                 ; 0     ; 0          ; 0    ; 0            ; |top_program|cpu_armv4:u_cpu|alu_core:u_alu_core|multiplicador_sumas:u_mul|sumador:GEN_MUL[9].u_add_i                                                             ; sumador               ; work         ;
;          |restador:u_sub|                       ; 13.3 (13.3)          ; 14.8 (14.8)                      ; 1.5 (1.5)                                         ; 0.0 (0.0)                        ; 0.0 (0.0)            ; 30 (30)             ; 0 (0)                     ; 0 (0)         ; 0                 ; 0     ; 0          ; 0    ; 0            ; |top_program|cpu_armv4:u_cpu|alu_core:u_alu_core|restador:u_sub                                                                                                   ; restador              ; work         ;
;          |sumador:u_add|                        ; 13.3 (13.3)          ; 15.6 (15.6)                      ; 2.3 (2.3)                                         ; 0.0 (0.0)                        ; 0.0 (0.0)            ; 33 (33)             ; 0 (0)                     ; 0 (0)         ; 0                 ; 0     ; 0          ; 0    ; 0            ; |top_program|cpu_armv4:u_cpu|alu_core:u_alu_core|sumador:u_add                                                                                                    ; sumador               ; work         ;
;       |control_unit:u_ctrl|                     ; 14.5 (14.5)          ; 14.5 (14.5)                      ; 0.0 (0.0)                                         ; 0.1 (0.1)                        ; 0.0 (0.0)            ; 25 (25)             ; 4 (4)                     ; 0 (0)         ; 0                 ; 0     ; 0          ; 0    ; 0            ; |top_program|cpu_armv4:u_cpu|control_unit:u_ctrl                                                                                                                  ; control_unit          ; work         ;
;       |ram_data:u_ram|                          ; 3638.4 (3638.4)      ; 5232.1 (5232.1)                  ; 1619.1 (1619.1)                                   ; 25.5 (25.5)                      ; 0.0 (0.0)            ; 3044 (3044)         ; 8192 (8192)               ; 0 (0)         ; 0                 ; 0     ; 0          ; 0    ; 0            ; |top_program|cpu_armv4:u_cpu|ram_data:u_ram                                                                                                                       ; ram_data              ; work         ;
;       |regfile:u_regfile|                       ; 123.8 (123.8)        ; 163.0 (163.0)                    ; 45.5 (45.5)                                       ; 6.3 (6.3)                        ; 0.0 (0.0)            ; 122 (122)           ; 280 (280)                 ; 0 (0)         ; 0                 ; 0     ; 0          ; 0    ; 0            ; |top_program|cpu_armv4:u_cpu|regfile:u_regfile                                                                                                                    ; regfile               ; work         ;
;       |rom_program:u_rom|                       ; 8.0 (8.0)            ; 8.0 (8.0)                        ; 0.0 (0.0)                                         ; 0.0 (0.0)                        ; 0.0 (0.0)            ; 18 (18)             ; 0 (0)                     ; 0 (0)         ; 0                 ; 0     ; 0          ; 0    ; 0            ; |top_program|cpu_armv4:u_cpu|rom_program:u_rom                                                                                                                    ; rom_program           ; work         ;
;    |seven_segment_display:u_hex_A|              ; 3.3 (3.3)            ; 3.5 (3.5)                        ; 0.3 (0.3)                                         ; 0.0 (0.0)                        ; 0.0 (0.0)            ; 7 (7)               ; 0 (0)                     ; 0 (0)         ; 0                 ; 0     ; 0          ; 0    ; 0            ; |top_program|seven_segment_display:u_hex_A                                                                                                                        ; seven_segment_display ; work         ;
;    |seven_segment_display:u_hex_ALU|            ; 3.5 (3.5)            ; 3.5 (3.5)                        ; 0.0 (0.0)                                         ; 0.0 (0.0)                        ; 0.0 (0.0)            ; 7 (7)               ; 0 (0)                     ; 0 (0)         ; 0                 ; 0     ; 0          ; 0    ; 0            ; |top_program|seven_segment_display:u_hex_ALU                                                                                                                      ; seven_segment_display ; work         ;
;    |seven_segment_display:u_hex_B|              ; 3.3 (3.3)            ; 3.3 (3.3)                        ; 0.0 (0.0)                                         ; 0.0 (0.0)                        ; 0.0 (0.0)            ; 7 (7)               ; 0 (0)                     ; 0 (0)         ; 0                 ; 0     ; 0          ; 0    ; 0            ; |top_program|seven_segment_display:u_hex_B                                                                                                                        ; seven_segment_display ; work         ;
;    |seven_segment_display:u_hex_RES|            ; 3.1 (3.1)            ; 3.3 (3.3)                        ; 0.3 (0.3)                                         ; 0.0 (0.0)                        ; 0.0 (0.0)            ; 7 (7)               ; 0 (0)                     ; 0 (0)         ; 0                 ; 0     ; 0          ; 0    ; 0            ; |top_program|seven_segment_display:u_hex_RES                                                                                                                      ; seven_segment_display ; work         ;
;    |vga_calc_ui:u_vga_calc_ui|                  ; 199.8 (199.8)        ; 212.6 (212.6)                    ; 14.4 (14.4)                                       ; 1.6 (1.6)                        ; 0.0 (0.0)            ; 335 (335)           ; 0 (0)                     ; 0 (0)         ; 0                 ; 0     ; 0          ; 0    ; 0            ; |top_program|vga_calc_ui:u_vga_calc_ui                                                                                                                            ; vga_calc_ui           ; work         ;
;    |vga_controller:u_vga|                       ; 19.7 (0.0)           ; 22.0 (0.0)                       ; 2.5 (0.0)                                         ; 0.2 (0.0)                        ; 0.0 (0.0)            ; 37 (0)              ; 48 (0)                    ; 0 (0)         ; 0                 ; 0     ; 0          ; 0    ; 0            ; |top_program|vga_controller:u_vga                                                                                                                                 ; vga_controller        ; work         ;
;       |vga_timing:u_timing|                     ; 19.7 (19.7)          ; 22.0 (22.0)                      ; 2.5 (2.5)                                         ; 0.2 (0.2)                        ; 0.0 (0.0)            ; 37 (37)             ; 48 (48)                   ; 0 (0)         ; 0                 ; 0     ; 0          ; 0    ; 0            ; |top_program|vga_controller:u_vga|vga_timing:u_timing                                                                                                             ; vga_timing            ; work         ;
+-------------------------------------------------+----------------------+----------------------------------+---------------------------------------------------+----------------------------------+----------------------+---------------------+---------------------------+---------------+-------------------+-------+------------+------+--------------+-------------------------------------------------------------------------------------------------------------------------------------------------------------------+-----------------------+--------------+
Note: For table entries with two numbers listed, the numbers in parentheses indicate the number of resources of the given type used by the specific entity alone. The numbers listed outside of parentheses indicate the total resources of the given type used by the specific entity and all of its sub-entities in the hierarchy.


+----------------------------------------------------------------------------------------------------------------------------+
; Delay Chain Summary                                                                                                        ;
+-------------+----------+----+------+------+----+------+-------+--------+------------------------+--------------------------+
; Name        ; Pin Type ; D1 ; D3_0 ; D3_1 ; D4 ; D5   ; D5 OE ; D5 OCT ; T11 (Postamble Gating) ; T11 (Postamble Ungating) ;
+-------------+----------+----+------+------+----+------+-------+--------+------------------------+--------------------------+
; KEY[1]      ; Input    ; -- ; --   ; --   ; -- ; --   ; --    ; --     ; --                     ; --                       ;
; KEY[2]      ; Input    ; -- ; --   ; --   ; -- ; --   ; --    ; --     ; --                     ; --                       ;
; KEY[3]      ; Input    ; -- ; --   ; --   ; -- ; --   ; --    ; --     ; --                     ; --                       ;
; ack         ; Output   ; -- ; --   ; --   ; -- ; (0)  ; (31)  ; --     ; --                     ; --                       ;
; HEX0[0]     ; Output   ; -- ; --   ; --   ; -- ; (0)  ; (31)  ; --     ; --                     ; --                       ;
; HEX0[1]     ; Output   ; -- ; --   ; --   ; -- ; (0)  ; (31)  ; --     ; --                     ; --                       ;
; HEX0[2]     ; Output   ; -- ; --   ; --   ; -- ; (0)  ; (31)  ; --     ; --                     ; --                       ;
; HEX0[3]     ; Output   ; -- ; --   ; --   ; -- ; (0)  ; (31)  ; --     ; --                     ; --                       ;
; HEX0[4]     ; Output   ; -- ; --   ; --   ; -- ; (0)  ; (31)  ; --     ; --                     ; --                       ;
; HEX0[5]     ; Output   ; -- ; --   ; --   ; -- ; (0)  ; (31)  ; --     ; --                     ; --                       ;
; HEX0[6]     ; Output   ; -- ; --   ; --   ; -- ; (0)  ; (31)  ; --     ; --                     ; --                       ;
; HEX1[0]     ; Output   ; -- ; --   ; --   ; -- ; (0)  ; (31)  ; --     ; --                     ; --                       ;
; HEX1[1]     ; Output   ; -- ; --   ; --   ; -- ; (0)  ; (31)  ; --     ; --                     ; --                       ;
; HEX1[2]     ; Output   ; -- ; --   ; --   ; -- ; (0)  ; (31)  ; --     ; --                     ; --                       ;
; HEX1[3]     ; Output   ; -- ; --   ; --   ; -- ; (0)  ; (31)  ; --     ; --                     ; --                       ;
; HEX1[4]     ; Output   ; -- ; --   ; --   ; -- ; (0)  ; (31)  ; --     ; --                     ; --                       ;
; HEX1[5]     ; Output   ; -- ; --   ; --   ; -- ; (0)  ; (31)  ; --     ; --                     ; --                       ;
; HEX1[6]     ; Output   ; -- ; --   ; --   ; -- ; (0)  ; (31)  ; --     ; --                     ; --                       ;
; HEX2[0]     ; Output   ; -- ; --   ; --   ; -- ; (0)  ; (31)  ; --     ; --                     ; --                       ;
; HEX2[1]     ; Output   ; -- ; --   ; --   ; -- ; (0)  ; (31)  ; --     ; --                     ; --                       ;
; HEX2[2]     ; Output   ; -- ; --   ; --   ; -- ; (0)  ; (31)  ; --     ; --                     ; --                       ;
; HEX2[3]     ; Output   ; -- ; --   ; --   ; -- ; (0)  ; (31)  ; --     ; --                     ; --                       ;
; HEX2[4]     ; Output   ; -- ; --   ; --   ; -- ; (0)  ; (31)  ; --     ; --                     ; --                       ;
; HEX2[5]     ; Output   ; -- ; --   ; --   ; -- ; (0)  ; (31)  ; --     ; --                     ; --                       ;
; HEX2[6]     ; Output   ; -- ; --   ; --   ; -- ; (0)  ; (31)  ; --     ; --                     ; --                       ;
; HEX3[0]     ; Output   ; -- ; --   ; --   ; -- ; (0)  ; (31)  ; --     ; --                     ; --                       ;
; HEX3[1]     ; Output   ; -- ; --   ; --   ; -- ; (0)  ; (31)  ; --     ; --                     ; --                       ;
; HEX3[2]     ; Output   ; -- ; --   ; --   ; -- ; (0)  ; (31)  ; --     ; --                     ; --                       ;
; HEX3[3]     ; Output   ; -- ; --   ; --   ; -- ; (0)  ; (31)  ; --     ; --                     ; --                       ;
; HEX3[4]     ; Output   ; -- ; --   ; --   ; -- ; (0)  ; (31)  ; --     ; --                     ; --                       ;
; HEX3[5]     ; Output   ; -- ; --   ; --   ; -- ; (0)  ; (31)  ; --     ; --                     ; --                       ;
; HEX3[6]     ; Output   ; -- ; --   ; --   ; -- ; (0)  ; (31)  ; --     ; --                     ; --                       ;
; HEX4[0]     ; Output   ; -- ; --   ; --   ; -- ; (0)  ; (31)  ; --     ; --                     ; --                       ;
; HEX4[1]     ; Output   ; -- ; --   ; --   ; -- ; (0)  ; (31)  ; --     ; --                     ; --                       ;
; HEX4[2]     ; Output   ; -- ; --   ; --   ; -- ; (0)  ; (31)  ; --     ; --                     ; --                       ;
; HEX4[3]     ; Output   ; -- ; --   ; --   ; -- ; (0)  ; (31)  ; --     ; --                     ; --                       ;
; HEX4[4]     ; Output   ; -- ; --   ; --   ; -- ; (0)  ; (31)  ; --     ; --                     ; --                       ;
; HEX4[5]     ; Output   ; -- ; --   ; --   ; -- ; (0)  ; (31)  ; --     ; --                     ; --                       ;
; HEX4[6]     ; Output   ; -- ; --   ; --   ; -- ; (0)  ; (31)  ; --     ; --                     ; --                       ;
; VGA_HS      ; Output   ; -- ; --   ; --   ; -- ; (0)  ; (31)  ; --     ; --                     ; --                       ;
; VGA_VS      ; Output   ; -- ; --   ; --   ; -- ; (0)  ; (31)  ; --     ; --                     ; --                       ;
; VGA_R[0]    ; Output   ; -- ; --   ; --   ; -- ; (0)  ; (31)  ; --     ; --                     ; --                       ;
; VGA_R[1]    ; Output   ; -- ; --   ; --   ; -- ; (0)  ; (31)  ; --     ; --                     ; --                       ;
; VGA_R[2]    ; Output   ; -- ; --   ; --   ; -- ; (0)  ; (31)  ; --     ; --                     ; --                       ;
; VGA_R[3]    ; Output   ; -- ; --   ; --   ; -- ; (0)  ; (31)  ; --     ; --                     ; --                       ;
; VGA_R[4]    ; Output   ; -- ; --   ; --   ; -- ; (0)  ; (31)  ; --     ; --                     ; --                       ;
; VGA_R[5]    ; Output   ; -- ; --   ; --   ; -- ; (0)  ; (31)  ; --     ; --                     ; --                       ;
; VGA_R[6]    ; Output   ; -- ; --   ; --   ; -- ; (0)  ; (31)  ; --     ; --                     ; --                       ;
; VGA_R[7]    ; Output   ; -- ; --   ; --   ; -- ; (0)  ; (31)  ; --     ; --                     ; --                       ;
; VGA_G[0]    ; Output   ; -- ; --   ; --   ; -- ; (0)  ; (31)  ; --     ; --                     ; --                       ;
; VGA_G[1]    ; Output   ; -- ; --   ; --   ; -- ; (0)  ; (31)  ; --     ; --                     ; --                       ;
; VGA_G[2]    ; Output   ; -- ; --   ; --   ; -- ; (0)  ; (31)  ; --     ; --                     ; --                       ;
; VGA_G[3]    ; Output   ; -- ; --   ; --   ; -- ; (0)  ; (31)  ; --     ; --                     ; --                       ;
; VGA_G[4]    ; Output   ; -- ; --   ; --   ; -- ; (0)  ; (31)  ; --     ; --                     ; --                       ;
; VGA_G[5]    ; Output   ; -- ; --   ; --   ; -- ; (0)  ; (31)  ; --     ; --                     ; --                       ;
; VGA_G[6]    ; Output   ; -- ; --   ; --   ; -- ; (0)  ; (31)  ; --     ; --                     ; --                       ;
; VGA_G[7]    ; Output   ; -- ; --   ; --   ; -- ; (0)  ; (31)  ; --     ; --                     ; --                       ;
; VGA_B[0]    ; Output   ; -- ; --   ; --   ; -- ; (0)  ; (31)  ; --     ; --                     ; --                       ;
; VGA_B[1]    ; Output   ; -- ; --   ; --   ; -- ; (0)  ; (31)  ; --     ; --                     ; --                       ;
; VGA_B[2]    ; Output   ; -- ; --   ; --   ; -- ; (0)  ; (31)  ; --     ; --                     ; --                       ;
; VGA_B[3]    ; Output   ; -- ; --   ; --   ; -- ; (0)  ; (31)  ; --     ; --                     ; --                       ;
; VGA_B[4]    ; Output   ; -- ; --   ; --   ; -- ; (0)  ; (31)  ; --     ; --                     ; --                       ;
; VGA_B[5]    ; Output   ; -- ; --   ; --   ; -- ; (0)  ; (31)  ; --     ; --                     ; --                       ;
; VGA_B[6]    ; Output   ; -- ; --   ; --   ; -- ; (0)  ; (31)  ; --     ; --                     ; --                       ;
; VGA_B[7]    ; Output   ; -- ; --   ; --   ; -- ; (0)  ; (31)  ; --     ; --                     ; --                       ;
; VGA_CLK     ; Output   ; -- ; --   ; --   ; -- ; (0)  ; (31)  ; --     ; --                     ; --                       ;
; VGA_BLANK_N ; Output   ; -- ; --   ; --   ; -- ; (0)  ; (31)  ; --     ; --                     ; --                       ;
; VGA_SYNC_N  ; Output   ; -- ; --   ; --   ; -- ; (0)  ; (31)  ; --     ; --                     ; --                       ;
; mosi        ; Input    ; -- ; --   ; (0)  ; -- ; --   ; --    ; --     ; --                     ; --                       ;
; req         ; Input    ; -- ; (0)  ; --   ; -- ; --   ; --    ; --     ; --                     ; --                       ;
; sck         ; Input    ; -- ; (0)  ; --   ; -- ; --   ; --    ; --     ; --                     ; --                       ;
; KEY[0]      ; Input    ; -- ; (0)  ; --   ; -- ; --   ; --    ; --     ; --                     ; --                       ;
; ss          ; Input    ; -- ; --   ; (0)  ; -- ; --   ; --    ; --     ; --                     ; --                       ;
; CLOCK_50    ; Input    ; -- ; (0)  ; --   ; -- ; --   ; --    ; --     ; --                     ; --                       ;
+-------------+----------+----+------+------+----+------+-------+--------+------------------------+--------------------------+


+----------------------------------------------------------------------+
; Pad To Core Delay Chain Fanout                                       ;
+----------------------------------------+-------------------+---------+
; Source Pin / Fanout                    ; Pad To Core Index ; Setting ;
+----------------------------------------+-------------------+---------+
; KEY[1]                                 ;                   ;         ;
; KEY[2]                                 ;                   ;         ;
; KEY[3]                                 ;                   ;         ;
; mosi                                   ;                   ;         ;
;      - SPI_io:u_spi|cs~0               ; 1                 ; 0       ;
;      - SPI_io:u_spi|cs~2               ; 1                 ; 0       ;
;      - SPI_io:u_spi|cs~3               ; 1                 ; 0       ;
;      - SPI_io:u_spi|cs~4               ; 1                 ; 0       ;
;      - SPI_io:u_spi|cs~5               ; 1                 ; 0       ;
;      - SPI_io:u_spi|md[0]              ; 1                 ; 0       ;
;      - SPI_io:u_spi|cs~7               ; 1                 ; 0       ;
; req                                    ;                   ;         ;
;      - SPI_io:u_spi|cs~0               ; 0                 ; 0       ;
;      - SPI_io:u_spi|cs[1]~1            ; 0                 ; 0       ;
;      - SPI_io:u_spi|cs~2               ; 0                 ; 0       ;
;      - SPI_io:u_spi|cs~3               ; 0                 ; 0       ;
;      - SPI_io:u_spi|cs~4               ; 0                 ; 0       ;
;      - SPI_io:u_spi|cs~5               ; 0                 ; 0       ;
;      - SPI_io:u_spi|cs~7               ; 0                 ; 0       ;
; sck                                    ;                   ;         ;
;      - sck~inputCLKENA0                ; 0                 ; 0       ;
; KEY[0]                                 ;                   ;         ;
;      - clk_pix                         ; 0                 ; 0       ;
;      - B_VAL[0]                        ; 0                 ; 0       ;
;      - B_VAL[1]                        ; 0                 ; 0       ;
;      - B_VAL[2]                        ; 0                 ; 0       ;
;      - B_VAL[3]                        ; 0                 ; 0       ;
;      - A_VAL[0]                        ; 0                 ; 0       ;
;      - A_VAL[1]                        ; 0                 ; 0       ;
;      - A_VAL[2]                        ; 0                 ; 0       ;
;      - A_VAL[3]                        ; 0                 ; 0       ;
;      - VGA_B[0]~reg0                   ; 0                 ; 0       ;
;      - VGA_B[1]~reg0                   ; 0                 ; 0       ;
;      - VGA_B[2]~reg0                   ; 0                 ; 0       ;
;      - VGA_B[3]~reg0                   ; 0                 ; 0       ;
;      - VGA_B[4]~reg0                   ; 0                 ; 0       ;
;      - VGA_B[5]~reg0                   ; 0                 ; 0       ;
;      - VGA_B[6]~reg0                   ; 0                 ; 0       ;
;      - VGA_B[7]~reg0                   ; 0                 ; 0       ;
;      - VGA_G[0]~reg0                   ; 0                 ; 0       ;
;      - VGA_G[1]~reg0                   ; 0                 ; 0       ;
;      - VGA_G[2]~reg0                   ; 0                 ; 0       ;
;      - VGA_G[3]~reg0                   ; 0                 ; 0       ;
;      - VGA_G[4]~reg0                   ; 0                 ; 0       ;
;      - VGA_G[5]~reg0                   ; 0                 ; 0       ;
;      - VGA_G[6]~reg0                   ; 0                 ; 0       ;
;      - VGA_G[7]~reg0                   ; 0                 ; 0       ;
;      - VGA_R[0]~reg0                   ; 0                 ; 0       ;
;      - VGA_R[1]~reg0                   ; 0                 ; 0       ;
;      - VGA_R[2]~reg0                   ; 0                 ; 0       ;
;      - VGA_R[3]~reg0                   ; 0                 ; 0       ;
;      - VGA_R[4]~reg0                   ; 0                 ; 0       ;
;      - VGA_R[5]~reg0                   ; 0                 ; 0       ;
;      - VGA_R[6]~reg0                   ; 0                 ; 0       ;
;      - VGA_R[7]~reg0                   ; 0                 ; 0       ;
;      - SPI_io:u_spi|cs[4]              ; 0                 ; 0       ;
;      - SPI_io:u_spi|cs[5]              ; 0                 ; 0       ;
;      - VGA_HS~reg0                     ; 0                 ; 0       ;
;      - VGA_VS~reg0                     ; 0                 ; 0       ;
;      - load_state.LOAD_A               ; 0                 ; 0       ;
;      - nibble_last[0]                  ; 0                 ; 0       ;
;      - clock_divider:u_div|clk_out     ; 0                 ; 0       ;
;      - new_word_cpu                    ; 0                 ; 0       ;
;      - in_state.IN_WAIT_B              ; 0                 ; 0       ;
;      - nibble_last[1]                  ; 0                 ; 0       ;
;      - nibble_last[2]                  ; 0                 ; 0       ;
;      - nibble_last[3]                  ; 0                 ; 0       ;
;      - got_cmd                         ; 0                 ; 0       ;
;      - load_state.LOAD_IDLE            ; 0                 ; 0       ;
;      - cpu_reset                       ; 0                 ; 0       ;
;      - load_state.LOAD_B               ; 0                 ; 0       ;
;      - SPI_io:u_spi|cs[3]              ; 0                 ; 0       ;
;      - nibble_sync1[0]                 ; 0                 ; 0       ;
;      - toggle_sync1                    ; 0                 ; 0       ;
;      - toggle_last                     ; 0                 ; 0       ;
;      - clock_divider:u_div|counter[23] ; 0                 ; 0       ;
;      - nibble_sync1[1]                 ; 0                 ; 0       ;
;      - nibble_sync1[2]                 ; 0                 ; 0       ;
;      - nibble_sync1[3]                 ; 0                 ; 0       ;
;      - cmd_start_reg                   ; 0                 ; 0       ;
;      - r2                              ; 0                 ; 0       ;
;      - SPI_io:u_spi|cs[2]              ; 0                 ; 0       ;
;      - nibble_sync0[0]                 ; 0                 ; 0       ;
;      - toggle_sync0                    ; 0                 ; 0       ;
;      - nibble_sync0[1]                 ; 0                 ; 0       ;
;      - nibble_sync0[2]                 ; 0                 ; 0       ;
;      - nibble_sync0[3]                 ; 0                 ; 0       ;
;      - r1                              ; 0                 ; 0       ;
;      - SPI_io:u_spi|cs[1]              ; 0                 ; 0       ;
;      - spi_data_fast[0]                ; 0                 ; 0       ;
;      - word_toggle_fast                ; 0                 ; 0       ;
;      - spi_data_fast[1]                ; 0                 ; 0       ;
;      - spi_data_fast[2]                ; 0                 ; 0       ;
;      - spi_data_fast[3]                ; 0                 ; 0       ;
;      - SPI_io:u_spi|cs[0]              ; 0                 ; 0       ;
;      - SPI_io:u_spi|md[0]              ; 0                 ; 0       ;
;      - ss_rise                         ; 0                 ; 0       ;
;      - clock_divider:u_div|counter[22] ; 0                 ; 0       ;
;      - SPI_io:u_spi|md[1]              ; 0                 ; 0       ;
;      - SPI_io:u_spi|md[2]              ; 0                 ; 0       ;
;      - SPI_io:u_spi|md[3]              ; 0                 ; 0       ;
;      - ss_sync1                        ; 0                 ; 0       ;
;      - ss_prev                         ; 0                 ; 0       ;
;      - clock_divider:u_div|counter[21] ; 0                 ; 0       ;
;      - ss_sync0                        ; 0                 ; 0       ;
;      - clock_divider:u_div|counter[20] ; 0                 ; 0       ;
;      - clock_divider:u_div|counter[19] ; 0                 ; 0       ;
;      - clock_divider:u_div|counter[18] ; 0                 ; 0       ;
;      - clock_divider:u_div|counter[17] ; 0                 ; 0       ;
;      - clock_divider:u_div|counter[16] ; 0                 ; 0       ;
;      - clock_divider:u_div|counter[15] ; 0                 ; 0       ;
;      - clock_divider:u_div|counter[14] ; 0                 ; 0       ;
;      - clock_divider:u_div|counter[13] ; 0                 ; 0       ;
;      - clock_divider:u_div|counter[12] ; 0                 ; 0       ;
;      - clock_divider:u_div|counter[11] ; 0                 ; 0       ;
;      - clock_divider:u_div|counter[10] ; 0                 ; 0       ;
;      - clock_divider:u_div|counter[9]  ; 0                 ; 0       ;
;      - clock_divider:u_div|counter[8]  ; 0                 ; 0       ;
;      - clock_divider:u_div|counter[7]  ; 0                 ; 0       ;
;      - clock_divider:u_div|counter[6]  ; 0                 ; 0       ;
;      - clock_divider:u_div|counter[5]  ; 0                 ; 0       ;
;      - clock_divider:u_div|counter[4]  ; 0                 ; 0       ;
;      - clock_divider:u_div|counter[3]  ; 0                 ; 0       ;
;      - clock_divider:u_div|counter[2]  ; 0                 ; 0       ;
;      - clock_divider:u_div|counter[0]  ; 0                 ; 0       ;
;      - clock_divider:u_div|counter[1]  ; 0                 ; 0       ;
;      - word_toggle_fast~DUPLICATE      ; 0                 ; 0       ;
; ss                                     ;                   ;         ;
;      - SPI_io:u_spi|cs[1]~1            ; 1                 ; 0       ;
;      - SPI_io:u_spi|cs~7               ; 1                 ; 0       ;
;      - ss_sync0~0                      ; 1                 ; 0       ;
; CLOCK_50                               ;                   ;         ;
;      - clk_pix                         ; 0                 ; 0       ;
;      - clock_divider:u_div|clk_out     ; 0                 ; 0       ;
+----------------------------------------+-------------------+---------+


+-------------------------------------------------------------------------------------------------------------------------------------------------------------------------------------------------+
; Control Signals                                                                                                                                                                                 ;
+-----------------------------------------------------+----------------------+---------+---------------------------+--------+----------------------+------------------+---------------------------+
; Name                                                ; Location             ; Fan-Out ; Usage                     ; Global ; Global Resource Used ; Global Line Name ; Enable Signal Source Name ;
+-----------------------------------------------------+----------------------+---------+---------------------------+--------+----------------------+------------------+---------------------------+
; A_VAL[0]~1                                          ; LABCELL_X70_Y19_N57  ; 4       ; Clock enable              ; no     ; --                   ; --               ; --                        ;
; B_VAL[0]~0                                          ; LABCELL_X70_Y19_N48  ; 6       ; Clock enable              ; no     ; --                   ; --               ; --                        ;
; CLOCK_50                                            ; PIN_AF14             ; 34      ; Clock                     ; yes    ; Global Clock         ; GCLK4            ; --                        ;
; CLOCK_50                                            ; PIN_AF14             ; 3       ; Clock                     ; no     ; --                   ; --               ; --                        ;
; Decoder0~1                                          ; LABCELL_X68_Y16_N42  ; 11      ; Clock enable              ; no     ; --                   ; --               ; --                        ;
; Decoder0~2                                          ; LABCELL_X70_Y20_N45  ; 8       ; Clock enable              ; no     ; --                   ; --               ; --                        ;
; Decoder0~3                                          ; LABCELL_X68_Y16_N45  ; 8       ; Clock enable              ; no     ; --                   ; --               ; --                        ;
; Decoder0~4                                          ; LABCELL_X68_Y16_N12  ; 10      ; Clock enable              ; no     ; --                   ; --               ; --                        ;
; KEY[0]                                              ; PIN_AA15             ; 105     ; Async. clear              ; no     ; --                   ; --               ; --                        ;
; SPI_io:u_spi|cs[1]~1                                ; LABCELL_X66_Y11_N33  ; 9       ; Clock enable              ; no     ; --                   ; --               ; --                        ;
; always1~0                                           ; MLABCELL_X65_Y11_N33 ; 6       ; Clock enable              ; no     ; --                   ; --               ; --                        ;
; clk_pix                                             ; FF_X67_Y14_N47       ; 78      ; Clock                     ; no     ; --                   ; --               ; --                        ;
; clock_divider:u_div|clk_out                         ; FF_X33_Y1_N13        ; 8551    ; Clock                     ; yes    ; Global Clock         ; GCLK7            ; --                        ;
; cpu_armv4:u_cpu|control_unit:u_ctrl|state.WRITEBACK ; FF_X71_Y20_N14       ; 10      ; Clock enable              ; no     ; --                   ; --               ; --                        ;
; cpu_armv4:u_cpu|ram_data:u_ram|mem_array~10914      ; LABCELL_X37_Y17_N30  ; 32      ; Clock enable              ; no     ; --                   ; --               ; --                        ;
; cpu_armv4:u_cpu|ram_data:u_ram|mem_array~10916      ; LABCELL_X42_Y15_N48  ; 32      ; Clock enable              ; no     ; --                   ; --               ; --                        ;
; cpu_armv4:u_cpu|ram_data:u_ram|mem_array~10918      ; LABCELL_X42_Y17_N33  ; 32      ; Clock enable              ; no     ; --                   ; --               ; --                        ;
; cpu_armv4:u_cpu|ram_data:u_ram|mem_array~10920      ; LABCELL_X43_Y18_N51  ; 32      ; Clock enable              ; no     ; --                   ; --               ; --                        ;
; cpu_armv4:u_cpu|ram_data:u_ram|mem_array~10922      ; LABCELL_X50_Y16_N24  ; 32      ; Clock enable              ; no     ; --                   ; --               ; --                        ;
; cpu_armv4:u_cpu|ram_data:u_ram|mem_array~10924      ; LABCELL_X42_Y20_N3   ; 32      ; Clock enable              ; no     ; --                   ; --               ; --                        ;
; cpu_armv4:u_cpu|ram_data:u_ram|mem_array~10926      ; LABCELL_X48_Y15_N54  ; 32      ; Clock enable              ; no     ; --                   ; --               ; --                        ;
; cpu_armv4:u_cpu|ram_data:u_ram|mem_array~10928      ; LABCELL_X46_Y14_N3   ; 32      ; Clock enable              ; no     ; --                   ; --               ; --                        ;
; cpu_armv4:u_cpu|ram_data:u_ram|mem_array~10930      ; LABCELL_X48_Y15_N21  ; 32      ; Clock enable              ; no     ; --                   ; --               ; --                        ;
; cpu_armv4:u_cpu|ram_data:u_ram|mem_array~10932      ; MLABCELL_X47_Y16_N15 ; 32      ; Clock enable              ; no     ; --                   ; --               ; --                        ;
; cpu_armv4:u_cpu|ram_data:u_ram|mem_array~10934      ; LABCELL_X50_Y16_N12  ; 32      ; Clock enable              ; no     ; --                   ; --               ; --                        ;
; cpu_armv4:u_cpu|ram_data:u_ram|mem_array~10936      ; MLABCELL_X47_Y16_N48 ; 32      ; Clock enable              ; no     ; --                   ; --               ; --                        ;
; cpu_armv4:u_cpu|ram_data:u_ram|mem_array~10938      ; LABCELL_X50_Y21_N42  ; 32      ; Clock enable              ; no     ; --                   ; --               ; --                        ;
; cpu_armv4:u_cpu|ram_data:u_ram|mem_array~10940      ; LABCELL_X42_Y20_N54  ; 32      ; Clock enable              ; no     ; --                   ; --               ; --                        ;
; cpu_armv4:u_cpu|ram_data:u_ram|mem_array~10942      ; LABCELL_X43_Y17_N48  ; 32      ; Clock enable              ; no     ; --                   ; --               ; --                        ;
; cpu_armv4:u_cpu|ram_data:u_ram|mem_array~10944      ; LABCELL_X43_Y18_N15  ; 32      ; Clock enable              ; no     ; --                   ; --               ; --                        ;
; cpu_armv4:u_cpu|ram_data:u_ram|mem_array~10946      ; LABCELL_X50_Y14_N39  ; 32      ; Clock enable              ; no     ; --                   ; --               ; --                        ;
; cpu_armv4:u_cpu|ram_data:u_ram|mem_array~10948      ; LABCELL_X43_Y17_N27  ; 32      ; Clock enable              ; no     ; --                   ; --               ; --                        ;
; cpu_armv4:u_cpu|ram_data:u_ram|mem_array~10950      ; LABCELL_X48_Y15_N24  ; 32      ; Clock enable              ; no     ; --                   ; --               ; --                        ;
; cpu_armv4:u_cpu|ram_data:u_ram|mem_array~10952      ; LABCELL_X43_Y18_N24  ; 32      ; Clock enable              ; no     ; --                   ; --               ; --                        ;
; cpu_armv4:u_cpu|ram_data:u_ram|mem_array~10954      ; LABCELL_X50_Y14_N6   ; 32      ; Clock enable              ; no     ; --                   ; --               ; --                        ;
; cpu_armv4:u_cpu|ram_data:u_ram|mem_array~10956      ; MLABCELL_X39_Y14_N15 ; 32      ; Clock enable              ; no     ; --                   ; --               ; --                        ;
; cpu_armv4:u_cpu|ram_data:u_ram|mem_array~10958      ; MLABCELL_X47_Y16_N51 ; 32      ; Clock enable              ; no     ; --                   ; --               ; --                        ;
; cpu_armv4:u_cpu|ram_data:u_ram|mem_array~10960      ; LABCELL_X43_Y17_N0   ; 32      ; Clock enable              ; no     ; --                   ; --               ; --                        ;
; cpu_armv4:u_cpu|ram_data:u_ram|mem_array~10962      ; LABCELL_X51_Y20_N42  ; 32      ; Clock enable              ; no     ; --                   ; --               ; --                        ;
; cpu_armv4:u_cpu|ram_data:u_ram|mem_array~10964      ; LABCELL_X50_Y18_N3   ; 32      ; Clock enable              ; no     ; --                   ; --               ; --                        ;
; cpu_armv4:u_cpu|ram_data:u_ram|mem_array~10966      ; LABCELL_X48_Y15_N6   ; 32      ; Clock enable              ; no     ; --                   ; --               ; --                        ;
; cpu_armv4:u_cpu|ram_data:u_ram|mem_array~10968      ; LABCELL_X50_Y20_N36  ; 32      ; Clock enable              ; no     ; --                   ; --               ; --                        ;
; cpu_armv4:u_cpu|ram_data:u_ram|mem_array~10970      ; LABCELL_X50_Y21_N15  ; 32      ; Clock enable              ; no     ; --                   ; --               ; --                        ;
; cpu_armv4:u_cpu|ram_data:u_ram|mem_array~10972      ; MLABCELL_X34_Y19_N24 ; 32      ; Clock enable              ; no     ; --                   ; --               ; --                        ;
; cpu_armv4:u_cpu|ram_data:u_ram|mem_array~10974      ; LABCELL_X48_Y15_N30  ; 32      ; Clock enable              ; no     ; --                   ; --               ; --                        ;
; cpu_armv4:u_cpu|ram_data:u_ram|mem_array~10976      ; LABCELL_X37_Y17_N48  ; 32      ; Clock enable              ; no     ; --                   ; --               ; --                        ;
; cpu_armv4:u_cpu|ram_data:u_ram|mem_array~10978      ; LABCELL_X45_Y15_N57  ; 32      ; Clock enable              ; no     ; --                   ; --               ; --                        ;
; cpu_armv4:u_cpu|ram_data:u_ram|mem_array~10980      ; LABCELL_X45_Y17_N42  ; 32      ; Clock enable              ; no     ; --                   ; --               ; --                        ;
; cpu_armv4:u_cpu|ram_data:u_ram|mem_array~10982      ; LABCELL_X50_Y15_N24  ; 32      ; Clock enable              ; no     ; --                   ; --               ; --                        ;
; cpu_armv4:u_cpu|ram_data:u_ram|mem_array~10984      ; LABCELL_X45_Y17_N27  ; 32      ; Clock enable              ; no     ; --                   ; --               ; --                        ;
; cpu_armv4:u_cpu|ram_data:u_ram|mem_array~10986      ; LABCELL_X50_Y15_N3   ; 32      ; Clock enable              ; no     ; --                   ; --               ; --                        ;
; cpu_armv4:u_cpu|ram_data:u_ram|mem_array~10988      ; LABCELL_X45_Y15_N6   ; 32      ; Clock enable              ; no     ; --                   ; --               ; --                        ;
; cpu_armv4:u_cpu|ram_data:u_ram|mem_array~10990      ; MLABCELL_X47_Y13_N33 ; 32      ; Clock enable              ; no     ; --                   ; --               ; --                        ;
; cpu_armv4:u_cpu|ram_data:u_ram|mem_array~10992      ; LABCELL_X42_Y13_N15  ; 32      ; Clock enable              ; no     ; --                   ; --               ; --                        ;
; cpu_armv4:u_cpu|ram_data:u_ram|mem_array~10994      ; LABCELL_X45_Y15_N54  ; 32      ; Clock enable              ; no     ; --                   ; --               ; --                        ;
; cpu_armv4:u_cpu|ram_data:u_ram|mem_array~10996      ; LABCELL_X45_Y15_N33  ; 32      ; Clock enable              ; no     ; --                   ; --               ; --                        ;
; cpu_armv4:u_cpu|ram_data:u_ram|mem_array~10998      ; MLABCELL_X34_Y15_N57 ; 32      ; Clock enable              ; no     ; --                   ; --               ; --                        ;
; cpu_armv4:u_cpu|ram_data:u_ram|mem_array~11000      ; LABCELL_X45_Y17_N0   ; 32      ; Clock enable              ; no     ; --                   ; --               ; --                        ;
; cpu_armv4:u_cpu|ram_data:u_ram|mem_array~11002      ; LABCELL_X40_Y14_N36  ; 32      ; Clock enable              ; no     ; --                   ; --               ; --                        ;
; cpu_armv4:u_cpu|ram_data:u_ram|mem_array~11004      ; LABCELL_X46_Y14_N33  ; 32      ; Clock enable              ; no     ; --                   ; --               ; --                        ;
; cpu_armv4:u_cpu|ram_data:u_ram|mem_array~11006      ; LABCELL_X43_Y18_N0   ; 32      ; Clock enable              ; no     ; --                   ; --               ; --                        ;
; cpu_armv4:u_cpu|ram_data:u_ram|mem_array~11008      ; LABCELL_X43_Y18_N18  ; 32      ; Clock enable              ; no     ; --                   ; --               ; --                        ;
; cpu_armv4:u_cpu|ram_data:u_ram|mem_array~11010      ; MLABCELL_X47_Y16_N27 ; 32      ; Clock enable              ; no     ; --                   ; --               ; --                        ;
; cpu_armv4:u_cpu|ram_data:u_ram|mem_array~11012      ; LABCELL_X43_Y17_N21  ; 32      ; Clock enable              ; no     ; --                   ; --               ; --                        ;
; cpu_armv4:u_cpu|ram_data:u_ram|mem_array~11014      ; MLABCELL_X47_Y14_N30 ; 32      ; Clock enable              ; no     ; --                   ; --               ; --                        ;
; cpu_armv4:u_cpu|ram_data:u_ram|mem_array~11016      ; MLABCELL_X39_Y14_N12 ; 32      ; Clock enable              ; no     ; --                   ; --               ; --                        ;
; cpu_armv4:u_cpu|ram_data:u_ram|mem_array~11018      ; LABCELL_X43_Y17_N15  ; 32      ; Clock enable              ; no     ; --                   ; --               ; --                        ;
; cpu_armv4:u_cpu|ram_data:u_ram|mem_array~11020      ; MLABCELL_X39_Y14_N24 ; 32      ; Clock enable              ; no     ; --                   ; --               ; --                        ;
; cpu_armv4:u_cpu|ram_data:u_ram|mem_array~11022      ; MLABCELL_X47_Y16_N57 ; 32      ; Clock enable              ; no     ; --                   ; --               ; --                        ;
; cpu_armv4:u_cpu|ram_data:u_ram|mem_array~11024      ; LABCELL_X35_Y14_N24  ; 32      ; Clock enable              ; no     ; --                   ; --               ; --                        ;
; cpu_armv4:u_cpu|ram_data:u_ram|mem_array~11026      ; LABCELL_X50_Y18_N0   ; 32      ; Clock enable              ; no     ; --                   ; --               ; --                        ;
; cpu_armv4:u_cpu|ram_data:u_ram|mem_array~11028      ; LABCELL_X50_Y15_N36  ; 32      ; Clock enable              ; no     ; --                   ; --               ; --                        ;
; cpu_armv4:u_cpu|ram_data:u_ram|mem_array~11030      ; MLABCELL_X47_Y20_N21 ; 32      ; Clock enable              ; no     ; --                   ; --               ; --                        ;
; cpu_armv4:u_cpu|ram_data:u_ram|mem_array~11032      ; LABCELL_X48_Y19_N54  ; 32      ; Clock enable              ; no     ; --                   ; --               ; --                        ;
; cpu_armv4:u_cpu|ram_data:u_ram|mem_array~11034      ; LABCELL_X51_Y21_N0   ; 32      ; Clock enable              ; no     ; --                   ; --               ; --                        ;
; cpu_armv4:u_cpu|ram_data:u_ram|mem_array~11036      ; MLABCELL_X39_Y14_N57 ; 32      ; Clock enable              ; no     ; --                   ; --               ; --                        ;
; cpu_armv4:u_cpu|ram_data:u_ram|mem_array~11038      ; LABCELL_X46_Y18_N9   ; 32      ; Clock enable              ; no     ; --                   ; --               ; --                        ;
; cpu_armv4:u_cpu|ram_data:u_ram|mem_array~11040      ; LABCELL_X37_Y17_N9   ; 32      ; Clock enable              ; no     ; --                   ; --               ; --                        ;
; cpu_armv4:u_cpu|ram_data:u_ram|mem_array~11042      ; LABCELL_X37_Y28_N0   ; 32      ; Clock enable              ; no     ; --                   ; --               ; --                        ;
; cpu_armv4:u_cpu|ram_data:u_ram|mem_array~11043      ; LABCELL_X37_Y24_N33  ; 32      ; Clock enable              ; no     ; --                   ; --               ; --                        ;
; cpu_armv4:u_cpu|ram_data:u_ram|mem_array~11044      ; LABCELL_X43_Y24_N33  ; 32      ; Clock enable              ; no     ; --                   ; --               ; --                        ;
; cpu_armv4:u_cpu|ram_data:u_ram|mem_array~11045      ; LABCELL_X48_Y22_N42  ; 32      ; Clock enable              ; no     ; --                   ; --               ; --                        ;
; cpu_armv4:u_cpu|ram_data:u_ram|mem_array~11046      ; LABCELL_X46_Y24_N39  ; 32      ; Clock enable              ; no     ; --                   ; --               ; --                        ;
; cpu_armv4:u_cpu|ram_data:u_ram|mem_array~11047      ; MLABCELL_X39_Y21_N9  ; 32      ; Clock enable              ; no     ; --                   ; --               ; --                        ;
; cpu_armv4:u_cpu|ram_data:u_ram|mem_array~11048      ; LABCELL_X40_Y24_N6   ; 32      ; Clock enable              ; no     ; --                   ; --               ; --                        ;
; cpu_armv4:u_cpu|ram_data:u_ram|mem_array~11049      ; LABCELL_X37_Y23_N9   ; 32      ; Clock enable              ; no     ; --                   ; --               ; --                        ;
; cpu_armv4:u_cpu|ram_data:u_ram|mem_array~11050      ; LABCELL_X42_Y26_N0   ; 32      ; Clock enable              ; no     ; --                   ; --               ; --                        ;
; cpu_armv4:u_cpu|ram_data:u_ram|mem_array~11051      ; LABCELL_X43_Y23_N6   ; 32      ; Clock enable              ; no     ; --                   ; --               ; --                        ;
; cpu_armv4:u_cpu|ram_data:u_ram|mem_array~11052      ; LABCELL_X43_Y23_N3   ; 32      ; Clock enable              ; no     ; --                   ; --               ; --                        ;
; cpu_armv4:u_cpu|ram_data:u_ram|mem_array~11053      ; LABCELL_X40_Y24_N39  ; 32      ; Clock enable              ; no     ; --                   ; --               ; --                        ;
; cpu_armv4:u_cpu|ram_data:u_ram|mem_array~11054      ; LABCELL_X36_Y22_N12  ; 32      ; Clock enable              ; no     ; --                   ; --               ; --                        ;
; cpu_armv4:u_cpu|ram_data:u_ram|mem_array~11055      ; LABCELL_X40_Y21_N15  ; 32      ; Clock enable              ; no     ; --                   ; --               ; --                        ;
; cpu_armv4:u_cpu|ram_data:u_ram|mem_array~11056      ; LABCELL_X45_Y23_N15  ; 32      ; Clock enable              ; no     ; --                   ; --               ; --                        ;
; cpu_armv4:u_cpu|ram_data:u_ram|mem_array~11057      ; MLABCELL_X34_Y28_N57 ; 32      ; Clock enable              ; no     ; --                   ; --               ; --                        ;
; cpu_armv4:u_cpu|ram_data:u_ram|mem_array~11058      ; LABCELL_X45_Y23_N33  ; 32      ; Clock enable              ; no     ; --                   ; --               ; --                        ;
; cpu_armv4:u_cpu|ram_data:u_ram|mem_array~11059      ; LABCELL_X40_Y24_N9   ; 32      ; Clock enable              ; no     ; --                   ; --               ; --                        ;
; cpu_armv4:u_cpu|ram_data:u_ram|mem_array~11060      ; LABCELL_X37_Y23_N33  ; 32      ; Clock enable              ; no     ; --                   ; --               ; --                        ;
; cpu_armv4:u_cpu|ram_data:u_ram|mem_array~11061      ; LABCELL_X40_Y24_N42  ; 32      ; Clock enable              ; no     ; --                   ; --               ; --                        ;
; cpu_armv4:u_cpu|ram_data:u_ram|mem_array~11062      ; LABCELL_X42_Y26_N6   ; 32      ; Clock enable              ; no     ; --                   ; --               ; --                        ;
; cpu_armv4:u_cpu|ram_data:u_ram|mem_array~11063      ; LABCELL_X42_Y26_N15  ; 32      ; Clock enable              ; no     ; --                   ; --               ; --                        ;
; cpu_armv4:u_cpu|ram_data:u_ram|mem_array~11064      ; MLABCELL_X39_Y25_N33 ; 32      ; Clock enable              ; no     ; --                   ; --               ; --                        ;
; cpu_armv4:u_cpu|ram_data:u_ram|mem_array~11065      ; LABCELL_X42_Y26_N57  ; 32      ; Clock enable              ; no     ; --                   ; --               ; --                        ;
; cpu_armv4:u_cpu|ram_data:u_ram|mem_array~11066      ; LABCELL_X42_Y26_N24  ; 32      ; Clock enable              ; no     ; --                   ; --               ; --                        ;
; cpu_armv4:u_cpu|ram_data:u_ram|mem_array~11067      ; LABCELL_X42_Y26_N51  ; 32      ; Clock enable              ; no     ; --                   ; --               ; --                        ;
; cpu_armv4:u_cpu|ram_data:u_ram|mem_array~11068      ; LABCELL_X43_Y23_N24  ; 32      ; Clock enable              ; no     ; --                   ; --               ; --                        ;
; cpu_armv4:u_cpu|ram_data:u_ram|mem_array~11069      ; LABCELL_X37_Y23_N45  ; 32      ; Clock enable              ; no     ; --                   ; --               ; --                        ;
; cpu_armv4:u_cpu|ram_data:u_ram|mem_array~11070      ; LABCELL_X43_Y24_N9   ; 32      ; Clock enable              ; no     ; --                   ; --               ; --                        ;
; cpu_armv4:u_cpu|ram_data:u_ram|mem_array~11071      ; LABCELL_X43_Y23_N33  ; 32      ; Clock enable              ; no     ; --                   ; --               ; --                        ;
; cpu_armv4:u_cpu|ram_data:u_ram|mem_array~11072      ; LABCELL_X43_Y23_N39  ; 32      ; Clock enable              ; no     ; --                   ; --               ; --                        ;
; cpu_armv4:u_cpu|ram_data:u_ram|mem_array~11073      ; LABCELL_X42_Y26_N12  ; 32      ; Clock enable              ; no     ; --                   ; --               ; --                        ;
; cpu_armv4:u_cpu|ram_data:u_ram|mem_array~11074      ; LABCELL_X40_Y24_N27  ; 32      ; Clock enable              ; no     ; --                   ; --               ; --                        ;
; cpu_armv4:u_cpu|ram_data:u_ram|mem_array~11075      ; LABCELL_X45_Y23_N48  ; 32      ; Clock enable              ; no     ; --                   ; --               ; --                        ;
; cpu_armv4:u_cpu|ram_data:u_ram|mem_array~11076      ; LABCELL_X43_Y24_N51  ; 32      ; Clock enable              ; no     ; --                   ; --               ; --                        ;
; cpu_armv4:u_cpu|ram_data:u_ram|mem_array~11077      ; LABCELL_X33_Y24_N30  ; 32      ; Clock enable              ; no     ; --                   ; --               ; --                        ;
; cpu_armv4:u_cpu|ram_data:u_ram|mem_array~11078      ; LABCELL_X33_Y24_N42  ; 32      ; Clock enable              ; no     ; --                   ; --               ; --                        ;
; cpu_armv4:u_cpu|ram_data:u_ram|mem_array~11079      ; LABCELL_X45_Y24_N9   ; 32      ; Clock enable              ; no     ; --                   ; --               ; --                        ;
; cpu_armv4:u_cpu|ram_data:u_ram|mem_array~11080      ; LABCELL_X43_Y23_N21  ; 32      ; Clock enable              ; no     ; --                   ; --               ; --                        ;
; cpu_armv4:u_cpu|ram_data:u_ram|mem_array~11081      ; LABCELL_X40_Y24_N54  ; 32      ; Clock enable              ; no     ; --                   ; --               ; --                        ;
; cpu_armv4:u_cpu|ram_data:u_ram|mem_array~11082      ; LABCELL_X42_Y26_N42  ; 32      ; Clock enable              ; no     ; --                   ; --               ; --                        ;
; cpu_armv4:u_cpu|ram_data:u_ram|mem_array~11083      ; LABCELL_X42_Y26_N39  ; 32      ; Clock enable              ; no     ; --                   ; --               ; --                        ;
; cpu_armv4:u_cpu|ram_data:u_ram|mem_array~11084      ; LABCELL_X43_Y23_N12  ; 32      ; Clock enable              ; no     ; --                   ; --               ; --                        ;
; cpu_armv4:u_cpu|ram_data:u_ram|mem_array~11085      ; LABCELL_X40_Y24_N30  ; 32      ; Clock enable              ; no     ; --                   ; --               ; --                        ;
; cpu_armv4:u_cpu|ram_data:u_ram|mem_array~11086      ; LABCELL_X40_Y24_N24  ; 32      ; Clock enable              ; no     ; --                   ; --               ; --                        ;
; cpu_armv4:u_cpu|ram_data:u_ram|mem_array~11087      ; LABCELL_X33_Y23_N42  ; 32      ; Clock enable              ; no     ; --                   ; --               ; --                        ;
; cpu_armv4:u_cpu|ram_data:u_ram|mem_array~11088      ; LABCELL_X43_Y24_N42  ; 32      ; Clock enable              ; no     ; --                   ; --               ; --                        ;
; cpu_armv4:u_cpu|ram_data:u_ram|mem_array~11089      ; LABCELL_X42_Y26_N3   ; 32      ; Clock enable              ; no     ; --                   ; --               ; --                        ;
; cpu_armv4:u_cpu|ram_data:u_ram|mem_array~11090      ; LABCELL_X43_Y23_N18  ; 32      ; Clock enable              ; no     ; --                   ; --               ; --                        ;
; cpu_armv4:u_cpu|ram_data:u_ram|mem_array~11091      ; LABCELL_X43_Y22_N45  ; 32      ; Clock enable              ; no     ; --                   ; --               ; --                        ;
; cpu_armv4:u_cpu|ram_data:u_ram|mem_array~11092      ; LABCELL_X43_Y24_N54  ; 32      ; Clock enable              ; no     ; --                   ; --               ; --                        ;
; cpu_armv4:u_cpu|ram_data:u_ram|mem_array~11093      ; LABCELL_X37_Y24_N36  ; 32      ; Clock enable              ; no     ; --                   ; --               ; --                        ;
; cpu_armv4:u_cpu|ram_data:u_ram|mem_array~11094      ; LABCELL_X43_Y24_N45  ; 32      ; Clock enable              ; no     ; --                   ; --               ; --                        ;
; cpu_armv4:u_cpu|ram_data:u_ram|mem_array~11095      ; LABCELL_X35_Y21_N12  ; 32      ; Clock enable              ; no     ; --                   ; --               ; --                        ;
; cpu_armv4:u_cpu|ram_data:u_ram|mem_array~11096      ; LABCELL_X43_Y23_N48  ; 32      ; Clock enable              ; no     ; --                   ; --               ; --                        ;
; cpu_armv4:u_cpu|ram_data:u_ram|mem_array~11097      ; LABCELL_X37_Y24_N45  ; 32      ; Clock enable              ; no     ; --                   ; --               ; --                        ;
; cpu_armv4:u_cpu|ram_data:u_ram|mem_array~11098      ; LABCELL_X45_Y24_N24  ; 32      ; Clock enable              ; no     ; --                   ; --               ; --                        ;
; cpu_armv4:u_cpu|ram_data:u_ram|mem_array~11099      ; LABCELL_X36_Y22_N48  ; 32      ; Clock enable              ; no     ; --                   ; --               ; --                        ;
; cpu_armv4:u_cpu|ram_data:u_ram|mem_array~11100      ; LABCELL_X37_Y22_N15  ; 32      ; Clock enable              ; no     ; --                   ; --               ; --                        ;
; cpu_armv4:u_cpu|ram_data:u_ram|mem_array~11101      ; LABCELL_X43_Y23_N36  ; 32      ; Clock enable              ; no     ; --                   ; --               ; --                        ;
; cpu_armv4:u_cpu|ram_data:u_ram|mem_array~11102      ; MLABCELL_X39_Y25_N48 ; 32      ; Clock enable              ; no     ; --                   ; --               ; --                        ;
; cpu_armv4:u_cpu|ram_data:u_ram|mem_array~11103      ; LABCELL_X35_Y21_N0   ; 32      ; Clock enable              ; no     ; --                   ; --               ; --                        ;
; cpu_armv4:u_cpu|ram_data:u_ram|mem_array~11104      ; LABCELL_X43_Y24_N15  ; 32      ; Clock enable              ; no     ; --                   ; --               ; --                        ;
; cpu_armv4:u_cpu|ram_data:u_ram|mem_array~11105      ; LABCELL_X36_Y23_N42  ; 32      ; Clock enable              ; no     ; --                   ; --               ; --                        ;
; cpu_armv4:u_cpu|ram_data:u_ram|mem_array~11107      ; LABCELL_X51_Y26_N51  ; 32      ; Clock enable              ; no     ; --                   ; --               ; --                        ;
; cpu_armv4:u_cpu|ram_data:u_ram|mem_array~11108      ; LABCELL_X45_Y23_N18  ; 32      ; Clock enable              ; no     ; --                   ; --               ; --                        ;
; cpu_armv4:u_cpu|ram_data:u_ram|mem_array~11109      ; LABCELL_X51_Y21_N6   ; 32      ; Clock enable              ; no     ; --                   ; --               ; --                        ;
; cpu_armv4:u_cpu|ram_data:u_ram|mem_array~11110      ; LABCELL_X56_Y27_N42  ; 32      ; Clock enable              ; no     ; --                   ; --               ; --                        ;
; cpu_armv4:u_cpu|ram_data:u_ram|mem_array~11111      ; LABCELL_X50_Y24_N54  ; 32      ; Clock enable              ; no     ; --                   ; --               ; --                        ;
; cpu_armv4:u_cpu|ram_data:u_ram|mem_array~11112      ; LABCELL_X50_Y24_N24  ; 32      ; Clock enable              ; no     ; --                   ; --               ; --                        ;
; cpu_armv4:u_cpu|ram_data:u_ram|mem_array~11113      ; LABCELL_X45_Y23_N36  ; 32      ; Clock enable              ; no     ; --                   ; --               ; --                        ;
; cpu_armv4:u_cpu|ram_data:u_ram|mem_array~11114      ; MLABCELL_X52_Y24_N3  ; 32      ; Clock enable              ; no     ; --                   ; --               ; --                        ;
; cpu_armv4:u_cpu|ram_data:u_ram|mem_array~11115      ; LABCELL_X51_Y24_N0   ; 32      ; Clock enable              ; no     ; --                   ; --               ; --                        ;
; cpu_armv4:u_cpu|ram_data:u_ram|mem_array~11116      ; MLABCELL_X52_Y23_N21 ; 32      ; Clock enable              ; no     ; --                   ; --               ; --                        ;
; cpu_armv4:u_cpu|ram_data:u_ram|mem_array~11117      ; LABCELL_X46_Y24_N45  ; 32      ; Clock enable              ; no     ; --                   ; --               ; --                        ;
; cpu_armv4:u_cpu|ram_data:u_ram|mem_array~11118      ; MLABCELL_X52_Y24_N33 ; 32      ; Clock enable              ; no     ; --                   ; --               ; --                        ;
; cpu_armv4:u_cpu|ram_data:u_ram|mem_array~11119      ; LABCELL_X50_Y25_N15  ; 32      ; Clock enable              ; no     ; --                   ; --               ; --                        ;
; cpu_armv4:u_cpu|ram_data:u_ram|mem_array~11120      ; LABCELL_X48_Y27_N6   ; 32      ; Clock enable              ; no     ; --                   ; --               ; --                        ;
; cpu_armv4:u_cpu|ram_data:u_ram|mem_array~11121      ; LABCELL_X51_Y26_N3   ; 32      ; Clock enable              ; no     ; --                   ; --               ; --                        ;
; cpu_armv4:u_cpu|ram_data:u_ram|mem_array~11122      ; LABCELL_X51_Y24_N57  ; 32      ; Clock enable              ; no     ; --                   ; --               ; --                        ;
; cpu_armv4:u_cpu|ram_data:u_ram|mem_array~11123      ; LABCELL_X46_Y24_N12  ; 32      ; Clock enable              ; no     ; --                   ; --               ; --                        ;
; cpu_armv4:u_cpu|ram_data:u_ram|mem_array~11124      ; LABCELL_X48_Y27_N12  ; 32      ; Clock enable              ; no     ; --                   ; --               ; --                        ;
; cpu_armv4:u_cpu|ram_data:u_ram|mem_array~11125      ; LABCELL_X51_Y24_N15  ; 32      ; Clock enable              ; no     ; --                   ; --               ; --                        ;
; cpu_armv4:u_cpu|ram_data:u_ram|mem_array~11126      ; MLABCELL_X52_Y26_N21 ; 32      ; Clock enable              ; no     ; --                   ; --               ; --                        ;
; cpu_armv4:u_cpu|ram_data:u_ram|mem_array~11127      ; LABCELL_X50_Y22_N30  ; 32      ; Clock enable              ; no     ; --                   ; --               ; --                        ;
; cpu_armv4:u_cpu|ram_data:u_ram|mem_array~11128      ; LABCELL_X48_Y25_N45  ; 32      ; Clock enable              ; no     ; --                   ; --               ; --                        ;
; cpu_armv4:u_cpu|ram_data:u_ram|mem_array~11129      ; LABCELL_X48_Y23_N18  ; 32      ; Clock enable              ; no     ; --                   ; --               ; --                        ;
; cpu_armv4:u_cpu|ram_data:u_ram|mem_array~11130      ; LABCELL_X50_Y21_N21  ; 32      ; Clock enable              ; no     ; --                   ; --               ; --                        ;
; cpu_armv4:u_cpu|ram_data:u_ram|mem_array~11131      ; LABCELL_X50_Y25_N54  ; 32      ; Clock enable              ; no     ; --                   ; --               ; --                        ;
; cpu_armv4:u_cpu|ram_data:u_ram|mem_array~11132      ; LABCELL_X50_Y24_N12  ; 32      ; Clock enable              ; no     ; --                   ; --               ; --                        ;
; cpu_armv4:u_cpu|ram_data:u_ram|mem_array~11133      ; LABCELL_X48_Y23_N12  ; 32      ; Clock enable              ; no     ; --                   ; --               ; --                        ;
; cpu_armv4:u_cpu|ram_data:u_ram|mem_array~11134      ; MLABCELL_X52_Y23_N48 ; 32      ; Clock enable              ; no     ; --                   ; --               ; --                        ;
; cpu_armv4:u_cpu|ram_data:u_ram|mem_array~11135      ; LABCELL_X50_Y24_N57  ; 32      ; Clock enable              ; no     ; --                   ; --               ; --                        ;
; cpu_armv4:u_cpu|ram_data:u_ram|mem_array~11136      ; LABCELL_X42_Y26_N18  ; 32      ; Clock enable              ; no     ; --                   ; --               ; --                        ;
; cpu_armv4:u_cpu|ram_data:u_ram|mem_array~11137      ; LABCELL_X50_Y25_N18  ; 32      ; Clock enable              ; no     ; --                   ; --               ; --                        ;
; cpu_armv4:u_cpu|ram_data:u_ram|mem_array~11138      ; LABCELL_X50_Y25_N48  ; 32      ; Clock enable              ; no     ; --                   ; --               ; --                        ;
; cpu_armv4:u_cpu|ram_data:u_ram|mem_array~11139      ; LABCELL_X50_Y27_N12  ; 32      ; Clock enable              ; no     ; --                   ; --               ; --                        ;
; cpu_armv4:u_cpu|ram_data:u_ram|mem_array~11140      ; LABCELL_X43_Y23_N54  ; 32      ; Clock enable              ; no     ; --                   ; --               ; --                        ;
; cpu_armv4:u_cpu|ram_data:u_ram|mem_array~11141      ; MLABCELL_X52_Y23_N18 ; 32      ; Clock enable              ; no     ; --                   ; --               ; --                        ;
; cpu_armv4:u_cpu|ram_data:u_ram|mem_array~11142      ; LABCELL_X51_Y24_N42  ; 32      ; Clock enable              ; no     ; --                   ; --               ; --                        ;
; cpu_armv4:u_cpu|ram_data:u_ram|mem_array~11143      ; MLABCELL_X47_Y28_N12 ; 32      ; Clock enable              ; no     ; --                   ; --               ; --                        ;
; cpu_armv4:u_cpu|ram_data:u_ram|mem_array~11144      ; LABCELL_X42_Y26_N36  ; 32      ; Clock enable              ; no     ; --                   ; --               ; --                        ;
; cpu_armv4:u_cpu|ram_data:u_ram|mem_array~11145      ; LABCELL_X48_Y25_N0   ; 32      ; Clock enable              ; no     ; --                   ; --               ; --                        ;
; cpu_armv4:u_cpu|ram_data:u_ram|mem_array~11146      ; LABCELL_X51_Y27_N12  ; 32      ; Clock enable              ; no     ; --                   ; --               ; --                        ;
; cpu_armv4:u_cpu|ram_data:u_ram|mem_array~11147      ; LABCELL_X42_Y26_N21  ; 32      ; Clock enable              ; no     ; --                   ; --               ; --                        ;
; cpu_armv4:u_cpu|ram_data:u_ram|mem_array~11148      ; MLABCELL_X47_Y26_N0  ; 32      ; Clock enable              ; no     ; --                   ; --               ; --                        ;
; cpu_armv4:u_cpu|ram_data:u_ram|mem_array~11149      ; LABCELL_X43_Y23_N45  ; 32      ; Clock enable              ; no     ; --                   ; --               ; --                        ;
; cpu_armv4:u_cpu|ram_data:u_ram|mem_array~11150      ; LABCELL_X46_Y26_N36  ; 32      ; Clock enable              ; no     ; --                   ; --               ; --                        ;
; cpu_armv4:u_cpu|ram_data:u_ram|mem_array~11151      ; LABCELL_X55_Y27_N12  ; 32      ; Clock enable              ; no     ; --                   ; --               ; --                        ;
; cpu_armv4:u_cpu|ram_data:u_ram|mem_array~11152      ; LABCELL_X51_Y22_N42  ; 32      ; Clock enable              ; no     ; --                   ; --               ; --                        ;
; cpu_armv4:u_cpu|ram_data:u_ram|mem_array~11153      ; MLABCELL_X52_Y23_N30 ; 32      ; Clock enable              ; no     ; --                   ; --               ; --                        ;
; cpu_armv4:u_cpu|ram_data:u_ram|mem_array~11154      ; LABCELL_X51_Y26_N12  ; 32      ; Clock enable              ; no     ; --                   ; --               ; --                        ;
; cpu_armv4:u_cpu|ram_data:u_ram|mem_array~11155      ; LABCELL_X50_Y21_N39  ; 32      ; Clock enable              ; no     ; --                   ; --               ; --                        ;
; cpu_armv4:u_cpu|ram_data:u_ram|mem_array~11156      ; LABCELL_X51_Y27_N30  ; 32      ; Clock enable              ; no     ; --                   ; --               ; --                        ;
; cpu_armv4:u_cpu|ram_data:u_ram|mem_array~11157      ; LABCELL_X46_Y22_N36  ; 32      ; Clock enable              ; no     ; --                   ; --               ; --                        ;
; cpu_armv4:u_cpu|ram_data:u_ram|mem_array~11158      ; LABCELL_X42_Y26_N33  ; 32      ; Clock enable              ; no     ; --                   ; --               ; --                        ;
; cpu_armv4:u_cpu|ram_data:u_ram|mem_array~11159      ; LABCELL_X50_Y21_N30  ; 32      ; Clock enable              ; no     ; --                   ; --               ; --                        ;
; cpu_armv4:u_cpu|ram_data:u_ram|mem_array~11160      ; MLABCELL_X47_Y23_N30 ; 32      ; Clock enable              ; no     ; --                   ; --               ; --                        ;
; cpu_armv4:u_cpu|ram_data:u_ram|mem_array~11161      ; LABCELL_X46_Y22_N42  ; 32      ; Clock enable              ; no     ; --                   ; --               ; --                        ;
; cpu_armv4:u_cpu|ram_data:u_ram|mem_array~11162      ; LABCELL_X51_Y21_N48  ; 32      ; Clock enable              ; no     ; --                   ; --               ; --                        ;
; cpu_armv4:u_cpu|ram_data:u_ram|mem_array~11163      ; LABCELL_X45_Y23_N42  ; 32      ; Clock enable              ; no     ; --                   ; --               ; --                        ;
; cpu_armv4:u_cpu|ram_data:u_ram|mem_array~11164      ; LABCELL_X43_Y23_N30  ; 32      ; Clock enable              ; no     ; --                   ; --               ; --                        ;
; cpu_armv4:u_cpu|ram_data:u_ram|mem_array~11165      ; LABCELL_X45_Y23_N0   ; 32      ; Clock enable              ; no     ; --                   ; --               ; --                        ;
; cpu_armv4:u_cpu|ram_data:u_ram|mem_array~11166      ; LABCELL_X56_Y23_N15  ; 32      ; Clock enable              ; no     ; --                   ; --               ; --                        ;
; cpu_armv4:u_cpu|ram_data:u_ram|mem_array~11167      ; LABCELL_X46_Y30_N48  ; 32      ; Clock enable              ; no     ; --                   ; --               ; --                        ;
; cpu_armv4:u_cpu|ram_data:u_ram|mem_array~11168      ; LABCELL_X42_Y26_N45  ; 32      ; Clock enable              ; no     ; --                   ; --               ; --                        ;
; cpu_armv4:u_cpu|ram_data:u_ram|mem_array~11169      ; LABCELL_X43_Y26_N3   ; 32      ; Clock enable              ; no     ; --                   ; --               ; --                        ;
; cpu_armv4:u_cpu|ram_data:u_ram|mem_array~11170      ; LABCELL_X48_Y25_N33  ; 32      ; Clock enable              ; no     ; --                   ; --               ; --                        ;
; cpu_armv4:u_cpu|ram_data:u_ram|mem_array~11172      ; LABCELL_X50_Y16_N15  ; 32      ; Clock enable              ; no     ; --                   ; --               ; --                        ;
; cpu_armv4:u_cpu|ram_data:u_ram|mem_array~11173      ; LABCELL_X50_Y16_N54  ; 32      ; Clock enable              ; no     ; --                   ; --               ; --                        ;
; cpu_armv4:u_cpu|ram_data:u_ram|mem_array~11174      ; LABCELL_X51_Y15_N42  ; 32      ; Clock enable              ; no     ; --                   ; --               ; --                        ;
; cpu_armv4:u_cpu|ram_data:u_ram|mem_array~11175      ; LABCELL_X50_Y18_N54  ; 32      ; Clock enable              ; no     ; --                   ; --               ; --                        ;
; cpu_armv4:u_cpu|ram_data:u_ram|mem_array~11176      ; LABCELL_X45_Y15_N21  ; 32      ; Clock enable              ; no     ; --                   ; --               ; --                        ;
; cpu_armv4:u_cpu|ram_data:u_ram|mem_array~11177      ; LABCELL_X48_Y14_N3   ; 32      ; Clock enable              ; no     ; --                   ; --               ; --                        ;
; cpu_armv4:u_cpu|ram_data:u_ram|mem_array~11178      ; MLABCELL_X47_Y16_N3  ; 32      ; Clock enable              ; no     ; --                   ; --               ; --                        ;
; cpu_armv4:u_cpu|ram_data:u_ram|mem_array~11179      ; LABCELL_X50_Y16_N0   ; 32      ; Clock enable              ; no     ; --                   ; --               ; --                        ;
; cpu_armv4:u_cpu|ram_data:u_ram|mem_array~11180      ; LABCELL_X51_Y12_N48  ; 32      ; Clock enable              ; no     ; --                   ; --               ; --                        ;
; cpu_armv4:u_cpu|ram_data:u_ram|mem_array~11181      ; LABCELL_X51_Y14_N0   ; 32      ; Clock enable              ; no     ; --                   ; --               ; --                        ;
; cpu_armv4:u_cpu|ram_data:u_ram|mem_array~11182      ; LABCELL_X50_Y16_N21  ; 32      ; Clock enable              ; no     ; --                   ; --               ; --                        ;
; cpu_armv4:u_cpu|ram_data:u_ram|mem_array~11183      ; LABCELL_X43_Y17_N54  ; 32      ; Clock enable              ; no     ; --                   ; --               ; --                        ;
; cpu_armv4:u_cpu|ram_data:u_ram|mem_array~11184      ; LABCELL_X51_Y14_N30  ; 32      ; Clock enable              ; no     ; --                   ; --               ; --                        ;
; cpu_armv4:u_cpu|ram_data:u_ram|mem_array~11185      ; LABCELL_X48_Y14_N33  ; 32      ; Clock enable              ; no     ; --                   ; --               ; --                        ;
; cpu_armv4:u_cpu|ram_data:u_ram|mem_array~11186      ; MLABCELL_X47_Y16_N18 ; 32      ; Clock enable              ; no     ; --                   ; --               ; --                        ;
; cpu_armv4:u_cpu|ram_data:u_ram|mem_array~11187      ; LABCELL_X50_Y15_N48  ; 32      ; Clock enable              ; no     ; --                   ; --               ; --                        ;
; cpu_armv4:u_cpu|ram_data:u_ram|mem_array~11188      ; LABCELL_X50_Y14_N54  ; 32      ; Clock enable              ; no     ; --                   ; --               ; --                        ;
; cpu_armv4:u_cpu|ram_data:u_ram|mem_array~11189      ; LABCELL_X50_Y14_N51  ; 32      ; Clock enable              ; no     ; --                   ; --               ; --                        ;
; cpu_armv4:u_cpu|ram_data:u_ram|mem_array~11190      ; LABCELL_X50_Y15_N54  ; 32      ; Clock enable              ; no     ; --                   ; --               ; --                        ;
; cpu_armv4:u_cpu|ram_data:u_ram|mem_array~11191      ; LABCELL_X48_Y14_N0   ; 32      ; Clock enable              ; no     ; --                   ; --               ; --                        ;
; cpu_armv4:u_cpu|ram_data:u_ram|mem_array~11192      ; MLABCELL_X47_Y16_N0  ; 32      ; Clock enable              ; no     ; --                   ; --               ; --                        ;
; cpu_armv4:u_cpu|ram_data:u_ram|mem_array~11193      ; LABCELL_X48_Y14_N51  ; 32      ; Clock enable              ; no     ; --                   ; --               ; --                        ;
; cpu_armv4:u_cpu|ram_data:u_ram|mem_array~11194      ; LABCELL_X51_Y14_N51  ; 32      ; Clock enable              ; no     ; --                   ; --               ; --                        ;
; cpu_armv4:u_cpu|ram_data:u_ram|mem_array~11195      ; LABCELL_X48_Y14_N30  ; 32      ; Clock enable              ; no     ; --                   ; --               ; --                        ;
; cpu_armv4:u_cpu|ram_data:u_ram|mem_array~11196      ; LABCELL_X48_Y14_N48  ; 32      ; Clock enable              ; no     ; --                   ; --               ; --                        ;
; cpu_armv4:u_cpu|ram_data:u_ram|mem_array~11197      ; LABCELL_X46_Y12_N9   ; 32      ; Clock enable              ; no     ; --                   ; --               ; --                        ;
; cpu_armv4:u_cpu|ram_data:u_ram|mem_array~11198      ; LABCELL_X48_Y14_N18  ; 32      ; Clock enable              ; no     ; --                   ; --               ; --                        ;
; cpu_armv4:u_cpu|ram_data:u_ram|mem_array~11199      ; LABCELL_X48_Y15_N27  ; 32      ; Clock enable              ; no     ; --                   ; --               ; --                        ;
; cpu_armv4:u_cpu|ram_data:u_ram|mem_array~11200      ; MLABCELL_X52_Y13_N45 ; 32      ; Clock enable              ; no     ; --                   ; --               ; --                        ;
; cpu_armv4:u_cpu|ram_data:u_ram|mem_array~11201      ; LABCELL_X48_Y14_N24  ; 32      ; Clock enable              ; no     ; --                   ; --               ; --                        ;
; cpu_armv4:u_cpu|ram_data:u_ram|mem_array~11202      ; LABCELL_X56_Y15_N54  ; 32      ; Clock enable              ; no     ; --                   ; --               ; --                        ;
; cpu_armv4:u_cpu|ram_data:u_ram|mem_array~11203      ; LABCELL_X62_Y12_N42  ; 32      ; Clock enable              ; no     ; --                   ; --               ; --                        ;
; cpu_armv4:u_cpu|ram_data:u_ram|mem_array~11204      ; LABCELL_X46_Y12_N36  ; 32      ; Clock enable              ; no     ; --                   ; --               ; --                        ;
; cpu_armv4:u_cpu|ram_data:u_ram|mem_array~11205      ; MLABCELL_X47_Y13_N12 ; 32      ; Clock enable              ; no     ; --                   ; --               ; --                        ;
; cpu_armv4:u_cpu|ram_data:u_ram|mem_array~11206      ; LABCELL_X50_Y15_N39  ; 32      ; Clock enable              ; no     ; --                   ; --               ; --                        ;
; cpu_armv4:u_cpu|ram_data:u_ram|mem_array~11207      ; LABCELL_X50_Y15_N0   ; 32      ; Clock enable              ; no     ; --                   ; --               ; --                        ;
; cpu_armv4:u_cpu|ram_data:u_ram|mem_array~11208      ; LABCELL_X50_Y15_N51  ; 32      ; Clock enable              ; no     ; --                   ; --               ; --                        ;
; cpu_armv4:u_cpu|ram_data:u_ram|mem_array~11209      ; MLABCELL_X47_Y13_N45 ; 32      ; Clock enable              ; no     ; --                   ; --               ; --                        ;
; cpu_armv4:u_cpu|ram_data:u_ram|mem_array~11210      ; MLABCELL_X47_Y13_N42 ; 32      ; Clock enable              ; no     ; --                   ; --               ; --                        ;
; cpu_armv4:u_cpu|ram_data:u_ram|mem_array~11211      ; LABCELL_X50_Y14_N18  ; 32      ; Clock enable              ; no     ; --                   ; --               ; --                        ;
; cpu_armv4:u_cpu|ram_data:u_ram|mem_array~11212      ; MLABCELL_X47_Y14_N27 ; 32      ; Clock enable              ; no     ; --                   ; --               ; --                        ;
; cpu_armv4:u_cpu|ram_data:u_ram|mem_array~11213      ; LABCELL_X45_Y15_N30  ; 32      ; Clock enable              ; no     ; --                   ; --               ; --                        ;
; cpu_armv4:u_cpu|ram_data:u_ram|mem_array~11214      ; MLABCELL_X47_Y13_N57 ; 32      ; Clock enable              ; no     ; --                   ; --               ; --                        ;
; cpu_armv4:u_cpu|ram_data:u_ram|mem_array~11215      ; LABCELL_X45_Y17_N48  ; 32      ; Clock enable              ; no     ; --                   ; --               ; --                        ;
; cpu_armv4:u_cpu|ram_data:u_ram|mem_array~11216      ; LABCELL_X51_Y12_N42  ; 32      ; Clock enable              ; no     ; --                   ; --               ; --                        ;
; cpu_armv4:u_cpu|ram_data:u_ram|mem_array~11217      ; LABCELL_X48_Y13_N21  ; 32      ; Clock enable              ; no     ; --                   ; --               ; --                        ;
; cpu_armv4:u_cpu|ram_data:u_ram|mem_array~11218      ; LABCELL_X62_Y15_N54  ; 32      ; Clock enable              ; no     ; --                   ; --               ; --                        ;
; cpu_armv4:u_cpu|ram_data:u_ram|mem_array~11219      ; LABCELL_X57_Y14_N6   ; 32      ; Clock enable              ; no     ; --                   ; --               ; --                        ;
; cpu_armv4:u_cpu|ram_data:u_ram|mem_array~11220      ; LABCELL_X50_Y14_N24  ; 32      ; Clock enable              ; no     ; --                   ; --               ; --                        ;
; cpu_armv4:u_cpu|ram_data:u_ram|mem_array~11221      ; LABCELL_X43_Y17_N51  ; 32      ; Clock enable              ; no     ; --                   ; --               ; --                        ;
; cpu_armv4:u_cpu|ram_data:u_ram|mem_array~11222      ; LABCELL_X50_Y18_N9   ; 32      ; Clock enable              ; no     ; --                   ; --               ; --                        ;
; cpu_armv4:u_cpu|ram_data:u_ram|mem_array~11223      ; MLABCELL_X52_Y14_N48 ; 32      ; Clock enable              ; no     ; --                   ; --               ; --                        ;
; cpu_armv4:u_cpu|ram_data:u_ram|mem_array~11224      ; LABCELL_X46_Y13_N24  ; 32      ; Clock enable              ; no     ; --                   ; --               ; --                        ;
; cpu_armv4:u_cpu|ram_data:u_ram|mem_array~11225      ; MLABCELL_X47_Y13_N24 ; 32      ; Clock enable              ; no     ; --                   ; --               ; --                        ;
; cpu_armv4:u_cpu|ram_data:u_ram|mem_array~11226      ; LABCELL_X50_Y15_N21  ; 32      ; Clock enable              ; no     ; --                   ; --               ; --                        ;
; cpu_armv4:u_cpu|ram_data:u_ram|mem_array~11227      ; MLABCELL_X47_Y14_N57 ; 32      ; Clock enable              ; no     ; --                   ; --               ; --                        ;
; cpu_armv4:u_cpu|ram_data:u_ram|mem_array~11228      ; MLABCELL_X47_Y14_N12 ; 32      ; Clock enable              ; no     ; --                   ; --               ; --                        ;
; cpu_armv4:u_cpu|ram_data:u_ram|mem_array~11229      ; LABCELL_X50_Y13_N54  ; 32      ; Clock enable              ; no     ; --                   ; --               ; --                        ;
; cpu_armv4:u_cpu|ram_data:u_ram|mem_array~11230      ; LABCELL_X50_Y18_N30  ; 32      ; Clock enable              ; no     ; --                   ; --               ; --                        ;
; cpu_armv4:u_cpu|ram_data:u_ram|mem_array~11231      ; MLABCELL_X47_Y14_N6  ; 32      ; Clock enable              ; no     ; --                   ; --               ; --                        ;
; cpu_armv4:u_cpu|ram_data:u_ram|mem_array~11232      ; LABCELL_X53_Y13_N54  ; 32      ; Clock enable              ; no     ; --                   ; --               ; --                        ;
; cpu_armv4:u_cpu|ram_data:u_ram|mem_array~11233      ; LABCELL_X50_Y13_N57  ; 32      ; Clock enable              ; no     ; --                   ; --               ; --                        ;
; cpu_armv4:u_cpu|ram_data:u_ram|mem_array~11234      ; LABCELL_X48_Y14_N6   ; 32      ; Clock enable              ; no     ; --                   ; --               ; --                        ;
; cpu_armv4:u_cpu|ram_data:u_ram|mem_array~11235      ; LABCELL_X51_Y15_N27  ; 32      ; Clock enable              ; no     ; --                   ; --               ; --                        ;
; cpu_armv4:u_cpu|regfile:u_regfile|Decoder0~0        ; LABCELL_X70_Y19_N30  ; 32      ; Clock enable              ; no     ; --                   ; --               ; --                        ;
; cpu_armv4:u_cpu|regfile:u_regfile|Decoder0~1        ; LABCELL_X70_Y19_N33  ; 32      ; Clock enable              ; no     ; --                   ; --               ; --                        ;
; cpu_armv4:u_cpu|regfile:u_regfile|Decoder0~2        ; LABCELL_X70_Y19_N9   ; 40      ; Clock enable              ; no     ; --                   ; --               ; --                        ;
; cpu_armv4:u_cpu|regfile:u_regfile|Decoder0~3        ; LABCELL_X70_Y19_N18  ; 32      ; Clock enable              ; no     ; --                   ; --               ; --                        ;
; cpu_armv4:u_cpu|regfile:u_regfile|Decoder0~4        ; LABCELL_X70_Y19_N21  ; 33      ; Clock enable              ; no     ; --                   ; --               ; --                        ;
; cpu_armv4:u_cpu|regfile:u_regfile|Decoder0~5        ; LABCELL_X70_Y19_N42  ; 32      ; Clock enable              ; no     ; --                   ; --               ; --                        ;
; cpu_armv4:u_cpu|regfile:u_regfile|Decoder0~6        ; LABCELL_X70_Y19_N6   ; 47      ; Clock enable              ; no     ; --                   ; --               ; --                        ;
; cpu_armv4:u_cpu|regfile:u_regfile|Decoder0~7        ; LABCELL_X70_Y19_N45  ; 32      ; Clock enable              ; no     ; --                   ; --               ; --                        ;
; cpu_reset                                           ; LABCELL_X70_Y18_N30  ; 329     ; Async. clear              ; no     ; --                   ; --               ; --                        ;
; load_state.LOAD_IDLE                                ; FF_X70_Y18_N8        ; 7187    ; Sync. clear               ; no     ; --                   ; --               ; --                        ;
; sck                                                 ; PIN_AD12             ; 10      ; Clock                     ; yes    ; Global Clock         ; GCLK6            ; --                        ;
; ss_rise                                             ; FF_X65_Y11_N2        ; 6       ; Clock enable              ; no     ; --                   ; --               ; --                        ;
; vga_controller:u_vga|vga_timing:u_timing|y[7]~0     ; LABCELL_X64_Y13_N12  ; 22      ; Sync. clear               ; no     ; --                   ; --               ; --                        ;
; vga_controller:u_vga|vga_timing:u_timing|y[7]~1     ; LABCELL_X71_Y11_N42  ; 45      ; Clock enable, Sync. clear ; no     ; --                   ; --               ; --                        ;
+-----------------------------------------------------+----------------------+---------+---------------------------+--------+----------------------+------------------+---------------------------+


+-----------------------------------------------------------------------------------------------------------------------------+
; Global & Other Fast Signals                                                                                                 ;
+-----------------------------+---------------+---------+----------------------+------------------+---------------------------+
; Name                        ; Location      ; Fan-Out ; Global Resource Used ; Global Line Name ; Enable Signal Source Name ;
+-----------------------------+---------------+---------+----------------------+------------------+---------------------------+
; CLOCK_50                    ; PIN_AF14      ; 34      ; Global Clock         ; GCLK4            ; --                        ;
; clock_divider:u_div|clk_out ; FF_X33_Y1_N13 ; 8551    ; Global Clock         ; GCLK7            ; --                        ;
; sck                         ; PIN_AD12      ; 10      ; Global Clock         ; GCLK6            ; --                        ;
+-----------------------------+---------------+---------+----------------------+------------------+---------------------------+


+-------------------------------------------------------+
; Non-Global High Fan-Out Signals                       ;
+---------------------------------------------+---------+
; Name                                        ; Fan-Out ;
+---------------------------------------------+---------+
; load_state.LOAD_IDLE                        ; 7187    ;
; cpu_armv4:u_cpu|comb~5                      ; 963     ;
; cpu_armv4:u_cpu|comb~4                      ; 963     ;
; cpu_armv4:u_cpu|comb~3                      ; 960     ;
; cpu_armv4:u_cpu|comb~2                      ; 960     ;
; cpu_armv4:u_cpu|comb~0                      ; 957     ;
; cpu_armv4:u_cpu|comb~1                      ; 957     ;
; cpu_armv4:u_cpu|control_unit:u_ctrl|is_MOVI ; 907     ;
+---------------------------------------------+---------+


+-------------------------------------------------------------------------+
; Routing Usage Summary                                                   ;
+---------------------------------------------+---------------------------+
; Routing Resource Type                       ; Usage                     ;
+---------------------------------------------+---------------------------+
; Block interconnects                         ; 26,849 / 289,320 ( 9 % )  ;
; C12 interconnects                           ; 389 / 13,420 ( 3 % )      ;
; C2 interconnects                            ; 7,371 / 119,108 ( 6 % )   ;
; C4 interconnects                            ; 4,195 / 56,300 ( 7 % )    ;
; DQS bus muxes                               ; 0 / 25 ( 0 % )            ;
; DQS-18 I/O buses                            ; 0 / 25 ( 0 % )            ;
; DQS-9 I/O buses                             ; 0 / 25 ( 0 % )            ;
; Direct links                                ; 2,227 / 289,320 ( < 1 % ) ;
; Global clocks                               ; 3 / 16 ( 19 % )           ;
; HPS SDRAM PLL inputs                        ; 0 / 1 ( 0 % )             ;
; HPS SDRAM PLL outputs                       ; 0 / 1 ( 0 % )             ;
; HPS_INTERFACE_BOOT_FROM_FPGA_INPUTs         ; 0 / 9 ( 0 % )             ;
; HPS_INTERFACE_CLOCKS_RESETS_INPUTs          ; 0 / 7 ( 0 % )             ;
; HPS_INTERFACE_CLOCKS_RESETS_OUTPUTs         ; 0 / 6 ( 0 % )             ;
; HPS_INTERFACE_CROSS_TRIGGER_INPUTs          ; 0 / 18 ( 0 % )            ;
; HPS_INTERFACE_CROSS_TRIGGER_OUTPUTs         ; 0 / 24 ( 0 % )            ;
; HPS_INTERFACE_DBG_APB_INPUTs                ; 0 / 37 ( 0 % )            ;
; HPS_INTERFACE_DBG_APB_OUTPUTs               ; 0 / 55 ( 0 % )            ;
; HPS_INTERFACE_DMA_INPUTs                    ; 0 / 16 ( 0 % )            ;
; HPS_INTERFACE_DMA_OUTPUTs                   ; 0 / 8 ( 0 % )             ;
; HPS_INTERFACE_FPGA2HPS_INPUTs               ; 0 / 287 ( 0 % )           ;
; HPS_INTERFACE_FPGA2HPS_OUTPUTs              ; 0 / 154 ( 0 % )           ;
; HPS_INTERFACE_FPGA2SDRAM_INPUTs             ; 0 / 852 ( 0 % )           ;
; HPS_INTERFACE_FPGA2SDRAM_OUTPUTs            ; 0 / 408 ( 0 % )           ;
; HPS_INTERFACE_HPS2FPGA_INPUTs               ; 0 / 165 ( 0 % )           ;
; HPS_INTERFACE_HPS2FPGA_LIGHT_WEIGHT_INPUTs  ; 0 / 67 ( 0 % )            ;
; HPS_INTERFACE_HPS2FPGA_LIGHT_WEIGHT_OUTPUTs ; 0 / 156 ( 0 % )           ;
; HPS_INTERFACE_HPS2FPGA_OUTPUTs              ; 0 / 282 ( 0 % )           ;
; HPS_INTERFACE_INTERRUPTS_INPUTs             ; 0 / 64 ( 0 % )            ;
; HPS_INTERFACE_INTERRUPTS_OUTPUTs            ; 0 / 42 ( 0 % )            ;
; HPS_INTERFACE_JTAG_OUTPUTs                  ; 0 / 5 ( 0 % )             ;
; HPS_INTERFACE_LOAN_IO_INPUTs                ; 0 / 142 ( 0 % )           ;
; HPS_INTERFACE_LOAN_IO_OUTPUTs               ; 0 / 85 ( 0 % )            ;
; HPS_INTERFACE_MPU_EVENT_STANDBY_INPUTs      ; 0 / 1 ( 0 % )             ;
; HPS_INTERFACE_MPU_EVENT_STANDBY_OUTPUTs     ; 0 / 5 ( 0 % )             ;
; HPS_INTERFACE_MPU_GENERAL_PURPOSE_INPUTs    ; 0 / 32 ( 0 % )            ;
; HPS_INTERFACE_MPU_GENERAL_PURPOSE_OUTPUTs   ; 0 / 32 ( 0 % )            ;
; HPS_INTERFACE_PERIPHERAL_CAN_INPUTs         ; 0 / 2 ( 0 % )             ;
; HPS_INTERFACE_PERIPHERAL_CAN_OUTPUTs        ; 0 / 2 ( 0 % )             ;
; HPS_INTERFACE_PERIPHERAL_EMAC_INPUTs        ; 0 / 32 ( 0 % )            ;
; HPS_INTERFACE_PERIPHERAL_EMAC_OUTPUTs       ; 0 / 34 ( 0 % )            ;
; HPS_INTERFACE_PERIPHERAL_I2C_INPUTs         ; 0 / 8 ( 0 % )             ;
; HPS_INTERFACE_PERIPHERAL_I2C_OUTPUTs        ; 0 / 8 ( 0 % )             ;
; HPS_INTERFACE_PERIPHERAL_NAND_INPUTs        ; 0 / 12 ( 0 % )            ;
; HPS_INTERFACE_PERIPHERAL_NAND_OUTPUTs       ; 0 / 18 ( 0 % )            ;
; HPS_INTERFACE_PERIPHERAL_QSPI_INPUTs        ; 0 / 4 ( 0 % )             ;
; HPS_INTERFACE_PERIPHERAL_QSPI_OUTPUTs       ; 0 / 13 ( 0 % )            ;
; HPS_INTERFACE_PERIPHERAL_SDMMC_INPUTs       ; 0 / 13 ( 0 % )            ;
; HPS_INTERFACE_PERIPHERAL_SDMMC_OUTPUTs      ; 0 / 22 ( 0 % )            ;
; HPS_INTERFACE_PERIPHERAL_SPI_MASTER_INPUTs  ; 0 / 4 ( 0 % )             ;
; HPS_INTERFACE_PERIPHERAL_SPI_MASTER_OUTPUTs ; 0 / 14 ( 0 % )            ;
; HPS_INTERFACE_PERIPHERAL_SPI_SLAVE_INPUTs   ; 0 / 6 ( 0 % )             ;
; HPS_INTERFACE_PERIPHERAL_SPI_SLAVE_OUTPUTs  ; 0 / 4 ( 0 % )             ;
; HPS_INTERFACE_PERIPHERAL_UART_INPUTs        ; 0 / 10 ( 0 % )            ;
; HPS_INTERFACE_PERIPHERAL_UART_OUTPUTs       ; 0 / 10 ( 0 % )            ;
; HPS_INTERFACE_PERIPHERAL_USB_INPUTs         ; 0 / 22 ( 0 % )            ;
; HPS_INTERFACE_PERIPHERAL_USB_OUTPUTs        ; 0 / 34 ( 0 % )            ;
; HPS_INTERFACE_STM_EVENT_INPUTs              ; 0 / 28 ( 0 % )            ;
; HPS_INTERFACE_TEST_INPUTs                   ; 0 / 610 ( 0 % )           ;
; HPS_INTERFACE_TEST_OUTPUTs                  ; 0 / 513 ( 0 % )           ;
; HPS_INTERFACE_TPIU_TRACE_INPUTs             ; 0 / 2 ( 0 % )             ;
; HPS_INTERFACE_TPIU_TRACE_OUTPUTs            ; 0 / 33 ( 0 % )            ;
; Horizontal periphery clocks                 ; 0 / 72 ( 0 % )            ;
; Local interconnects                         ; 6,055 / 84,580 ( 7 % )    ;
; Quadrant clocks                             ; 0 / 66 ( 0 % )            ;
; R14 interconnects                           ; 591 / 12,676 ( 5 % )      ;
; R14/C12 interconnect drivers                ; 794 / 20,720 ( 4 % )      ;
; R3 interconnects                            ; 10,280 / 130,992 ( 8 % )  ;
; R6 interconnects                            ; 15,818 / 266,960 ( 6 % )  ;
; Spine clocks                                ; 11 / 360 ( 3 % )          ;
; Wire stub REs                               ; 0 / 15,858 ( 0 % )        ;
+---------------------------------------------+---------------------------+


+------------------------------------------+
; I/O Rules Summary                        ;
+----------------------------------+-------+
; I/O Rules Statistic              ; Total ;
+----------------------------------+-------+
; Total I/O Rules                  ; 28    ;
; Number of I/O Rules Passed       ; 6     ;
; Number of I/O Rules Failed       ; 0     ;
; Number of I/O Rules Unchecked    ; 0     ;
; Number of I/O Rules Inapplicable ; 22    ;
+----------------------------------+-------+


+--------------------------------------------------------------------------------------------------------------------------------------------------------------------------------------------------------------------------------------------------------------------+
; I/O Rules Details                                                                                                                                                                                                                                                  ;
+--------------+-----------+-----------------------------------+------------------------------------------------------------------------------------+----------+--------------------------------------------------------------------------+------+-------------------+
; Status       ; ID        ; Category                          ; Rule Description                                                                   ; Severity ; Information                                                              ; Area ; Extra Information ;
+--------------+-----------+-----------------------------------+------------------------------------------------------------------------------------+----------+--------------------------------------------------------------------------+------+-------------------+
; Pass         ; IO_000001 ; Capacity Checks                   ; Number of pins in an I/O bank should not exceed the number of locations available. ; Critical ; 0 such failures found.                                                   ; I/O  ;                   ;
; Inapplicable ; IO_000002 ; Capacity Checks                   ; Number of clocks in an I/O bank should not exceed the number of clocks available.  ; Critical ; No Global Signal assignments found.                                      ; I/O  ;                   ;
; Pass         ; IO_000003 ; Capacity Checks                   ; Number of pins in a Vrefgroup should not exceed the number of locations available. ; Critical ; 0 such failures found.                                                   ; I/O  ;                   ;
; Inapplicable ; IO_000004 ; Voltage Compatibility Checks      ; The I/O bank should support the requested VCCIO.                                   ; Critical ; No IOBANK_VCCIO assignments found.                                       ; I/O  ;                   ;
; Inapplicable ; IO_000005 ; Voltage Compatibility Checks      ; The I/O bank should not have competing VREF values.                                ; Critical ; No VREF I/O Standard assignments found.                                  ; I/O  ;                   ;
; Pass         ; IO_000006 ; Voltage Compatibility Checks      ; The I/O bank should not have competing VCCIO values.                               ; Critical ; 0 such failures found.                                                   ; I/O  ;                   ;
; Pass         ; IO_000007 ; Valid Location Checks             ; Checks for unavailable locations.                                                  ; Critical ; 0 such failures found.                                                   ; I/O  ;                   ;
; Inapplicable ; IO_000008 ; Valid Location Checks             ; Checks for reserved locations.                                                     ; Critical ; No reserved LogicLock region found.                                      ; I/O  ;                   ;
; Pass         ; IO_000009 ; I/O Properties Checks for One I/O ; The location should support the requested I/O standard.                            ; Critical ; 0 such failures found.                                                   ; I/O  ;                   ;
; Pass         ; IO_000010 ; I/O Properties Checks for One I/O ; The location should support the requested I/O direction.                           ; Critical ; 0 such failures found.                                                   ; I/O  ;                   ;
; Inapplicable ; IO_000011 ; I/O Properties Checks for One I/O ; The location should support the requested Current Strength.                        ; Critical ; No Current Strength assignments found.                                   ; I/O  ;                   ;
; Inapplicable ; IO_000012 ; I/O Properties Checks for One I/O ; The location should support the requested On Chip Termination value.               ; Critical ; No Termination assignments found.                                        ; I/O  ;                   ;
; Inapplicable ; IO_000013 ; I/O Properties Checks for One I/O ; The location should support the requested Bus Hold value.                          ; Critical ; No Enable Bus-Hold Circuitry assignments found.                          ; I/O  ;                   ;
; Inapplicable ; IO_000014 ; I/O Properties Checks for One I/O ; The location should support the requested Weak Pull Up value.                      ; Critical ; No Weak Pull-Up Resistor assignments found.                              ; I/O  ;                   ;
; Inapplicable ; IO_000015 ; I/O Properties Checks for One I/O ; The location should support the requested PCI Clamp Diode.                         ; Critical ; No Clamping Diode assignments found.                                     ; I/O  ;                   ;
; Inapplicable ; IO_000018 ; I/O Properties Checks for One I/O ; The I/O standard should support the requested Current Strength.                    ; Critical ; No Current Strength assignments found.                                   ; I/O  ;                   ;
; Inapplicable ; IO_000019 ; I/O Properties Checks for One I/O ; The I/O standard should support the requested On Chip Termination value.           ; Critical ; No Termination assignments found.                                        ; I/O  ;                   ;
; Inapplicable ; IO_000020 ; I/O Properties Checks for One I/O ; The I/O standard should support the requested PCI Clamp Diode.                     ; Critical ; No Clamping Diode assignments found.                                     ; I/O  ;                   ;
; Inapplicable ; IO_000021 ; I/O Properties Checks for One I/O ; The I/O standard should support the requested Weak Pull Up value.                  ; Critical ; No Weak Pull-Up Resistor assignments found.                              ; I/O  ;                   ;
; Inapplicable ; IO_000022 ; I/O Properties Checks for One I/O ; The I/O standard should support the requested Bus Hold value.                      ; Critical ; No Enable Bus-Hold Circuitry assignments found.                          ; I/O  ;                   ;
; Inapplicable ; IO_000023 ; I/O Properties Checks for One I/O ; The I/O standard should support the Open Drain value.                              ; Critical ; No open drain assignments found.                                         ; I/O  ;                   ;
; Inapplicable ; IO_000024 ; I/O Properties Checks for One I/O ; The I/O direction should support the On Chip Termination value.                    ; Critical ; No Termination assignments found.                                        ; I/O  ;                   ;
; Inapplicable ; IO_000026 ; I/O Properties Checks for One I/O ; On Chip Termination and Current Strength should not be used at the same time.      ; Critical ; No Current Strength or Termination assignments found.                    ; I/O  ;                   ;
; Inapplicable ; IO_000027 ; I/O Properties Checks for One I/O ; Weak Pull Up and Bus Hold should not be used at the same time.                     ; Critical ; No Enable Bus-Hold Circuitry or Weak Pull-Up Resistor assignments found. ; I/O  ;                   ;
; Inapplicable ; IO_000045 ; I/O Properties Checks for One I/O ; The I/O standard should support the requested Slew Rate value.                     ; Critical ; No Slew Rate assignments found.                                          ; I/O  ;                   ;
; Inapplicable ; IO_000046 ; I/O Properties Checks for One I/O ; The location should support the requested Slew Rate value.                         ; Critical ; No Slew Rate assignments found.                                          ; I/O  ;                   ;
; Inapplicable ; IO_000047 ; I/O Properties Checks for One I/O ; On Chip Termination and Slew Rate should not be used at the same time.             ; Critical ; No Slew Rate assignments found.                                          ; I/O  ;                   ;
; Inapplicable ; IO_000034 ; SI Related Distance Checks        ; Single-ended outputs should be 0 LAB row(s) away from a differential I/O.          ; High     ; No Differential I/O Standard assignments found.                          ; I/O  ;                   ;
+--------------+-----------+-----------------------------------+------------------------------------------------------------------------------------+----------+--------------------------------------------------------------------------+------+-------------------+


+--------------------------------------------------------------------------------------------------------------------------------------------------------------------------------------------------------------------------------------------------------------------------------------------------------------------------------------------------------------------------------------------------------------------------------------+
; I/O Rules Matrix                                                                                                                                                                                                                                                                                                                                                                                                                     ;
+--------------------+-----------+--------------+-----------+--------------+--------------+-----------+-----------+--------------+-----------+-----------+--------------+--------------+--------------+--------------+--------------+--------------+--------------+--------------+--------------+--------------+--------------+--------------+--------------+--------------+--------------+--------------+--------------+--------------+
; Pin/Rules          ; IO_000001 ; IO_000002    ; IO_000003 ; IO_000004    ; IO_000005    ; IO_000006 ; IO_000007 ; IO_000008    ; IO_000009 ; IO_000010 ; IO_000011    ; IO_000012    ; IO_000013    ; IO_000014    ; IO_000015    ; IO_000018    ; IO_000019    ; IO_000020    ; IO_000021    ; IO_000022    ; IO_000023    ; IO_000024    ; IO_000026    ; IO_000027    ; IO_000045    ; IO_000046    ; IO_000047    ; IO_000034    ;
+--------------------+-----------+--------------+-----------+--------------+--------------+-----------+-----------+--------------+-----------+-----------+--------------+--------------+--------------+--------------+--------------+--------------+--------------+--------------+--------------+--------------+--------------+--------------+--------------+--------------+--------------+--------------+--------------+--------------+
; Total Pass         ; 74        ; 0            ; 74        ; 0            ; 0            ; 74        ; 74        ; 0            ; 74        ; 74        ; 0            ; 0            ; 0            ; 0            ; 0            ; 0            ; 0            ; 0            ; 0            ; 0            ; 0            ; 0            ; 0            ; 0            ; 0            ; 0            ; 0            ; 0            ;
; Total Unchecked    ; 0         ; 0            ; 0         ; 0            ; 0            ; 0         ; 0         ; 0            ; 0         ; 0         ; 0            ; 0            ; 0            ; 0            ; 0            ; 0            ; 0            ; 0            ; 0            ; 0            ; 0            ; 0            ; 0            ; 0            ; 0            ; 0            ; 0            ; 0            ;
; Total Inapplicable ; 0         ; 74           ; 0         ; 74           ; 74           ; 0         ; 0         ; 74           ; 0         ; 0         ; 74           ; 74           ; 74           ; 74           ; 74           ; 74           ; 74           ; 74           ; 74           ; 74           ; 74           ; 74           ; 74           ; 74           ; 74           ; 74           ; 74           ; 74           ;
; Total Fail         ; 0         ; 0            ; 0         ; 0            ; 0            ; 0         ; 0         ; 0            ; 0         ; 0         ; 0            ; 0            ; 0            ; 0            ; 0            ; 0            ; 0            ; 0            ; 0            ; 0            ; 0            ; 0            ; 0            ; 0            ; 0            ; 0            ; 0            ; 0            ;
; KEY[1]             ; Pass      ; Inapplicable ; Pass      ; Inapplicable ; Inapplicable ; Pass      ; Pass      ; Inapplicable ; Pass      ; Pass      ; Inapplicable ; Inapplicable ; Inapplicable ; Inapplicable ; Inapplicable ; Inapplicable ; Inapplicable ; Inapplicable ; Inapplicable ; Inapplicable ; Inapplicable ; Inapplicable ; Inapplicable ; Inapplicable ; Inapplicable ; Inapplicable ; Inapplicable ; Inapplicable ;
; KEY[2]             ; Pass      ; Inapplicable ; Pass      ; Inapplicable ; Inapplicable ; Pass      ; Pass      ; Inapplicable ; Pass      ; Pass      ; Inapplicable ; Inapplicable ; Inapplicable ; Inapplicable ; Inapplicable ; Inapplicable ; Inapplicable ; Inapplicable ; Inapplicable ; Inapplicable ; Inapplicable ; Inapplicable ; Inapplicable ; Inapplicable ; Inapplicable ; Inapplicable ; Inapplicable ; Inapplicable ;
; KEY[3]             ; Pass      ; Inapplicable ; Pass      ; Inapplicable ; Inapplicable ; Pass      ; Pass      ; Inapplicable ; Pass      ; Pass      ; Inapplicable ; Inapplicable ; Inapplicable ; Inapplicable ; Inapplicable ; Inapplicable ; Inapplicable ; Inapplicable ; Inapplicable ; Inapplicable ; Inapplicable ; Inapplicable ; Inapplicable ; Inapplicable ; Inapplicable ; Inapplicable ; Inapplicable ; Inapplicable ;
; ack                ; Pass      ; Inapplicable ; Pass      ; Inapplicable ; Inapplicable ; Pass      ; Pass      ; Inapplicable ; Pass      ; Pass      ; Inapplicable ; Inapplicable ; Inapplicable ; Inapplicable ; Inapplicable ; Inapplicable ; Inapplicable ; Inapplicable ; Inapplicable ; Inapplicable ; Inapplicable ; Inapplicable ; Inapplicable ; Inapplicable ; Inapplicable ; Inapplicable ; Inapplicable ; Inapplicable ;
; HEX0[0]            ; Pass      ; Inapplicable ; Pass      ; Inapplicable ; Inapplicable ; Pass      ; Pass      ; Inapplicable ; Pass      ; Pass      ; Inapplicable ; Inapplicable ; Inapplicable ; Inapplicable ; Inapplicable ; Inapplicable ; Inapplicable ; Inapplicable ; Inapplicable ; Inapplicable ; Inapplicable ; Inapplicable ; Inapplicable ; Inapplicable ; Inapplicable ; Inapplicable ; Inapplicable ; Inapplicable ;
; HEX0[1]            ; Pass      ; Inapplicable ; Pass      ; Inapplicable ; Inapplicable ; Pass      ; Pass      ; Inapplicable ; Pass      ; Pass      ; Inapplicable ; Inapplicable ; Inapplicable ; Inapplicable ; Inapplicable ; Inapplicable ; Inapplicable ; Inapplicable ; Inapplicable ; Inapplicable ; Inapplicable ; Inapplicable ; Inapplicable ; Inapplicable ; Inapplicable ; Inapplicable ; Inapplicable ; Inapplicable ;
; HEX0[2]            ; Pass      ; Inapplicable ; Pass      ; Inapplicable ; Inapplicable ; Pass      ; Pass      ; Inapplicable ; Pass      ; Pass      ; Inapplicable ; Inapplicable ; Inapplicable ; Inapplicable ; Inapplicable ; Inapplicable ; Inapplicable ; Inapplicable ; Inapplicable ; Inapplicable ; Inapplicable ; Inapplicable ; Inapplicable ; Inapplicable ; Inapplicable ; Inapplicable ; Inapplicable ; Inapplicable ;
; HEX0[3]            ; Pass      ; Inapplicable ; Pass      ; Inapplicable ; Inapplicable ; Pass      ; Pass      ; Inapplicable ; Pass      ; Pass      ; Inapplicable ; Inapplicable ; Inapplicable ; Inapplicable ; Inapplicable ; Inapplicable ; Inapplicable ; Inapplicable ; Inapplicable ; Inapplicable ; Inapplicable ; Inapplicable ; Inapplicable ; Inapplicable ; Inapplicable ; Inapplicable ; Inapplicable ; Inapplicable ;
; HEX0[4]            ; Pass      ; Inapplicable ; Pass      ; Inapplicable ; Inapplicable ; Pass      ; Pass      ; Inapplicable ; Pass      ; Pass      ; Inapplicable ; Inapplicable ; Inapplicable ; Inapplicable ; Inapplicable ; Inapplicable ; Inapplicable ; Inapplicable ; Inapplicable ; Inapplicable ; Inapplicable ; Inapplicable ; Inapplicable ; Inapplicable ; Inapplicable ; Inapplicable ; Inapplicable ; Inapplicable ;
; HEX0[5]            ; Pass      ; Inapplicable ; Pass      ; Inapplicable ; Inapplicable ; Pass      ; Pass      ; Inapplicable ; Pass      ; Pass      ; Inapplicable ; Inapplicable ; Inapplicable ; Inapplicable ; Inapplicable ; Inapplicable ; Inapplicable ; Inapplicable ; Inapplicable ; Inapplicable ; Inapplicable ; Inapplicable ; Inapplicable ; Inapplicable ; Inapplicable ; Inapplicable ; Inapplicable ; Inapplicable ;
; HEX0[6]            ; Pass      ; Inapplicable ; Pass      ; Inapplicable ; Inapplicable ; Pass      ; Pass      ; Inapplicable ; Pass      ; Pass      ; Inapplicable ; Inapplicable ; Inapplicable ; Inapplicable ; Inapplicable ; Inapplicable ; Inapplicable ; Inapplicable ; Inapplicable ; Inapplicable ; Inapplicable ; Inapplicable ; Inapplicable ; Inapplicable ; Inapplicable ; Inapplicable ; Inapplicable ; Inapplicable ;
; HEX1[0]            ; Pass      ; Inapplicable ; Pass      ; Inapplicable ; Inapplicable ; Pass      ; Pass      ; Inapplicable ; Pass      ; Pass      ; Inapplicable ; Inapplicable ; Inapplicable ; Inapplicable ; Inapplicable ; Inapplicable ; Inapplicable ; Inapplicable ; Inapplicable ; Inapplicable ; Inapplicable ; Inapplicable ; Inapplicable ; Inapplicable ; Inapplicable ; Inapplicable ; Inapplicable ; Inapplicable ;
; HEX1[1]            ; Pass      ; Inapplicable ; Pass      ; Inapplicable ; Inapplicable ; Pass      ; Pass      ; Inapplicable ; Pass      ; Pass      ; Inapplicable ; Inapplicable ; Inapplicable ; Inapplicable ; Inapplicable ; Inapplicable ; Inapplicable ; Inapplicable ; Inapplicable ; Inapplicable ; Inapplicable ; Inapplicable ; Inapplicable ; Inapplicable ; Inapplicable ; Inapplicable ; Inapplicable ; Inapplicable ;
; HEX1[2]            ; Pass      ; Inapplicable ; Pass      ; Inapplicable ; Inapplicable ; Pass      ; Pass      ; Inapplicable ; Pass      ; Pass      ; Inapplicable ; Inapplicable ; Inapplicable ; Inapplicable ; Inapplicable ; Inapplicable ; Inapplicable ; Inapplicable ; Inapplicable ; Inapplicable ; Inapplicable ; Inapplicable ; Inapplicable ; Inapplicable ; Inapplicable ; Inapplicable ; Inapplicable ; Inapplicable ;
; HEX1[3]            ; Pass      ; Inapplicable ; Pass      ; Inapplicable ; Inapplicable ; Pass      ; Pass      ; Inapplicable ; Pass      ; Pass      ; Inapplicable ; Inapplicable ; Inapplicable ; Inapplicable ; Inapplicable ; Inapplicable ; Inapplicable ; Inapplicable ; Inapplicable ; Inapplicable ; Inapplicable ; Inapplicable ; Inapplicable ; Inapplicable ; Inapplicable ; Inapplicable ; Inapplicable ; Inapplicable ;
; HEX1[4]            ; Pass      ; Inapplicable ; Pass      ; Inapplicable ; Inapplicable ; Pass      ; Pass      ; Inapplicable ; Pass      ; Pass      ; Inapplicable ; Inapplicable ; Inapplicable ; Inapplicable ; Inapplicable ; Inapplicable ; Inapplicable ; Inapplicable ; Inapplicable ; Inapplicable ; Inapplicable ; Inapplicable ; Inapplicable ; Inapplicable ; Inapplicable ; Inapplicable ; Inapplicable ; Inapplicable ;
; HEX1[5]            ; Pass      ; Inapplicable ; Pass      ; Inapplicable ; Inapplicable ; Pass      ; Pass      ; Inapplicable ; Pass      ; Pass      ; Inapplicable ; Inapplicable ; Inapplicable ; Inapplicable ; Inapplicable ; Inapplicable ; Inapplicable ; Inapplicable ; Inapplicable ; Inapplicable ; Inapplicable ; Inapplicable ; Inapplicable ; Inapplicable ; Inapplicable ; Inapplicable ; Inapplicable ; Inapplicable ;
; HEX1[6]            ; Pass      ; Inapplicable ; Pass      ; Inapplicable ; Inapplicable ; Pass      ; Pass      ; Inapplicable ; Pass      ; Pass      ; Inapplicable ; Inapplicable ; Inapplicable ; Inapplicable ; Inapplicable ; Inapplicable ; Inapplicable ; Inapplicable ; Inapplicable ; Inapplicable ; Inapplicable ; Inapplicable ; Inapplicable ; Inapplicable ; Inapplicable ; Inapplicable ; Inapplicable ; Inapplicable ;
; HEX2[0]            ; Pass      ; Inapplicable ; Pass      ; Inapplicable ; Inapplicable ; Pass      ; Pass      ; Inapplicable ; Pass      ; Pass      ; Inapplicable ; Inapplicable ; Inapplicable ; Inapplicable ; Inapplicable ; Inapplicable ; Inapplicable ; Inapplicable ; Inapplicable ; Inapplicable ; Inapplicable ; Inapplicable ; Inapplicable ; Inapplicable ; Inapplicable ; Inapplicable ; Inapplicable ; Inapplicable ;
; HEX2[1]            ; Pass      ; Inapplicable ; Pass      ; Inapplicable ; Inapplicable ; Pass      ; Pass      ; Inapplicable ; Pass      ; Pass      ; Inapplicable ; Inapplicable ; Inapplicable ; Inapplicable ; Inapplicable ; Inapplicable ; Inapplicable ; Inapplicable ; Inapplicable ; Inapplicable ; Inapplicable ; Inapplicable ; Inapplicable ; Inapplicable ; Inapplicable ; Inapplicable ; Inapplicable ; Inapplicable ;
; HEX2[2]            ; Pass      ; Inapplicable ; Pass      ; Inapplicable ; Inapplicable ; Pass      ; Pass      ; Inapplicable ; Pass      ; Pass      ; Inapplicable ; Inapplicable ; Inapplicable ; Inapplicable ; Inapplicable ; Inapplicable ; Inapplicable ; Inapplicable ; Inapplicable ; Inapplicable ; Inapplicable ; Inapplicable ; Inapplicable ; Inapplicable ; Inapplicable ; Inapplicable ; Inapplicable ; Inapplicable ;
; HEX2[3]            ; Pass      ; Inapplicable ; Pass      ; Inapplicable ; Inapplicable ; Pass      ; Pass      ; Inapplicable ; Pass      ; Pass      ; Inapplicable ; Inapplicable ; Inapplicable ; Inapplicable ; Inapplicable ; Inapplicable ; Inapplicable ; Inapplicable ; Inapplicable ; Inapplicable ; Inapplicable ; Inapplicable ; Inapplicable ; Inapplicable ; Inapplicable ; Inapplicable ; Inapplicable ; Inapplicable ;
; HEX2[4]            ; Pass      ; Inapplicable ; Pass      ; Inapplicable ; Inapplicable ; Pass      ; Pass      ; Inapplicable ; Pass      ; Pass      ; Inapplicable ; Inapplicable ; Inapplicable ; Inapplicable ; Inapplicable ; Inapplicable ; Inapplicable ; Inapplicable ; Inapplicable ; Inapplicable ; Inapplicable ; Inapplicable ; Inapplicable ; Inapplicable ; Inapplicable ; Inapplicable ; Inapplicable ; Inapplicable ;
; HEX2[5]            ; Pass      ; Inapplicable ; Pass      ; Inapplicable ; Inapplicable ; Pass      ; Pass      ; Inapplicable ; Pass      ; Pass      ; Inapplicable ; Inapplicable ; Inapplicable ; Inapplicable ; Inapplicable ; Inapplicable ; Inapplicable ; Inapplicable ; Inapplicable ; Inapplicable ; Inapplicable ; Inapplicable ; Inapplicable ; Inapplicable ; Inapplicable ; Inapplicable ; Inapplicable ; Inapplicable ;
; HEX2[6]            ; Pass      ; Inapplicable ; Pass      ; Inapplicable ; Inapplicable ; Pass      ; Pass      ; Inapplicable ; Pass      ; Pass      ; Inapplicable ; Inapplicable ; Inapplicable ; Inapplicable ; Inapplicable ; Inapplicable ; Inapplicable ; Inapplicable ; Inapplicable ; Inapplicable ; Inapplicable ; Inapplicable ; Inapplicable ; Inapplicable ; Inapplicable ; Inapplicable ; Inapplicable ; Inapplicable ;
; HEX3[0]            ; Pass      ; Inapplicable ; Pass      ; Inapplicable ; Inapplicable ; Pass      ; Pass      ; Inapplicable ; Pass      ; Pass      ; Inapplicable ; Inapplicable ; Inapplicable ; Inapplicable ; Inapplicable ; Inapplicable ; Inapplicable ; Inapplicable ; Inapplicable ; Inapplicable ; Inapplicable ; Inapplicable ; Inapplicable ; Inapplicable ; Inapplicable ; Inapplicable ; Inapplicable ; Inapplicable ;
; HEX3[1]            ; Pass      ; Inapplicable ; Pass      ; Inapplicable ; Inapplicable ; Pass      ; Pass      ; Inapplicable ; Pass      ; Pass      ; Inapplicable ; Inapplicable ; Inapplicable ; Inapplicable ; Inapplicable ; Inapplicable ; Inapplicable ; Inapplicable ; Inapplicable ; Inapplicable ; Inapplicable ; Inapplicable ; Inapplicable ; Inapplicable ; Inapplicable ; Inapplicable ; Inapplicable ; Inapplicable ;
; HEX3[2]            ; Pass      ; Inapplicable ; Pass      ; Inapplicable ; Inapplicable ; Pass      ; Pass      ; Inapplicable ; Pass      ; Pass      ; Inapplicable ; Inapplicable ; Inapplicable ; Inapplicable ; Inapplicable ; Inapplicable ; Inapplicable ; Inapplicable ; Inapplicable ; Inapplicable ; Inapplicable ; Inapplicable ; Inapplicable ; Inapplicable ; Inapplicable ; Inapplicable ; Inapplicable ; Inapplicable ;
; HEX3[3]            ; Pass      ; Inapplicable ; Pass      ; Inapplicable ; Inapplicable ; Pass      ; Pass      ; Inapplicable ; Pass      ; Pass      ; Inapplicable ; Inapplicable ; Inapplicable ; Inapplicable ; Inapplicable ; Inapplicable ; Inapplicable ; Inapplicable ; Inapplicable ; Inapplicable ; Inapplicable ; Inapplicable ; Inapplicable ; Inapplicable ; Inapplicable ; Inapplicable ; Inapplicable ; Inapplicable ;
; HEX3[4]            ; Pass      ; Inapplicable ; Pass      ; Inapplicable ; Inapplicable ; Pass      ; Pass      ; Inapplicable ; Pass      ; Pass      ; Inapplicable ; Inapplicable ; Inapplicable ; Inapplicable ; Inapplicable ; Inapplicable ; Inapplicable ; Inapplicable ; Inapplicable ; Inapplicable ; Inapplicable ; Inapplicable ; Inapplicable ; Inapplicable ; Inapplicable ; Inapplicable ; Inapplicable ; Inapplicable ;
; HEX3[5]            ; Pass      ; Inapplicable ; Pass      ; Inapplicable ; Inapplicable ; Pass      ; Pass      ; Inapplicable ; Pass      ; Pass      ; Inapplicable ; Inapplicable ; Inapplicable ; Inapplicable ; Inapplicable ; Inapplicable ; Inapplicable ; Inapplicable ; Inapplicable ; Inapplicable ; Inapplicable ; Inapplicable ; Inapplicable ; Inapplicable ; Inapplicable ; Inapplicable ; Inapplicable ; Inapplicable ;
; HEX3[6]            ; Pass      ; Inapplicable ; Pass      ; Inapplicable ; Inapplicable ; Pass      ; Pass      ; Inapplicable ; Pass      ; Pass      ; Inapplicable ; Inapplicable ; Inapplicable ; Inapplicable ; Inapplicable ; Inapplicable ; Inapplicable ; Inapplicable ; Inapplicable ; Inapplicable ; Inapplicable ; Inapplicable ; Inapplicable ; Inapplicable ; Inapplicable ; Inapplicable ; Inapplicable ; Inapplicable ;
; HEX4[0]            ; Pass      ; Inapplicable ; Pass      ; Inapplicable ; Inapplicable ; Pass      ; Pass      ; Inapplicable ; Pass      ; Pass      ; Inapplicable ; Inapplicable ; Inapplicable ; Inapplicable ; Inapplicable ; Inapplicable ; Inapplicable ; Inapplicable ; Inapplicable ; Inapplicable ; Inapplicable ; Inapplicable ; Inapplicable ; Inapplicable ; Inapplicable ; Inapplicable ; Inapplicable ; Inapplicable ;
; HEX4[1]            ; Pass      ; Inapplicable ; Pass      ; Inapplicable ; Inapplicable ; Pass      ; Pass      ; Inapplicable ; Pass      ; Pass      ; Inapplicable ; Inapplicable ; Inapplicable ; Inapplicable ; Inapplicable ; Inapplicable ; Inapplicable ; Inapplicable ; Inapplicable ; Inapplicable ; Inapplicable ; Inapplicable ; Inapplicable ; Inapplicable ; Inapplicable ; Inapplicable ; Inapplicable ; Inapplicable ;
; HEX4[2]            ; Pass      ; Inapplicable ; Pass      ; Inapplicable ; Inapplicable ; Pass      ; Pass      ; Inapplicable ; Pass      ; Pass      ; Inapplicable ; Inapplicable ; Inapplicable ; Inapplicable ; Inapplicable ; Inapplicable ; Inapplicable ; Inapplicable ; Inapplicable ; Inapplicable ; Inapplicable ; Inapplicable ; Inapplicable ; Inapplicable ; Inapplicable ; Inapplicable ; Inapplicable ; Inapplicable ;
; HEX4[3]            ; Pass      ; Inapplicable ; Pass      ; Inapplicable ; Inapplicable ; Pass      ; Pass      ; Inapplicable ; Pass      ; Pass      ; Inapplicable ; Inapplicable ; Inapplicable ; Inapplicable ; Inapplicable ; Inapplicable ; Inapplicable ; Inapplicable ; Inapplicable ; Inapplicable ; Inapplicable ; Inapplicable ; Inapplicable ; Inapplicable ; Inapplicable ; Inapplicable ; Inapplicable ; Inapplicable ;
; HEX4[4]            ; Pass      ; Inapplicable ; Pass      ; Inapplicable ; Inapplicable ; Pass      ; Pass      ; Inapplicable ; Pass      ; Pass      ; Inapplicable ; Inapplicable ; Inapplicable ; Inapplicable ; Inapplicable ; Inapplicable ; Inapplicable ; Inapplicable ; Inapplicable ; Inapplicable ; Inapplicable ; Inapplicable ; Inapplicable ; Inapplicable ; Inapplicable ; Inapplicable ; Inapplicable ; Inapplicable ;
; HEX4[5]            ; Pass      ; Inapplicable ; Pass      ; Inapplicable ; Inapplicable ; Pass      ; Pass      ; Inapplicable ; Pass      ; Pass      ; Inapplicable ; Inapplicable ; Inapplicable ; Inapplicable ; Inapplicable ; Inapplicable ; Inapplicable ; Inapplicable ; Inapplicable ; Inapplicable ; Inapplicable ; Inapplicable ; Inapplicable ; Inapplicable ; Inapplicable ; Inapplicable ; Inapplicable ; Inapplicable ;
; HEX4[6]            ; Pass      ; Inapplicable ; Pass      ; Inapplicable ; Inapplicable ; Pass      ; Pass      ; Inapplicable ; Pass      ; Pass      ; Inapplicable ; Inapplicable ; Inapplicable ; Inapplicable ; Inapplicable ; Inapplicable ; Inapplicable ; Inapplicable ; Inapplicable ; Inapplicable ; Inapplicable ; Inapplicable ; Inapplicable ; Inapplicable ; Inapplicable ; Inapplicable ; Inapplicable ; Inapplicable ;
; VGA_HS             ; Pass      ; Inapplicable ; Pass      ; Inapplicable ; Inapplicable ; Pass      ; Pass      ; Inapplicable ; Pass      ; Pass      ; Inapplicable ; Inapplicable ; Inapplicable ; Inapplicable ; Inapplicable ; Inapplicable ; Inapplicable ; Inapplicable ; Inapplicable ; Inapplicable ; Inapplicable ; Inapplicable ; Inapplicable ; Inapplicable ; Inapplicable ; Inapplicable ; Inapplicable ; Inapplicable ;
; VGA_VS             ; Pass      ; Inapplicable ; Pass      ; Inapplicable ; Inapplicable ; Pass      ; Pass      ; Inapplicable ; Pass      ; Pass      ; Inapplicable ; Inapplicable ; Inapplicable ; Inapplicable ; Inapplicable ; Inapplicable ; Inapplicable ; Inapplicable ; Inapplicable ; Inapplicable ; Inapplicable ; Inapplicable ; Inapplicable ; Inapplicable ; Inapplicable ; Inapplicable ; Inapplicable ; Inapplicable ;
; VGA_R[0]           ; Pass      ; Inapplicable ; Pass      ; Inapplicable ; Inapplicable ; Pass      ; Pass      ; Inapplicable ; Pass      ; Pass      ; Inapplicable ; Inapplicable ; Inapplicable ; Inapplicable ; Inapplicable ; Inapplicable ; Inapplicable ; Inapplicable ; Inapplicable ; Inapplicable ; Inapplicable ; Inapplicable ; Inapplicable ; Inapplicable ; Inapplicable ; Inapplicable ; Inapplicable ; Inapplicable ;
; VGA_R[1]           ; Pass      ; Inapplicable ; Pass      ; Inapplicable ; Inapplicable ; Pass      ; Pass      ; Inapplicable ; Pass      ; Pass      ; Inapplicable ; Inapplicable ; Inapplicable ; Inapplicable ; Inapplicable ; Inapplicable ; Inapplicable ; Inapplicable ; Inapplicable ; Inapplicable ; Inapplicable ; Inapplicable ; Inapplicable ; Inapplicable ; Inapplicable ; Inapplicable ; Inapplicable ; Inapplicable ;
; VGA_R[2]           ; Pass      ; Inapplicable ; Pass      ; Inapplicable ; Inapplicable ; Pass      ; Pass      ; Inapplicable ; Pass      ; Pass      ; Inapplicable ; Inapplicable ; Inapplicable ; Inapplicable ; Inapplicable ; Inapplicable ; Inapplicable ; Inapplicable ; Inapplicable ; Inapplicable ; Inapplicable ; Inapplicable ; Inapplicable ; Inapplicable ; Inapplicable ; Inapplicable ; Inapplicable ; Inapplicable ;
; VGA_R[3]           ; Pass      ; Inapplicable ; Pass      ; Inapplicable ; Inapplicable ; Pass      ; Pass      ; Inapplicable ; Pass      ; Pass      ; Inapplicable ; Inapplicable ; Inapplicable ; Inapplicable ; Inapplicable ; Inapplicable ; Inapplicable ; Inapplicable ; Inapplicable ; Inapplicable ; Inapplicable ; Inapplicable ; Inapplicable ; Inapplicable ; Inapplicable ; Inapplicable ; Inapplicable ; Inapplicable ;
; VGA_R[4]           ; Pass      ; Inapplicable ; Pass      ; Inapplicable ; Inapplicable ; Pass      ; Pass      ; Inapplicable ; Pass      ; Pass      ; Inapplicable ; Inapplicable ; Inapplicable ; Inapplicable ; Inapplicable ; Inapplicable ; Inapplicable ; Inapplicable ; Inapplicable ; Inapplicable ; Inapplicable ; Inapplicable ; Inapplicable ; Inapplicable ; Inapplicable ; Inapplicable ; Inapplicable ; Inapplicable ;
; VGA_R[5]           ; Pass      ; Inapplicable ; Pass      ; Inapplicable ; Inapplicable ; Pass      ; Pass      ; Inapplicable ; Pass      ; Pass      ; Inapplicable ; Inapplicable ; Inapplicable ; Inapplicable ; Inapplicable ; Inapplicable ; Inapplicable ; Inapplicable ; Inapplicable ; Inapplicable ; Inapplicable ; Inapplicable ; Inapplicable ; Inapplicable ; Inapplicable ; Inapplicable ; Inapplicable ; Inapplicable ;
; VGA_R[6]           ; Pass      ; Inapplicable ; Pass      ; Inapplicable ; Inapplicable ; Pass      ; Pass      ; Inapplicable ; Pass      ; Pass      ; Inapplicable ; Inapplicable ; Inapplicable ; Inapplicable ; Inapplicable ; Inapplicable ; Inapplicable ; Inapplicable ; Inapplicable ; Inapplicable ; Inapplicable ; Inapplicable ; Inapplicable ; Inapplicable ; Inapplicable ; Inapplicable ; Inapplicable ; Inapplicable ;
; VGA_R[7]           ; Pass      ; Inapplicable ; Pass      ; Inapplicable ; Inapplicable ; Pass      ; Pass      ; Inapplicable ; Pass      ; Pass      ; Inapplicable ; Inapplicable ; Inapplicable ; Inapplicable ; Inapplicable ; Inapplicable ; Inapplicable ; Inapplicable ; Inapplicable ; Inapplicable ; Inapplicable ; Inapplicable ; Inapplicable ; Inapplicable ; Inapplicable ; Inapplicable ; Inapplicable ; Inapplicable ;
; VGA_G[0]           ; Pass      ; Inapplicable ; Pass      ; Inapplicable ; Inapplicable ; Pass      ; Pass      ; Inapplicable ; Pass      ; Pass      ; Inapplicable ; Inapplicable ; Inapplicable ; Inapplicable ; Inapplicable ; Inapplicable ; Inapplicable ; Inapplicable ; Inapplicable ; Inapplicable ; Inapplicable ; Inapplicable ; Inapplicable ; Inapplicable ; Inapplicable ; Inapplicable ; Inapplicable ; Inapplicable ;
; VGA_G[1]           ; Pass      ; Inapplicable ; Pass      ; Inapplicable ; Inapplicable ; Pass      ; Pass      ; Inapplicable ; Pass      ; Pass      ; Inapplicable ; Inapplicable ; Inapplicable ; Inapplicable ; Inapplicable ; Inapplicable ; Inapplicable ; Inapplicable ; Inapplicable ; Inapplicable ; Inapplicable ; Inapplicable ; Inapplicable ; Inapplicable ; Inapplicable ; Inapplicable ; Inapplicable ; Inapplicable ;
; VGA_G[2]           ; Pass      ; Inapplicable ; Pass      ; Inapplicable ; Inapplicable ; Pass      ; Pass      ; Inapplicable ; Pass      ; Pass      ; Inapplicable ; Inapplicable ; Inapplicable ; Inapplicable ; Inapplicable ; Inapplicable ; Inapplicable ; Inapplicable ; Inapplicable ; Inapplicable ; Inapplicable ; Inapplicable ; Inapplicable ; Inapplicable ; Inapplicable ; Inapplicable ; Inapplicable ; Inapplicable ;
; VGA_G[3]           ; Pass      ; Inapplicable ; Pass      ; Inapplicable ; Inapplicable ; Pass      ; Pass      ; Inapplicable ; Pass      ; Pass      ; Inapplicable ; Inapplicable ; Inapplicable ; Inapplicable ; Inapplicable ; Inapplicable ; Inapplicable ; Inapplicable ; Inapplicable ; Inapplicable ; Inapplicable ; Inapplicable ; Inapplicable ; Inapplicable ; Inapplicable ; Inapplicable ; Inapplicable ; Inapplicable ;
; VGA_G[4]           ; Pass      ; Inapplicable ; Pass      ; Inapplicable ; Inapplicable ; Pass      ; Pass      ; Inapplicable ; Pass      ; Pass      ; Inapplicable ; Inapplicable ; Inapplicable ; Inapplicable ; Inapplicable ; Inapplicable ; Inapplicable ; Inapplicable ; Inapplicable ; Inapplicable ; Inapplicable ; Inapplicable ; Inapplicable ; Inapplicable ; Inapplicable ; Inapplicable ; Inapplicable ; Inapplicable ;
; VGA_G[5]           ; Pass      ; Inapplicable ; Pass      ; Inapplicable ; Inapplicable ; Pass      ; Pass      ; Inapplicable ; Pass      ; Pass      ; Inapplicable ; Inapplicable ; Inapplicable ; Inapplicable ; Inapplicable ; Inapplicable ; Inapplicable ; Inapplicable ; Inapplicable ; Inapplicable ; Inapplicable ; Inapplicable ; Inapplicable ; Inapplicable ; Inapplicable ; Inapplicable ; Inapplicable ; Inapplicable ;
; VGA_G[6]           ; Pass      ; Inapplicable ; Pass      ; Inapplicable ; Inapplicable ; Pass      ; Pass      ; Inapplicable ; Pass      ; Pass      ; Inapplicable ; Inapplicable ; Inapplicable ; Inapplicable ; Inapplicable ; Inapplicable ; Inapplicable ; Inapplicable ; Inapplicable ; Inapplicable ; Inapplicable ; Inapplicable ; Inapplicable ; Inapplicable ; Inapplicable ; Inapplicable ; Inapplicable ; Inapplicable ;
; VGA_G[7]           ; Pass      ; Inapplicable ; Pass      ; Inapplicable ; Inapplicable ; Pass      ; Pass      ; Inapplicable ; Pass      ; Pass      ; Inapplicable ; Inapplicable ; Inapplicable ; Inapplicable ; Inapplicable ; Inapplicable ; Inapplicable ; Inapplicable ; Inapplicable ; Inapplicable ; Inapplicable ; Inapplicable ; Inapplicable ; Inapplicable ; Inapplicable ; Inapplicable ; Inapplicable ; Inapplicable ;
; VGA_B[0]           ; Pass      ; Inapplicable ; Pass      ; Inapplicable ; Inapplicable ; Pass      ; Pass      ; Inapplicable ; Pass      ; Pass      ; Inapplicable ; Inapplicable ; Inapplicable ; Inapplicable ; Inapplicable ; Inapplicable ; Inapplicable ; Inapplicable ; Inapplicable ; Inapplicable ; Inapplicable ; Inapplicable ; Inapplicable ; Inapplicable ; Inapplicable ; Inapplicable ; Inapplicable ; Inapplicable ;
; VGA_B[1]           ; Pass      ; Inapplicable ; Pass      ; Inapplicable ; Inapplicable ; Pass      ; Pass      ; Inapplicable ; Pass      ; Pass      ; Inapplicable ; Inapplicable ; Inapplicable ; Inapplicable ; Inapplicable ; Inapplicable ; Inapplicable ; Inapplicable ; Inapplicable ; Inapplicable ; Inapplicable ; Inapplicable ; Inapplicable ; Inapplicable ; Inapplicable ; Inapplicable ; Inapplicable ; Inapplicable ;
; VGA_B[2]           ; Pass      ; Inapplicable ; Pass      ; Inapplicable ; Inapplicable ; Pass      ; Pass      ; Inapplicable ; Pass      ; Pass      ; Inapplicable ; Inapplicable ; Inapplicable ; Inapplicable ; Inapplicable ; Inapplicable ; Inapplicable ; Inapplicable ; Inapplicable ; Inapplicable ; Inapplicable ; Inapplicable ; Inapplicable ; Inapplicable ; Inapplicable ; Inapplicable ; Inapplicable ; Inapplicable ;
; VGA_B[3]           ; Pass      ; Inapplicable ; Pass      ; Inapplicable ; Inapplicable ; Pass      ; Pass      ; Inapplicable ; Pass      ; Pass      ; Inapplicable ; Inapplicable ; Inapplicable ; Inapplicable ; Inapplicable ; Inapplicable ; Inapplicable ; Inapplicable ; Inapplicable ; Inapplicable ; Inapplicable ; Inapplicable ; Inapplicable ; Inapplicable ; Inapplicable ; Inapplicable ; Inapplicable ; Inapplicable ;
; VGA_B[4]           ; Pass      ; Inapplicable ; Pass      ; Inapplicable ; Inapplicable ; Pass      ; Pass      ; Inapplicable ; Pass      ; Pass      ; Inapplicable ; Inapplicable ; Inapplicable ; Inapplicable ; Inapplicable ; Inapplicable ; Inapplicable ; Inapplicable ; Inapplicable ; Inapplicable ; Inapplicable ; Inapplicable ; Inapplicable ; Inapplicable ; Inapplicable ; Inapplicable ; Inapplicable ; Inapplicable ;
; VGA_B[5]           ; Pass      ; Inapplicable ; Pass      ; Inapplicable ; Inapplicable ; Pass      ; Pass      ; Inapplicable ; Pass      ; Pass      ; Inapplicable ; Inapplicable ; Inapplicable ; Inapplicable ; Inapplicable ; Inapplicable ; Inapplicable ; Inapplicable ; Inapplicable ; Inapplicable ; Inapplicable ; Inapplicable ; Inapplicable ; Inapplicable ; Inapplicable ; Inapplicable ; Inapplicable ; Inapplicable ;
; VGA_B[6]           ; Pass      ; Inapplicable ; Pass      ; Inapplicable ; Inapplicable ; Pass      ; Pass      ; Inapplicable ; Pass      ; Pass      ; Inapplicable ; Inapplicable ; Inapplicable ; Inapplicable ; Inapplicable ; Inapplicable ; Inapplicable ; Inapplicable ; Inapplicable ; Inapplicable ; Inapplicable ; Inapplicable ; Inapplicable ; Inapplicable ; Inapplicable ; Inapplicable ; Inapplicable ; Inapplicable ;
; VGA_B[7]           ; Pass      ; Inapplicable ; Pass      ; Inapplicable ; Inapplicable ; Pass      ; Pass      ; Inapplicable ; Pass      ; Pass      ; Inapplicable ; Inapplicable ; Inapplicable ; Inapplicable ; Inapplicable ; Inapplicable ; Inapplicable ; Inapplicable ; Inapplicable ; Inapplicable ; Inapplicable ; Inapplicable ; Inapplicable ; Inapplicable ; Inapplicable ; Inapplicable ; Inapplicable ; Inapplicable ;
; VGA_CLK            ; Pass      ; Inapplicable ; Pass      ; Inapplicable ; Inapplicable ; Pass      ; Pass      ; Inapplicable ; Pass      ; Pass      ; Inapplicable ; Inapplicable ; Inapplicable ; Inapplicable ; Inapplicable ; Inapplicable ; Inapplicable ; Inapplicable ; Inapplicable ; Inapplicable ; Inapplicable ; Inapplicable ; Inapplicable ; Inapplicable ; Inapplicable ; Inapplicable ; Inapplicable ; Inapplicable ;
; VGA_BLANK_N        ; Pass      ; Inapplicable ; Pass      ; Inapplicable ; Inapplicable ; Pass      ; Pass      ; Inapplicable ; Pass      ; Pass      ; Inapplicable ; Inapplicable ; Inapplicable ; Inapplicable ; Inapplicable ; Inapplicable ; Inapplicable ; Inapplicable ; Inapplicable ; Inapplicable ; Inapplicable ; Inapplicable ; Inapplicable ; Inapplicable ; Inapplicable ; Inapplicable ; Inapplicable ; Inapplicable ;
; VGA_SYNC_N         ; Pass      ; Inapplicable ; Pass      ; Inapplicable ; Inapplicable ; Pass      ; Pass      ; Inapplicable ; Pass      ; Pass      ; Inapplicable ; Inapplicable ; Inapplicable ; Inapplicable ; Inapplicable ; Inapplicable ; Inapplicable ; Inapplicable ; Inapplicable ; Inapplicable ; Inapplicable ; Inapplicable ; Inapplicable ; Inapplicable ; Inapplicable ; Inapplicable ; Inapplicable ; Inapplicable ;
; mosi               ; Pass      ; Inapplicable ; Pass      ; Inapplicable ; Inapplicable ; Pass      ; Pass      ; Inapplicable ; Pass      ; Pass      ; Inapplicable ; Inapplicable ; Inapplicable ; Inapplicable ; Inapplicable ; Inapplicable ; Inapplicable ; Inapplicable ; Inapplicable ; Inapplicable ; Inapplicable ; Inapplicable ; Inapplicable ; Inapplicable ; Inapplicable ; Inapplicable ; Inapplicable ; Inapplicable ;
; req                ; Pass      ; Inapplicable ; Pass      ; Inapplicable ; Inapplicable ; Pass      ; Pass      ; Inapplicable ; Pass      ; Pass      ; Inapplicable ; Inapplicable ; Inapplicable ; Inapplicable ; Inapplicable ; Inapplicable ; Inapplicable ; Inapplicable ; Inapplicable ; Inapplicable ; Inapplicable ; Inapplicable ; Inapplicable ; Inapplicable ; Inapplicable ; Inapplicable ; Inapplicable ; Inapplicable ;
; sck                ; Pass      ; Inapplicable ; Pass      ; Inapplicable ; Inapplicable ; Pass      ; Pass      ; Inapplicable ; Pass      ; Pass      ; Inapplicable ; Inapplicable ; Inapplicable ; Inapplicable ; Inapplicable ; Inapplicable ; Inapplicable ; Inapplicable ; Inapplicable ; Inapplicable ; Inapplicable ; Inapplicable ; Inapplicable ; Inapplicable ; Inapplicable ; Inapplicable ; Inapplicable ; Inapplicable ;
; KEY[0]             ; Pass      ; Inapplicable ; Pass      ; Inapplicable ; Inapplicable ; Pass      ; Pass      ; Inapplicable ; Pass      ; Pass      ; Inapplicable ; Inapplicable ; Inapplicable ; Inapplicable ; Inapplicable ; Inapplicable ; Inapplicable ; Inapplicable ; Inapplicable ; Inapplicable ; Inapplicable ; Inapplicable ; Inapplicable ; Inapplicable ; Inapplicable ; Inapplicable ; Inapplicable ; Inapplicable ;
; ss                 ; Pass      ; Inapplicable ; Pass      ; Inapplicable ; Inapplicable ; Pass      ; Pass      ; Inapplicable ; Pass      ; Pass      ; Inapplicable ; Inapplicable ; Inapplicable ; Inapplicable ; Inapplicable ; Inapplicable ; Inapplicable ; Inapplicable ; Inapplicable ; Inapplicable ; Inapplicable ; Inapplicable ; Inapplicable ; Inapplicable ; Inapplicable ; Inapplicable ; Inapplicable ; Inapplicable ;
; CLOCK_50           ; Pass      ; Inapplicable ; Pass      ; Inapplicable ; Inapplicable ; Pass      ; Pass      ; Inapplicable ; Pass      ; Pass      ; Inapplicable ; Inapplicable ; Inapplicable ; Inapplicable ; Inapplicable ; Inapplicable ; Inapplicable ; Inapplicable ; Inapplicable ; Inapplicable ; Inapplicable ; Inapplicable ; Inapplicable ; Inapplicable ; Inapplicable ; Inapplicable ; Inapplicable ; Inapplicable ;
+--------------------+-----------+--------------+-----------+--------------+--------------+-----------+-----------+--------------+-----------+-----------+--------------+--------------+--------------+--------------+--------------+--------------+--------------+--------------+--------------+--------------+--------------+--------------+--------------+--------------+--------------+--------------+--------------+--------------+


+------------------------------------------------------------------------------------------------+
; Fitter Device Options                                                                          ;
+------------------------------------------------------------------+-----------------------------+
; Option                                                           ; Setting                     ;
+------------------------------------------------------------------+-----------------------------+
; Enable user-supplied start-up clock (CLKUSR)                     ; Off                         ;
; Enable device-wide reset (DEV_CLRn)                              ; Off                         ;
; Enable device-wide output enable (DEV_OE)                        ; Off                         ;
; Enable INIT_DONE output                                          ; Off                         ;
; Configuration scheme                                             ; Passive Serial              ;
; Enable Error Detection CRC_ERROR pin                             ; Off                         ;
; Enable CvP_CONFDONE pin                                          ; Off                         ;
; Enable open drain on CRC_ERROR pin                               ; On                          ;
; Enable open drain on CvP_CONFDONE pin                            ; On                          ;
; Enable open drain on INIT_DONE pin                               ; On                          ;
; Enable open drain on Partial Reconfiguration pins                ; Off                         ;
; Enable open drain on nCEO pin                                    ; On                          ;
; Enable Partial Reconfiguration pins                              ; Off                         ;
; Enable input tri-state on active configuration pins in user mode ; Off                         ;
; Enable internal scrubbing                                        ; Off                         ;
; Active Serial clock source                                       ; 100 MHz Internal Oscillator ;
; Device initialization clock source                               ; Internal Oscillator         ;
; Configuration via Protocol                                       ; Off                         ;
; Configuration Voltage Level                                      ; Auto                        ;
; Force Configuration Voltage Level                                ; Off                         ;
; Enable nCEO output                                               ; Off                         ;
; Data[15..8]                                                      ; Unreserved                  ;
; Data[7..5]                                                       ; Unreserved                  ;
; Base pin-out file on sameframe device                            ; Off                         ;
+------------------------------------------------------------------+-----------------------------+


+------------------------------------+
; Operating Settings and Conditions  ;
+---------------------------+--------+
; Setting                   ; Value  ;
+---------------------------+--------+
; Nominal Core Voltage      ; 1.10 V ;
; Low Junction Temperature  ; 0 °C   ;
; High Junction Temperature ; 85 °C  ;
+---------------------------+--------+


+-------------------------------------------------------------------------------+
; Estimated Delay Added for Hold Timing Summary                                 ;
+-----------------------------+-----------------------------+-------------------+
; Source Clock(s)             ; Destination Clock(s)        ; Delay Added in ns ;
+-----------------------------+-----------------------------+-------------------+
; clk_pix                     ; clk_pix                     ; 36.2              ;
; clock_divider:u_div|clk_out ; clock_divider:u_div|clk_out ; 26.8              ;
; CLOCK_50                    ; clock_divider:u_div|clk_out ; 16.0              ;
; CLOCK_50                    ; CLOCK_50                    ; 7.5               ;
; sck                         ; sck                         ; 1.6               ;
+-----------------------------+-----------------------------+-------------------+
Note: For more information on problematic transfers, consider running the Fitter again with the Optimize hold timing option (Settings Menu) turned off.
This will disable optimization of problematic paths and expose them for further analysis using the Timing Analyzer.


+-----------------------------------------------------------------------------------------------------------------------------+
; Estimated Delay Added for Hold Timing Details                                                                               ;
+----------------------------------------------------+----------------------------------------------------+-------------------+
; Source Register                                    ; Destination Register                               ; Delay Added in ns ;
+----------------------------------------------------+----------------------------------------------------+-------------------+
; clk_pix                                            ; clk_pix                                            ; 6.338             ;
; spi_data_fast[0]                                   ; nibble_sync0[0]                                    ; 3.234             ;
; spi_data_fast[2]                                   ; nibble_sync0[2]                                    ; 3.234             ;
; spi_data_fast[1]                                   ; nibble_sync0[1]                                    ; 3.221             ;
; spi_data_fast[3]                                   ; nibble_sync0[3]                                    ; 3.221             ;
; word_toggle_fast                                   ; toggle_sync0                                       ; 3.067             ;
; vga_controller:u_vga|vga_timing:u_timing|y[8]      ; vga_controller:u_vga|vga_timing:u_timing|video_on  ; 1.403             ;
; vga_controller:u_vga|vga_timing:u_timing|y[10]     ; vga_controller:u_vga|vga_timing:u_timing|video_on  ; 1.353             ;
; vga_controller:u_vga|vga_timing:u_timing|y[11]     ; vga_controller:u_vga|vga_timing:u_timing|video_on  ; 1.353             ;
; vga_controller:u_vga|vga_timing:u_timing|y[6]      ; vga_controller:u_vga|vga_timing:u_timing|video_on  ; 1.272             ;
; vga_controller:u_vga|vga_timing:u_timing|y[9]      ; vga_controller:u_vga|vga_timing:u_timing|video_on  ; 1.218             ;
; vga_controller:u_vga|vga_timing:u_timing|y[5]      ; vga_controller:u_vga|vga_timing:u_timing|video_on  ; 1.206             ;
; vga_controller:u_vga|vga_timing:u_timing|y[7]      ; vga_controller:u_vga|vga_timing:u_timing|video_on  ; 1.097             ;
; r1                                                 ; r2                                                 ; 1.055             ;
; r2                                                 ; vga_controller:u_vga|vga_timing:u_timing|vsync     ; 0.930             ;
; vga_controller:u_vga|vga_timing:u_timing|vsync     ; VGA_VS~reg0                                        ; 0.867             ;
; cpu_armv4:u_cpu|regfile:u_regfile|registers[0][11] ; cpu_armv4:u_cpu|regfile:u_regfile|registers[4][11] ; 0.834             ;
; vga_controller:u_vga|vga_timing:u_timing|y[2]      ; vga_controller:u_vga|vga_timing:u_timing|vsync     ; 0.731             ;
; vga_controller:u_vga|vga_timing:u_timing|y[3]      ; vga_controller:u_vga|vga_timing:u_timing|vsync     ; 0.714             ;
; vga_controller:u_vga|vga_timing:u_timing|y[4]      ; vga_controller:u_vga|vga_timing:u_timing|vsync     ; 0.701             ;
; cpu_armv4:u_cpu|control_unit:u_ctrl|state.FETCH    ; cpu_armv4:u_cpu|control_unit:u_ctrl|state.DECODE   ; 0.697             ;
; vga_controller:u_vga|vga_timing:u_timing|x[7]      ; vga_controller:u_vga|vga_timing:u_timing|x[10]     ; 0.684             ;
; vga_controller:u_vga|vga_timing:u_timing|x[2]      ; vga_controller:u_vga|vga_timing:u_timing|x[10]     ; 0.681             ;
; cpu_armv4:u_cpu|regfile:u_regfile|registers[0][19] ; cpu_armv4:u_cpu|regfile:u_regfile|registers[4][19] ; 0.680             ;
; vga_controller:u_vga|vga_timing:u_timing|y[1]      ; vga_controller:u_vga|vga_timing:u_timing|y[10]     ; 0.670             ;
; vga_controller:u_vga|vga_timing:u_timing|x[5]      ; vga_controller:u_vga|vga_timing:u_timing|x[10]     ; 0.664             ;
; vga_controller:u_vga|vga_timing:u_timing|x[8]      ; vga_controller:u_vga|vga_timing:u_timing|x[10]     ; 0.663             ;
; vga_controller:u_vga|vga_timing:u_timing|x[3]      ; vga_controller:u_vga|vga_timing:u_timing|x[10]     ; 0.659             ;
; vga_controller:u_vga|vga_timing:u_timing|x[9]      ; vga_controller:u_vga|vga_timing:u_timing|x[10]     ; 0.656             ;
; vga_controller:u_vga|vga_timing:u_timing|x[6]      ; vga_controller:u_vga|vga_timing:u_timing|x[10]     ; 0.655             ;
; cpu_armv4:u_cpu|regfile:u_regfile|registers[6][11] ; cpu_armv4:u_cpu|regfile:u_regfile|registers[4][11] ; 0.638             ;
; cpu_armv4:u_cpu|pc[7]                              ; cpu_armv4:u_cpu|regfile:u_regfile|registers[4][11] ; 0.638             ;
; cpu_armv4:u_cpu|pc[5]                              ; cpu_armv4:u_cpu|regfile:u_regfile|registers[4][11] ; 0.638             ;
; cpu_armv4:u_cpu|pc[6]                              ; cpu_armv4:u_cpu|regfile:u_regfile|registers[4][11] ; 0.638             ;
; cpu_armv4:u_cpu|pc[3]                              ; cpu_armv4:u_cpu|regfile:u_regfile|registers[4][11] ; 0.638             ;
; cpu_armv4:u_cpu|pc[2]                              ; cpu_armv4:u_cpu|regfile:u_regfile|registers[4][11] ; 0.638             ;
; cpu_armv4:u_cpu|pc[1]                              ; cpu_armv4:u_cpu|regfile:u_regfile|registers[4][11] ; 0.638             ;
; cpu_armv4:u_cpu|pc[0]                              ; cpu_armv4:u_cpu|regfile:u_regfile|registers[4][11] ; 0.638             ;
; cpu_armv4:u_cpu|pc[4]                              ; cpu_armv4:u_cpu|regfile:u_regfile|registers[4][11] ; 0.638             ;
; cpu_armv4:u_cpu|regfile:u_regfile|registers[2][16] ; cpu_armv4:u_cpu|regfile:u_regfile|registers[4][20] ; 0.613             ;
; vga_controller:u_vga|vga_timing:u_timing|x[1]      ; vga_controller:u_vga|vga_timing:u_timing|x[10]     ; 0.611             ;
; cpu_armv4:u_cpu|regfile:u_regfile|registers[0][4]  ; cpu_armv4:u_cpu|regfile:u_regfile|registers[2][4]  ; 0.601             ;
; cpu_armv4:u_cpu|regfile:u_regfile|registers[2][22] ; cpu_armv4:u_cpu|regfile:u_regfile|registers[4][20] ; 0.594             ;
; cpu_armv4:u_cpu|regfile:u_regfile|registers[2][6]  ; cpu_armv4:u_cpu|regfile:u_regfile|registers[4][20] ; 0.591             ;
; cpu_armv4:u_cpu|regfile:u_regfile|registers[2][7]  ; cpu_armv4:u_cpu|regfile:u_regfile|registers[4][20] ; 0.590             ;
; cpu_armv4:u_cpu|regfile:u_regfile|registers[2][14] ; cpu_armv4:u_cpu|regfile:u_regfile|registers[4][20] ; 0.584             ;
; nibble_sync0[2]                                    ; nibble_sync1[2]                                    ; 0.582             ;
; cpu_armv4:u_cpu|regfile:u_regfile|registers[2][28] ; cpu_armv4:u_cpu|regfile:u_regfile|registers[4][20] ; 0.581             ;
; cpu_armv4:u_cpu|regfile:u_regfile|registers[2][20] ; cpu_armv4:u_cpu|regfile:u_regfile|registers[4][20] ; 0.580             ;
; cpu_armv4:u_cpu|regfile:u_regfile|registers[2][23] ; cpu_armv4:u_cpu|regfile:u_regfile|registers[4][20] ; 0.579             ;
; cpu_armv4:u_cpu|regfile:u_regfile|registers[2][11] ; cpu_armv4:u_cpu|regfile:u_regfile|registers[4][20] ; 0.577             ;
; load_state.LOAD_A                                  ; load_state.LOAD_B                                  ; 0.573             ;
; cpu_armv4:u_cpu|regfile:u_regfile|registers[2][4]  ; cpu_armv4:u_cpu|regfile:u_regfile|registers[2][4]  ; 0.570             ;
; cpu_armv4:u_cpu|regfile:u_regfile|registers[4][4]  ; cpu_armv4:u_cpu|regfile:u_regfile|registers[2][4]  ; 0.570             ;
; cpu_armv4:u_cpu|regfile:u_regfile|registers[5][4]  ; cpu_armv4:u_cpu|regfile:u_regfile|registers[2][4]  ; 0.570             ;
; cpu_armv4:u_cpu|regfile:u_regfile|registers[7][4]  ; cpu_armv4:u_cpu|regfile:u_regfile|registers[2][4]  ; 0.570             ;
; cpu_armv4:u_cpu|regfile:u_regfile|registers[3][4]  ; cpu_armv4:u_cpu|regfile:u_regfile|registers[2][4]  ; 0.570             ;
; cpu_armv4:u_cpu|regfile:u_regfile|registers[1][4]  ; cpu_armv4:u_cpu|regfile:u_regfile|registers[2][4]  ; 0.570             ;
; cpu_armv4:u_cpu|regfile:u_regfile|registers[6][4]  ; cpu_armv4:u_cpu|regfile:u_regfile|registers[2][4]  ; 0.570             ;
; nibble_sync0[1]                                    ; nibble_sync1[1]                                    ; 0.570             ;
; cpu_armv4:u_cpu|regfile:u_regfile|registers[2][29] ; cpu_armv4:u_cpu|regfile:u_regfile|registers[4][20] ; 0.569             ;
; cpu_armv4:u_cpu|regfile:u_regfile|registers[6][19] ; cpu_armv4:u_cpu|regfile:u_regfile|registers[4][19] ; 0.569             ;
; nibble_sync1[0]                                    ; nibble_last[0]                                     ; 0.565             ;
; cpu_armv4:u_cpu|regfile:u_regfile|registers[1][8]  ; cpu_armv4:u_cpu|regfile:u_regfile|registers[4][20] ; 0.564             ;
; cmd_start_reg                                      ; load_state.LOAD_A                                  ; 0.560             ;
; cpu_armv4:u_cpu|regfile:u_regfile|registers[2][31] ; cpu_armv4:u_cpu|regfile:u_regfile|registers[4][20] ; 0.559             ;
; cpu_armv4:u_cpu|regfile:u_regfile|registers[3][31] ; cpu_armv4:u_cpu|regfile:u_regfile|registers[4][20] ; 0.559             ;
; cpu_armv4:u_cpu|regfile:u_regfile|registers[1][31] ; cpu_armv4:u_cpu|regfile:u_regfile|registers[4][20] ; 0.559             ;
; cpu_armv4:u_cpu|regfile:u_regfile|registers[0][31] ; cpu_armv4:u_cpu|regfile:u_regfile|registers[4][20] ; 0.559             ;
; cpu_armv4:u_cpu|regfile:u_regfile|registers[2][27] ; cpu_armv4:u_cpu|regfile:u_regfile|registers[4][20] ; 0.557             ;
; cpu_armv4:u_cpu|regfile:u_regfile|registers[3][30] ; cpu_armv4:u_cpu|regfile:u_regfile|registers[4][20] ; 0.556             ;
; cpu_armv4:u_cpu|regfile:u_regfile|registers[1][30] ; cpu_armv4:u_cpu|regfile:u_regfile|registers[4][20] ; 0.556             ;
; cpu_armv4:u_cpu|regfile:u_regfile|registers[2][26] ; cpu_armv4:u_cpu|regfile:u_regfile|registers[4][20] ; 0.556             ;
; cpu_armv4:u_cpu|regfile:u_regfile|registers[0][30] ; cpu_armv4:u_cpu|regfile:u_regfile|registers[4][20] ; 0.556             ;
; cpu_armv4:u_cpu|regfile:u_regfile|registers[2][19] ; cpu_armv4:u_cpu|regfile:u_regfile|registers[4][20] ; 0.554             ;
; cpu_armv4:u_cpu|regfile:u_regfile|registers[2][5]  ; cpu_armv4:u_cpu|regfile:u_regfile|registers[4][20] ; 0.554             ;
; vga_controller:u_vga|vga_timing:u_timing|x[10]     ; vga_controller:u_vga|vga_timing:u_timing|x[10]     ; 0.548             ;
; vga_controller:u_vga|vga_timing:u_timing|x[0]      ; vga_controller:u_vga|vga_timing:u_timing|x[10]     ; 0.546             ;
; cpu_armv4:u_cpu|regfile:u_regfile|registers[3][0]  ; cpu_armv4:u_cpu|regfile:u_regfile|registers[4][20] ; 0.544             ;
; cpu_armv4:u_cpu|regfile:u_regfile|registers[4][0]  ; cpu_armv4:u_cpu|regfile:u_regfile|registers[4][20] ; 0.544             ;
; cpu_armv4:u_cpu|regfile:u_regfile|registers[5][0]  ; cpu_armv4:u_cpu|regfile:u_regfile|registers[4][20] ; 0.544             ;
; cpu_armv4:u_cpu|regfile:u_regfile|registers[7][0]  ; cpu_armv4:u_cpu|regfile:u_regfile|registers[4][20] ; 0.544             ;
; cpu_armv4:u_cpu|regfile:u_regfile|registers[2][0]  ; cpu_armv4:u_cpu|regfile:u_regfile|registers[4][20] ; 0.544             ;
; cpu_armv4:u_cpu|regfile:u_regfile|registers[2][1]  ; cpu_armv4:u_cpu|regfile:u_regfile|registers[4][20] ; 0.544             ;
; cpu_armv4:u_cpu|regfile:u_regfile|registers[4][1]  ; cpu_armv4:u_cpu|regfile:u_regfile|registers[4][20] ; 0.544             ;
; cpu_armv4:u_cpu|regfile:u_regfile|registers[5][1]  ; cpu_armv4:u_cpu|regfile:u_regfile|registers[4][20] ; 0.544             ;
; cpu_armv4:u_cpu|regfile:u_regfile|registers[7][1]  ; cpu_armv4:u_cpu|regfile:u_regfile|registers[4][20] ; 0.544             ;
; cpu_armv4:u_cpu|regfile:u_regfile|registers[3][1]  ; cpu_armv4:u_cpu|regfile:u_regfile|registers[4][20] ; 0.544             ;
; cpu_armv4:u_cpu|regfile:u_regfile|registers[1][1]  ; cpu_armv4:u_cpu|regfile:u_regfile|registers[4][20] ; 0.544             ;
; cpu_armv4:u_cpu|regfile:u_regfile|registers[4][27] ; cpu_armv4:u_cpu|regfile:u_regfile|registers[4][20] ; 0.544             ;
; cpu_armv4:u_cpu|regfile:u_regfile|registers[5][27] ; cpu_armv4:u_cpu|regfile:u_regfile|registers[4][20] ; 0.544             ;
; cpu_armv4:u_cpu|regfile:u_regfile|registers[7][27] ; cpu_armv4:u_cpu|regfile:u_regfile|registers[4][20] ; 0.544             ;
; cpu_armv4:u_cpu|regfile:u_regfile|registers[3][27] ; cpu_armv4:u_cpu|regfile:u_regfile|registers[4][20] ; 0.544             ;
; cpu_armv4:u_cpu|regfile:u_regfile|registers[1][27] ; cpu_armv4:u_cpu|regfile:u_regfile|registers[4][20] ; 0.544             ;
; cpu_armv4:u_cpu|regfile:u_regfile|registers[2][2]  ; cpu_armv4:u_cpu|regfile:u_regfile|registers[4][20] ; 0.544             ;
; cpu_armv4:u_cpu|regfile:u_regfile|registers[4][2]  ; cpu_armv4:u_cpu|regfile:u_regfile|registers[4][20] ; 0.544             ;
; cpu_armv4:u_cpu|regfile:u_regfile|registers[5][2]  ; cpu_armv4:u_cpu|regfile:u_regfile|registers[4][20] ; 0.544             ;
; cpu_armv4:u_cpu|regfile:u_regfile|registers[7][2]  ; cpu_armv4:u_cpu|regfile:u_regfile|registers[4][20] ; 0.544             ;
; cpu_armv4:u_cpu|regfile:u_regfile|registers[3][2]  ; cpu_armv4:u_cpu|regfile:u_regfile|registers[4][20] ; 0.544             ;
; cpu_armv4:u_cpu|regfile:u_regfile|registers[1][2]  ; cpu_armv4:u_cpu|regfile:u_regfile|registers[4][20] ; 0.544             ;
+----------------------------------------------------+----------------------------------------------------+-------------------+
Note: This table only shows the top 100 path(s) that have the largest delay added for hold.


+-----------------+
; Fitter Messages ;
+-----------------+
Warning (18236): Number of processors has not been specified which may cause overloading on shared machines.  Set the global assignment NUM_PARALLEL_PROCESSORS in your QSF to an appropriate value for best performance.
Info (20030): Parallel compilation is enabled and will use 4 of the 4 processors detected
Info (119006): Selected device 5CSXFC6D6F31C6 for design "ProyectoFT"
Info (21077): Low junction temperature is 0 degrees C
Info (21077): High junction temperature is 85 degrees C
Info (171003): Fitter is performing an Auto Fit compilation, which may decrease Fitter effort to reduce compilation time
Warning (292013): Feature LogicLock is only available with a valid subscription license. You can purchase a software subscription to gain full access to this feature.
Warning (15714): Some pins have incomplete I/O assignments. Refer to the I/O Assignment Warnings report for details
Info (184020): Starting Fitter periphery placement operations
Info (11191): Automatically promoted 3 clocks (3 global)
    Info (11162): clock_divider:u_div|clk_out~CLKENA0 with 8522 fanout uses global clock CLKCTRL_G3
        Info (12525): This signal is driven by core routing -- it may be moved during placement to reduce routing delays
    Info (11162): CLOCK_50~inputCLKENA0 with 33 fanout uses global clock CLKCTRL_G4
    Info (11162): sck~inputCLKENA0 with 10 fanout uses global clock CLKCTRL_G6
        Info (12525): This signal is driven by core routing -- it may be moved during placement to reduce routing delays
Warning (16406): 1 global input pin(s) will use non-dedicated clock routing
    Warning (16407): Source REFCLK I/O is not placed onto a dedicated REFCLK input pin for global clock driver sck~inputCLKENA0, placed at CLKCTRL_G6
        Info (179012): Refclk input I/O pad sck is placed onto PIN_AD12
Info (184021): Fitter periphery placement operations ending: elapsed time is 00:00:00
Info (176233): Starting register packing
Critical Warning (332012): Synopsys Design Constraints File file not found: 'ProyectoFT.sdc'. A Synopsys Design Constraints File is required by the Timing Analyzer to get proper timing constraints. Without it, the Compiler will not properly optimize the design.
Info (332144): No user constrained base clocks found in the design
Info (332143): No user constrained clock uncertainty found in the design. Calling "derive_clock_uncertainty"
Info (332123): Deriving Clock Uncertainty. Please refer to report_sdc in the Timing Analyzer to see clock uncertainties.
Info (332130): Timing requirements not specified -- quality metrics such as performance may be sacrificed to reduce compilation time.
Info (176235): Finished register packing
    Extra Info (176219): No registers were packed into other blocks
Info (11798): Fitter preparation operations ending: elapsed time is 00:00:14
Info (170189): Fitter placement preparation operations beginning
Info (14951): The Fitter is using Advanced Physical Optimization.
Info (170190): Fitter placement preparation operations ending: elapsed time is 00:00:37
Info (170191): Fitter placement operations beginning
Info (170137): Fitter placement was successful
Info (170192): Fitter placement operations ending: elapsed time is 00:00:24
Info (170193): Fitter routing operations beginning
Info (170195): Router estimated average interconnect usage is 5% of the available device resources
    Info (170196): Router estimated peak interconnect usage is 24% of the available device resources in the region that extends from location X67_Y23 to location X77_Y34
Info (170199): The Fitter performed an Auto Fit compilation.  Optimizations were skipped to reduce compilation time.
    Info (170201): Optimizations that may affect the design's routability were skipped
Info (170194): Fitter routing operations ending: elapsed time is 00:00:59
Info (11888): Total time spent on timing analysis during the Fitter is 24.00 seconds.
Info (334003): Started post-fitting delay annotation
Info (334004): Delay annotation completed successfully
Info (334003): Started post-fitting delay annotation
Info (334004): Delay annotation completed successfully
Info (11801): Fitter post-fit operations ending: elapsed time is 00:01:30
Warning (171167): Found invalid Fitter assignments. See the Ignored Assignments panel in the Fitter Compilation Report for more information.
Info (144001): Generated suppressed messages file C:/Users/ggabr/OneDrive/Escritorio/Proyecto_Final_TDD/SystemVerilog/output_files/ProyectoFT.fit.smsg
Info: Quartus Prime Fitter was successful. 0 errors, 7 warnings
    Info: Peak virtual memory: 6738 megabytes
    Info: Processing ended: Tue Dec  2 04:28:21 2025
    Info: Elapsed time: 00:04:54
    Info: Total CPU time (on all processors): 00:12:20


+----------------------------+
; Fitter Suppressed Messages ;
+----------------------------+
The suppressed messages can be found in C:/Users/ggabr/OneDrive/Escritorio/Proyecto_Final_TDD/SystemVerilog/output_files/ProyectoFT.fit.smsg.


