Analysis & Synthesis report for ProyectoFT
Sat Nov 15 21:23:44 2025
Quartus Prime Version 22.1std.0 Build 915 10/25/2022 SC Lite Edition


---------------------
; Table of Contents ;
---------------------
  1. Legal Notice
  2. Analysis & Synthesis Summary
  3. Analysis & Synthesis Settings
  4. Parallel Compilation
  5. Analysis & Synthesis Source Files Read
  6. Analysis & Synthesis Resource Usage Summary
  7. Analysis & Synthesis Resource Utilization by Entity
  8. State Machine - |top_program|load_state
  9. State Machine - |top_program|in_state
 10. State Machine - |top_program|cpu_armv4:u_cpu|control_unit:u_ctrl|state
 11. Registers Removed During Synthesis
 12. General Register Statistics
 13. Inverted Register Statistics
 14. Multiplexer Restructuring Statistics (Restructuring Performed)
 15. Parameter Settings for User Entity Instance: cpu_armv4:u_cpu|alu_core:u_alu_core
 16. Parameter Settings for User Entity Instance: cpu_armv4:u_cpu|alu_core:u_alu_core|sumador:u_add
 17. Parameter Settings for User Entity Instance: cpu_armv4:u_cpu|alu_core:u_alu_core|restador:u_sub
 18. Parameter Settings for User Entity Instance: cpu_armv4:u_cpu|alu_core:u_alu_core|multiplicador_sumas:u_mul
 19. Parameter Settings for User Entity Instance: cpu_armv4:u_cpu|alu_core:u_alu_core|multiplicador_sumas:u_mul|sumador:GEN_MUL[0].u_add_i
 20. Parameter Settings for User Entity Instance: cpu_armv4:u_cpu|alu_core:u_alu_core|multiplicador_sumas:u_mul|sumador:GEN_MUL[1].u_add_i
 21. Parameter Settings for User Entity Instance: cpu_armv4:u_cpu|alu_core:u_alu_core|multiplicador_sumas:u_mul|sumador:GEN_MUL[2].u_add_i
 22. Parameter Settings for User Entity Instance: cpu_armv4:u_cpu|alu_core:u_alu_core|multiplicador_sumas:u_mul|sumador:GEN_MUL[3].u_add_i
 23. Parameter Settings for User Entity Instance: cpu_armv4:u_cpu|alu_core:u_alu_core|multiplicador_sumas:u_mul|sumador:GEN_MUL[4].u_add_i
 24. Parameter Settings for User Entity Instance: cpu_armv4:u_cpu|alu_core:u_alu_core|multiplicador_sumas:u_mul|sumador:GEN_MUL[5].u_add_i
 25. Parameter Settings for User Entity Instance: cpu_armv4:u_cpu|alu_core:u_alu_core|multiplicador_sumas:u_mul|sumador:GEN_MUL[6].u_add_i
 26. Parameter Settings for User Entity Instance: cpu_armv4:u_cpu|alu_core:u_alu_core|multiplicador_sumas:u_mul|sumador:GEN_MUL[7].u_add_i
 27. Parameter Settings for User Entity Instance: cpu_armv4:u_cpu|alu_core:u_alu_core|multiplicador_sumas:u_mul|sumador:GEN_MUL[8].u_add_i
 28. Parameter Settings for User Entity Instance: cpu_armv4:u_cpu|alu_core:u_alu_core|multiplicador_sumas:u_mul|sumador:GEN_MUL[9].u_add_i
 29. Parameter Settings for User Entity Instance: cpu_armv4:u_cpu|alu_core:u_alu_core|multiplicador_sumas:u_mul|sumador:GEN_MUL[10].u_add_i
 30. Parameter Settings for User Entity Instance: cpu_armv4:u_cpu|alu_core:u_alu_core|multiplicador_sumas:u_mul|sumador:GEN_MUL[11].u_add_i
 31. Parameter Settings for User Entity Instance: cpu_armv4:u_cpu|alu_core:u_alu_core|multiplicador_sumas:u_mul|sumador:GEN_MUL[12].u_add_i
 32. Parameter Settings for User Entity Instance: cpu_armv4:u_cpu|alu_core:u_alu_core|multiplicador_sumas:u_mul|sumador:GEN_MUL[13].u_add_i
 33. Parameter Settings for User Entity Instance: cpu_armv4:u_cpu|alu_core:u_alu_core|multiplicador_sumas:u_mul|sumador:GEN_MUL[14].u_add_i
 34. Parameter Settings for User Entity Instance: cpu_armv4:u_cpu|alu_core:u_alu_core|multiplicador_sumas:u_mul|sumador:GEN_MUL[15].u_add_i
 35. Parameter Settings for User Entity Instance: cpu_armv4:u_cpu|alu_core:u_alu_core|multiplicador_sumas:u_mul|sumador:GEN_MUL[16].u_add_i
 36. Parameter Settings for User Entity Instance: cpu_armv4:u_cpu|alu_core:u_alu_core|multiplicador_sumas:u_mul|sumador:GEN_MUL[17].u_add_i
 37. Parameter Settings for User Entity Instance: cpu_armv4:u_cpu|alu_core:u_alu_core|multiplicador_sumas:u_mul|sumador:GEN_MUL[18].u_add_i
 38. Parameter Settings for User Entity Instance: cpu_armv4:u_cpu|alu_core:u_alu_core|multiplicador_sumas:u_mul|sumador:GEN_MUL[19].u_add_i
 39. Parameter Settings for User Entity Instance: cpu_armv4:u_cpu|alu_core:u_alu_core|multiplicador_sumas:u_mul|sumador:GEN_MUL[20].u_add_i
 40. Parameter Settings for User Entity Instance: cpu_armv4:u_cpu|alu_core:u_alu_core|multiplicador_sumas:u_mul|sumador:GEN_MUL[21].u_add_i
 41. Parameter Settings for User Entity Instance: cpu_armv4:u_cpu|alu_core:u_alu_core|multiplicador_sumas:u_mul|sumador:GEN_MUL[22].u_add_i
 42. Parameter Settings for User Entity Instance: cpu_armv4:u_cpu|alu_core:u_alu_core|multiplicador_sumas:u_mul|sumador:GEN_MUL[23].u_add_i
 43. Parameter Settings for User Entity Instance: cpu_armv4:u_cpu|alu_core:u_alu_core|multiplicador_sumas:u_mul|sumador:GEN_MUL[24].u_add_i
 44. Parameter Settings for User Entity Instance: cpu_armv4:u_cpu|alu_core:u_alu_core|multiplicador_sumas:u_mul|sumador:GEN_MUL[25].u_add_i
 45. Parameter Settings for User Entity Instance: cpu_armv4:u_cpu|alu_core:u_alu_core|multiplicador_sumas:u_mul|sumador:GEN_MUL[26].u_add_i
 46. Parameter Settings for User Entity Instance: cpu_armv4:u_cpu|alu_core:u_alu_core|multiplicador_sumas:u_mul|sumador:GEN_MUL[27].u_add_i
 47. Parameter Settings for User Entity Instance: cpu_armv4:u_cpu|alu_core:u_alu_core|multiplicador_sumas:u_mul|sumador:GEN_MUL[28].u_add_i
 48. Parameter Settings for User Entity Instance: cpu_armv4:u_cpu|alu_core:u_alu_core|multiplicador_sumas:u_mul|sumador:GEN_MUL[29].u_add_i
 49. Parameter Settings for User Entity Instance: cpu_armv4:u_cpu|alu_core:u_alu_core|multiplicador_sumas:u_mul|sumador:GEN_MUL[30].u_add_i
 50. Parameter Settings for User Entity Instance: cpu_armv4:u_cpu|alu_core:u_alu_core|multiplicador_sumas:u_mul|sumador:GEN_MUL[31].u_add_i
 51. Parameter Settings for User Entity Instance: cpu_armv4:u_cpu|alu_core:u_alu_core|divider:u_divmod
 52. Parameter Settings for User Entity Instance: cpu_armv4:u_cpu|alu_core:u_alu_core|logic_ops:u_logic
 53. Parameter Settings for User Entity Instance: vga_controller:u_vga
 54. Parameter Settings for User Entity Instance: vga_controller:u_vga|vga_timing:u_timing
 55. Parameter Settings for Inferred Entity Instance: cpu_armv4:u_cpu|alu_core:u_alu_core|divider:u_divmod|lpm_divide:Div0
 56. Parameter Settings for Inferred Entity Instance: cpu_armv4:u_cpu|alu_core:u_alu_core|divider:u_divmod|lpm_divide:Mod0
 57. Port Connectivity Checks: "vga_controller:u_vga|vga_timing:u_timing"
 58. Port Connectivity Checks: "seven_segment_display:u_hex_OP"
 59. Port Connectivity Checks: "cpu_armv4:u_cpu|alu_core:u_alu_core|divider:u_divmod"
 60. Port Connectivity Checks: "cpu_armv4:u_cpu|alu_core:u_alu_core|multiplicador_sumas:u_mul|sumador:GEN_MUL[31].u_add_i"
 61. Port Connectivity Checks: "cpu_armv4:u_cpu|alu_core:u_alu_core|multiplicador_sumas:u_mul|sumador:GEN_MUL[30].u_add_i"
 62. Port Connectivity Checks: "cpu_armv4:u_cpu|alu_core:u_alu_core|multiplicador_sumas:u_mul|sumador:GEN_MUL[29].u_add_i"
 63. Port Connectivity Checks: "cpu_armv4:u_cpu|alu_core:u_alu_core|multiplicador_sumas:u_mul|sumador:GEN_MUL[28].u_add_i"
 64. Port Connectivity Checks: "cpu_armv4:u_cpu|alu_core:u_alu_core|multiplicador_sumas:u_mul|sumador:GEN_MUL[27].u_add_i"
 65. Port Connectivity Checks: "cpu_armv4:u_cpu|alu_core:u_alu_core|multiplicador_sumas:u_mul|sumador:GEN_MUL[26].u_add_i"
 66. Port Connectivity Checks: "cpu_armv4:u_cpu|alu_core:u_alu_core|multiplicador_sumas:u_mul|sumador:GEN_MUL[25].u_add_i"
 67. Port Connectivity Checks: "cpu_armv4:u_cpu|alu_core:u_alu_core|multiplicador_sumas:u_mul|sumador:GEN_MUL[24].u_add_i"
 68. Port Connectivity Checks: "cpu_armv4:u_cpu|alu_core:u_alu_core|multiplicador_sumas:u_mul|sumador:GEN_MUL[23].u_add_i"
 69. Port Connectivity Checks: "cpu_armv4:u_cpu|alu_core:u_alu_core|multiplicador_sumas:u_mul|sumador:GEN_MUL[22].u_add_i"
 70. Port Connectivity Checks: "cpu_armv4:u_cpu|alu_core:u_alu_core|multiplicador_sumas:u_mul|sumador:GEN_MUL[21].u_add_i"
 71. Port Connectivity Checks: "cpu_armv4:u_cpu|alu_core:u_alu_core|multiplicador_sumas:u_mul|sumador:GEN_MUL[20].u_add_i"
 72. Port Connectivity Checks: "cpu_armv4:u_cpu|alu_core:u_alu_core|multiplicador_sumas:u_mul|sumador:GEN_MUL[19].u_add_i"
 73. Port Connectivity Checks: "cpu_armv4:u_cpu|alu_core:u_alu_core|multiplicador_sumas:u_mul|sumador:GEN_MUL[18].u_add_i"
 74. Port Connectivity Checks: "cpu_armv4:u_cpu|alu_core:u_alu_core|multiplicador_sumas:u_mul|sumador:GEN_MUL[17].u_add_i"
 75. Port Connectivity Checks: "cpu_armv4:u_cpu|alu_core:u_alu_core|multiplicador_sumas:u_mul|sumador:GEN_MUL[16].u_add_i"
 76. Port Connectivity Checks: "cpu_armv4:u_cpu|alu_core:u_alu_core|multiplicador_sumas:u_mul|sumador:GEN_MUL[15].u_add_i"
 77. Port Connectivity Checks: "cpu_armv4:u_cpu|alu_core:u_alu_core|multiplicador_sumas:u_mul|sumador:GEN_MUL[14].u_add_i"
 78. Port Connectivity Checks: "cpu_armv4:u_cpu|alu_core:u_alu_core|multiplicador_sumas:u_mul|sumador:GEN_MUL[13].u_add_i"
 79. Port Connectivity Checks: "cpu_armv4:u_cpu|alu_core:u_alu_core|multiplicador_sumas:u_mul|sumador:GEN_MUL[12].u_add_i"
 80. Port Connectivity Checks: "cpu_armv4:u_cpu|alu_core:u_alu_core|multiplicador_sumas:u_mul|sumador:GEN_MUL[11].u_add_i"
 81. Port Connectivity Checks: "cpu_armv4:u_cpu|alu_core:u_alu_core|multiplicador_sumas:u_mul|sumador:GEN_MUL[10].u_add_i"
 82. Port Connectivity Checks: "cpu_armv4:u_cpu|alu_core:u_alu_core|multiplicador_sumas:u_mul|sumador:GEN_MUL[9].u_add_i"
 83. Port Connectivity Checks: "cpu_armv4:u_cpu|alu_core:u_alu_core|multiplicador_sumas:u_mul|sumador:GEN_MUL[8].u_add_i"
 84. Port Connectivity Checks: "cpu_armv4:u_cpu|alu_core:u_alu_core|multiplicador_sumas:u_mul|sumador:GEN_MUL[7].u_add_i"
 85. Port Connectivity Checks: "cpu_armv4:u_cpu|alu_core:u_alu_core|multiplicador_sumas:u_mul|sumador:GEN_MUL[6].u_add_i"
 86. Port Connectivity Checks: "cpu_armv4:u_cpu|alu_core:u_alu_core|multiplicador_sumas:u_mul|sumador:GEN_MUL[5].u_add_i"
 87. Port Connectivity Checks: "cpu_armv4:u_cpu|alu_core:u_alu_core|multiplicador_sumas:u_mul|sumador:GEN_MUL[4].u_add_i"
 88. Port Connectivity Checks: "cpu_armv4:u_cpu|alu_core:u_alu_core|multiplicador_sumas:u_mul|sumador:GEN_MUL[3].u_add_i"
 89. Port Connectivity Checks: "cpu_armv4:u_cpu|alu_core:u_alu_core|multiplicador_sumas:u_mul|sumador:GEN_MUL[2].u_add_i"
 90. Port Connectivity Checks: "cpu_armv4:u_cpu|alu_core:u_alu_core|multiplicador_sumas:u_mul|sumador:GEN_MUL[1].u_add_i"
 91. Port Connectivity Checks: "cpu_armv4:u_cpu|alu_core:u_alu_core|multiplicador_sumas:u_mul|sumador:GEN_MUL[0].u_add_i"
 92. Port Connectivity Checks: "cpu_armv4:u_cpu|alu_core:u_alu_core|restador:u_sub"
 93. Port Connectivity Checks: "cpu_armv4:u_cpu|alu_core:u_alu_core|sumador:u_add"
 94. Port Connectivity Checks: "cpu_armv4:u_cpu|alu_core:u_alu_core"
 95. Port Connectivity Checks: "cpu_armv4:u_cpu"
 96. Post-Synthesis Netlist Statistics for Top Partition
 97. Elapsed Time Per Partition
 98. Analysis & Synthesis Messages
 99. Analysis & Synthesis Suppressed Messages



----------------
; Legal Notice ;
----------------
Copyright (C) 2022  Intel Corporation. All rights reserved.
Your use of Intel Corporation's design tools, logic functions 
and other software and tools, and any partner logic 
functions, and any output files from any of the foregoing 
(including device programming or simulation files), and any 
associated documentation or information are expressly subject 
to the terms and conditions of the Intel Program License 
Subscription Agreement, the Intel Quartus Prime License Agreement,
the Intel FPGA IP License Agreement, or other applicable license
agreement, including, without limitation, that your use is for
the sole purpose of programming logic devices manufactured by
Intel and sold by Intel or its authorized distributors.  Please
refer to the applicable agreement for further details, at
https://fpgasoftware.intel.com/eula.



+----------------------------------------------------------------------------------+
; Analysis & Synthesis Summary                                                     ;
+---------------------------------+------------------------------------------------+
; Analysis & Synthesis Status     ; Successful - Sat Nov 15 21:23:43 2025          ;
; Quartus Prime Version           ; 22.1std.0 Build 915 10/25/2022 SC Lite Edition ;
; Revision Name                   ; ProyectoFT                                     ;
; Top-level Entity Name           ; top_program                                    ;
; Family                          ; Cyclone V                                      ;
; Logic utilization (in ALMs)     ; N/A                                            ;
; Total registers                 ; 8602                                           ;
; Total pins                      ; 74                                             ;
; Total virtual pins              ; 0                                              ;
; Total block memory bits         ; 0                                              ;
; Total DSP Blocks                ; 0                                              ;
; Total HSSI RX PCSs              ; 0                                              ;
; Total HSSI PMA RX Deserializers ; 0                                              ;
; Total HSSI TX PCSs              ; 0                                              ;
; Total HSSI PMA TX Serializers   ; 0                                              ;
; Total PLLs                      ; 0                                              ;
; Total DLLs                      ; 0                                              ;
+---------------------------------+------------------------------------------------+


+---------------------------------------------------------------------------------------------------------------------------+
; Analysis & Synthesis Settings                                                                                             ;
+---------------------------------------------------------------------------------+--------------------+--------------------+
; Option                                                                          ; Setting            ; Default Value      ;
+---------------------------------------------------------------------------------+--------------------+--------------------+
; Device                                                                          ; 5CSXFC6D6F31C6     ;                    ;
; Top-level entity name                                                           ; top_program        ; ProyectoFT         ;
; Family name                                                                     ; Cyclone V          ; Cyclone V          ;
; Use smart compilation                                                           ; Off                ; Off                ;
; Enable parallel Assembler and Timing Analyzer during compilation                ; On                 ; On                 ;
; Enable compact report table                                                     ; Off                ; Off                ;
; Restructure Multiplexers                                                        ; Auto               ; Auto               ;
; MLAB Add Timing Constraints For Mixed-Port Feed-Through Mode Setting Don't Care ; Off                ; Off                ;
; Create Debugging Nodes for IP Cores                                             ; Off                ; Off                ;
; Preserve fewer node names                                                       ; On                 ; On                 ;
; Intel FPGA IP Evaluation Mode                                                   ; Enable             ; Enable             ;
; Verilog Version                                                                 ; Verilog_2001       ; Verilog_2001       ;
; VHDL Version                                                                    ; VHDL_1993          ; VHDL_1993          ;
; State Machine Processing                                                        ; Auto               ; Auto               ;
; Safe State Machine                                                              ; Off                ; Off                ;
; Extract Verilog State Machines                                                  ; On                 ; On                 ;
; Extract VHDL State Machines                                                     ; On                 ; On                 ;
; Ignore Verilog initial constructs                                               ; Off                ; Off                ;
; Iteration limit for constant Verilog loops                                      ; 5000               ; 5000               ;
; Iteration limit for non-constant Verilog loops                                  ; 250                ; 250                ;
; Add Pass-Through Logic to Inferred RAMs                                         ; On                 ; On                 ;
; Infer RAMs from Raw Logic                                                       ; On                 ; On                 ;
; Parallel Synthesis                                                              ; On                 ; On                 ;
; DSP Block Balancing                                                             ; Auto               ; Auto               ;
; NOT Gate Push-Back                                                              ; On                 ; On                 ;
; Power-Up Don't Care                                                             ; On                 ; On                 ;
; Remove Redundant Logic Cells                                                    ; Off                ; Off                ;
; Remove Duplicate Registers                                                      ; On                 ; On                 ;
; Ignore CARRY Buffers                                                            ; Off                ; Off                ;
; Ignore CASCADE Buffers                                                          ; Off                ; Off                ;
; Ignore GLOBAL Buffers                                                           ; Off                ; Off                ;
; Ignore ROW GLOBAL Buffers                                                       ; Off                ; Off                ;
; Ignore LCELL Buffers                                                            ; Off                ; Off                ;
; Ignore SOFT Buffers                                                             ; On                 ; On                 ;
; Limit AHDL Integers to 32 Bits                                                  ; Off                ; Off                ;
; Optimization Technique                                                          ; Balanced           ; Balanced           ;
; Carry Chain Length                                                              ; 70                 ; 70                 ;
; Auto Carry Chains                                                               ; On                 ; On                 ;
; Auto Open-Drain Pins                                                            ; On                 ; On                 ;
; Perform WYSIWYG Primitive Resynthesis                                           ; Off                ; Off                ;
; Auto ROM Replacement                                                            ; On                 ; On                 ;
; Auto RAM Replacement                                                            ; On                 ; On                 ;
; Auto DSP Block Replacement                                                      ; On                 ; On                 ;
; Auto Shift Register Replacement                                                 ; Auto               ; Auto               ;
; Allow Shift Register Merging across Hierarchies                                 ; Auto               ; Auto               ;
; Auto Clock Enable Replacement                                                   ; On                 ; On                 ;
; Strict RAM Replacement                                                          ; Off                ; Off                ;
; Allow Synchronous Control Signals                                               ; On                 ; On                 ;
; Force Use of Synchronous Clear Signals                                          ; Off                ; Off                ;
; Auto Resource Sharing                                                           ; Off                ; Off                ;
; Allow Any RAM Size For Recognition                                              ; Off                ; Off                ;
; Allow Any ROM Size For Recognition                                              ; Off                ; Off                ;
; Allow Any Shift Register Size For Recognition                                   ; Off                ; Off                ;
; Use LogicLock Constraints during Resource Balancing                             ; On                 ; On                 ;
; Ignore translate_off and synthesis_off directives                               ; Off                ; Off                ;
; Timing-Driven Synthesis                                                         ; On                 ; On                 ;
; Report Parameter Settings                                                       ; On                 ; On                 ;
; Report Source Assignments                                                       ; On                 ; On                 ;
; Report Connectivity Checks                                                      ; On                 ; On                 ;
; Ignore Maximum Fan-Out Assignments                                              ; Off                ; Off                ;
; Synchronization Register Chain Length                                           ; 3                  ; 3                  ;
; Power Optimization During Synthesis                                             ; Normal compilation ; Normal compilation ;
; HDL message level                                                               ; Level2             ; Level2             ;
; Suppress Register Optimization Related Messages                                 ; Off                ; Off                ;
; Number of Removed Registers Reported in Synthesis Report                        ; 5000               ; 5000               ;
; Number of Swept Nodes Reported in Synthesis Report                              ; 5000               ; 5000               ;
; Number of Inverted Registers Reported in Synthesis Report                       ; 100                ; 100                ;
; Clock MUX Protection                                                            ; On                 ; On                 ;
; Auto Gated Clock Conversion                                                     ; Off                ; Off                ;
; Block Design Naming                                                             ; Auto               ; Auto               ;
; SDC constraint protection                                                       ; Off                ; Off                ;
; Synthesis Effort                                                                ; Auto               ; Auto               ;
; Shift Register Replacement - Allow Asynchronous Clear Signal                    ; On                 ; On                 ;
; Pre-Mapping Resynthesis Optimization                                            ; Off                ; Off                ;
; Analysis & Synthesis Message Level                                              ; Medium             ; Medium             ;
; Disable Register Merging Across Hierarchies                                     ; Auto               ; Auto               ;
; Resource Aware Inference For Block RAM                                          ; On                 ; On                 ;
; Automatic Parallel Synthesis                                                    ; On                 ; On                 ;
; Partial Reconfiguration Bitstream ID                                            ; Off                ; Off                ;
+---------------------------------------------------------------------------------+--------------------+--------------------+


+------------------------------------------+
; Parallel Compilation                     ;
+----------------------------+-------------+
; Processors                 ; Number      ;
+----------------------------+-------------+
; Number detected on machine ; 8           ;
; Maximum allowed            ; 4           ;
;                            ;             ;
; Average used               ; 1.00        ;
; Maximum used               ; 4           ;
;                            ;             ;
; Usage by Processor         ; % Time Used ;
;     Processor 1            ; 100.0%      ;
;     Processor 2            ;   0.1%      ;
;     Processor 3            ;   0.1%      ;
;     Processor 4            ;   0.1%      ;
+----------------------------+-------------+


+-------------------------------------------------------------------------------------------------------------------------------------------------------------------------------------------------------+
; Analysis & Synthesis Source Files Read                                                                                                                                                                ;
+----------------------------------+-----------------+---------------------------------------+------------------------------------------------------------------------------------------------+---------+
; File Name with User-Entered Path ; Used in Netlist ; File Type                             ; File Name with Absolute Path                                                                   ; Library ;
+----------------------------------+-----------------+---------------------------------------+------------------------------------------------------------------------------------------------+---------+
; regfile.sv                       ; yes             ; User SystemVerilog HDL File           ; C:/Users/ggabr/OneDrive/Escritorio/Proyecto_Final_TDD/SystemVerilog/regfile.sv                 ;         ;
; divider.sv                       ; yes             ; User SystemVerilog HDL File           ; C:/Users/ggabr/OneDrive/Escritorio/Proyecto_Final_TDD/SystemVerilog/divider.sv                 ;         ;
; control_unit.sv                  ; yes             ; User SystemVerilog HDL File           ; C:/Users/ggabr/OneDrive/Escritorio/Proyecto_Final_TDD/SystemVerilog/control_unit.sv            ;         ;
; cpu_armv4.sv                     ; yes             ; User SystemVerilog HDL File           ; C:/Users/ggabr/OneDrive/Escritorio/Proyecto_Final_TDD/SystemVerilog/cpu_armv4.sv               ;         ;
; rom_program.sv                   ; yes             ; User SystemVerilog HDL File           ; C:/Users/ggabr/OneDrive/Escritorio/Proyecto_Final_TDD/SystemVerilog/rom_program.sv             ;         ;
; ram_data.sv                      ; yes             ; User SystemVerilog HDL File           ; C:/Users/ggabr/OneDrive/Escritorio/Proyecto_Final_TDD/SystemVerilog/ram_data.sv                ;         ;
; vga_controller.sv                ; yes             ; User SystemVerilog HDL File           ; C:/Users/ggabr/OneDrive/Escritorio/Proyecto_Final_TDD/SystemVerilog/vga_controller.sv          ;         ;
; SPI_io.sv                        ; yes             ; User SystemVerilog HDL File           ; C:/Users/ggabr/OneDrive/Escritorio/Proyecto_Final_TDD/SystemVerilog/SPI_io.sv                  ;         ;
; seven_segment_display.sv         ; yes             ; User SystemVerilog HDL File           ; C:/Users/ggabr/OneDrive/Escritorio/Proyecto_Final_TDD/SystemVerilog/seven_segment_display.sv   ;         ;
; program_mem.hex                  ; yes             ; User Hexadecimal (Intel-Format) File  ; C:/Users/ggabr/OneDrive/Escritorio/Proyecto_Final_TDD/SystemVerilog/program_mem.hex            ;         ;
; clock_divider.sv                 ; yes             ; User SystemVerilog HDL File           ; C:/Users/ggabr/OneDrive/Escritorio/Proyecto_Final_TDD/SystemVerilog/clock_divider.sv           ;         ;
; sumador.sv                       ; yes             ; User SystemVerilog HDL File           ; C:/Users/ggabr/OneDrive/Escritorio/Proyecto_Final_TDD/SystemVerilog/sumador.sv                 ;         ;
; restador.sv                      ; yes             ; User SystemVerilog HDL File           ; C:/Users/ggabr/OneDrive/Escritorio/Proyecto_Final_TDD/SystemVerilog/restador.sv                ;         ;
; multiplicador.sv                 ; yes             ; User SystemVerilog HDL File           ; C:/Users/ggabr/OneDrive/Escritorio/Proyecto_Final_TDD/SystemVerilog/multiplicador.sv           ;         ;
; logic_ops.sv                     ; yes             ; User SystemVerilog HDL File           ; C:/Users/ggabr/OneDrive/Escritorio/Proyecto_Final_TDD/SystemVerilog/logic_ops.sv               ;         ;
; alu_core.sv                      ; yes             ; User SystemVerilog HDL File           ; C:/Users/ggabr/OneDrive/Escritorio/Proyecto_Final_TDD/SystemVerilog/alu_core.sv                ;         ;
; top_program.sv                   ; yes             ; User SystemVerilog HDL File           ; C:/Users/ggabr/OneDrive/Escritorio/Proyecto_Final_TDD/SystemVerilog/top_program.sv             ;         ;
; vga_timing.sv                    ; yes             ; User SystemVerilog HDL File           ; C:/Users/ggabr/OneDrive/Escritorio/Proyecto_Final_TDD/SystemVerilog/vga_timing.sv              ;         ;
; vga_calc_ui.sv                   ; yes             ; User SystemVerilog HDL File           ; C:/Users/ggabr/OneDrive/Escritorio/Proyecto_Final_TDD/SystemVerilog/vga_calc_ui.sv             ;         ;
; lpm_divide.tdf                   ; yes             ; Megafunction                          ; c:/intelfpga_lite/22.1std/quartus/libraries/megafunctions/lpm_divide.tdf                       ;         ;
; abs_divider.inc                  ; yes             ; Megafunction                          ; c:/intelfpga_lite/22.1std/quartus/libraries/megafunctions/abs_divider.inc                      ;         ;
; sign_div_unsign.inc              ; yes             ; Megafunction                          ; c:/intelfpga_lite/22.1std/quartus/libraries/megafunctions/sign_div_unsign.inc                  ;         ;
; aglobal221.inc                   ; yes             ; Megafunction                          ; c:/intelfpga_lite/22.1std/quartus/libraries/megafunctions/aglobal221.inc                       ;         ;
; db/lpm_divide_3dm.tdf            ; yes             ; Auto-Generated Megafunction           ; C:/Users/ggabr/OneDrive/Escritorio/Proyecto_Final_TDD/SystemVerilog/db/lpm_divide_3dm.tdf      ;         ;
; db/sign_div_unsign_9nh.tdf       ; yes             ; Auto-Generated Megafunction           ; C:/Users/ggabr/OneDrive/Escritorio/Proyecto_Final_TDD/SystemVerilog/db/sign_div_unsign_9nh.tdf ;         ;
; db/alt_u_div_o2f.tdf             ; yes             ; Auto-Generated Megafunction           ; C:/Users/ggabr/OneDrive/Escritorio/Proyecto_Final_TDD/SystemVerilog/db/alt_u_div_o2f.tdf       ;         ;
; db/lpm_divide_65m.tdf            ; yes             ; Auto-Generated Megafunction           ; C:/Users/ggabr/OneDrive/Escritorio/Proyecto_Final_TDD/SystemVerilog/db/lpm_divide_65m.tdf      ;         ;
+----------------------------------+-----------------+---------------------------------------+------------------------------------------------------------------------------------------------+---------+


+---------------------------------------------------------------------------+
; Analysis & Synthesis Resource Usage Summary                               ;
+---------------------------------------------+-----------------------------+
; Resource                                    ; Usage                       ;
+---------------------------------------------+-----------------------------+
; Estimate of Logic utilization (ALMs needed) ; 6909                        ;
;                                             ;                             ;
; Combinational ALUT usage for logic          ; 7104                        ;
;     -- 7 input functions                    ; 15                          ;
;     -- 6 input functions                    ; 3021                        ;
;     -- 5 input functions                    ; 1354                        ;
;     -- 4 input functions                    ; 1912                        ;
;     -- <=3 input functions                  ; 802                         ;
;                                             ;                             ;
; Dedicated logic registers                   ; 8602                        ;
;                                             ;                             ;
; I/O pins                                    ; 74                          ;
;                                             ;                             ;
; Total DSP Blocks                            ; 0                           ;
;                                             ;                             ;
; Maximum fan-out node                        ; clock_divider:u_div|clk_out ;
; Maximum fan-out                             ; 8503                        ;
; Total fan-out                               ; 68688                       ;
; Average fan-out                             ; 4.33                        ;
+---------------------------------------------+-----------------------------+


+---------------------------------------------------------------------------------------------------------------------------------------------------------------------------------------------------------------------------------------------------------------------------------------------------------------------------------------------------------------------+
; Analysis & Synthesis Resource Utilization by Entity                                                                                                                                                                                                                                                                                                                 ;
+-------------------------------------------------+---------------------+---------------------------+-------------------+------------+------+--------------+-------------------------------------------------------------------------------------------------------------------------------------------------------------------+-----------------------+--------------+
; Compilation Hierarchy Node                      ; Combinational ALUTs ; Dedicated Logic Registers ; Block Memory Bits ; DSP Blocks ; Pins ; Virtual Pins ; Full Hierarchy Name                                                                                                                                               ; Entity Name           ; Library Name ;
+-------------------------------------------------+---------------------+---------------------------+-------------------+------------+------+--------------+-------------------------------------------------------------------------------------------------------------------------------------------------------------------+-----------------------+--------------+
; |top_program                                    ; 7104 (25)           ; 8602 (80)                 ; 0                 ; 0          ; 74   ; 0            ; |top_program                                                                                                                                                      ; top_program           ; work         ;
;    |SPI_io:u_spi|                               ; 8 (8)               ; 10 (10)                   ; 0                 ; 0          ; 0    ; 0            ; |top_program|SPI_io:u_spi                                                                                                                                         ; SPI_io                ; work         ;
;    |clock_divider:u_div|                        ; 24 (24)             ; 25 (25)                   ; 0                 ; 0          ; 0    ; 0            ; |top_program|clock_divider:u_div                                                                                                                                  ; clock_divider         ; work         ;
;    |cpu_armv4:u_cpu|                            ; 6706 (278)          ; 8460 (8)                  ; 0                 ; 0          ; 0    ; 0            ; |top_program|cpu_armv4:u_cpu                                                                                                                                      ; cpu_armv4             ; work         ;
;       |alu_core:u_alu_core|                     ; 3223 (23)           ; 0 (0)                     ; 0                 ; 0          ; 0    ; 0            ; |top_program|cpu_armv4:u_cpu|alu_core:u_alu_core                                                                                                                  ; alu_core              ; work         ;
;          |divider:u_divmod|                     ; 2222 (9)            ; 0 (0)                     ; 0                 ; 0          ; 0    ; 0            ; |top_program|cpu_armv4:u_cpu|alu_core:u_alu_core|divider:u_divmod                                                                                                 ; divider               ; work         ;
;             |lpm_divide:Div0|                   ; 1097 (0)            ; 0 (0)                     ; 0                 ; 0          ; 0    ; 0            ; |top_program|cpu_armv4:u_cpu|alu_core:u_alu_core|divider:u_divmod|lpm_divide:Div0                                                                                 ; lpm_divide            ; work         ;
;                |lpm_divide_3dm:auto_generated|  ; 1097 (0)            ; 0 (0)                     ; 0                 ; 0          ; 0    ; 0            ; |top_program|cpu_armv4:u_cpu|alu_core:u_alu_core|divider:u_divmod|lpm_divide:Div0|lpm_divide_3dm:auto_generated                                                   ; lpm_divide_3dm        ; work         ;
;                   |sign_div_unsign_9nh:divider| ; 1097 (0)            ; 0 (0)                     ; 0                 ; 0          ; 0    ; 0            ; |top_program|cpu_armv4:u_cpu|alu_core:u_alu_core|divider:u_divmod|lpm_divide:Div0|lpm_divide_3dm:auto_generated|sign_div_unsign_9nh:divider                       ; sign_div_unsign_9nh   ; work         ;
;                      |alt_u_div_o2f:divider|    ; 1097 (1097)         ; 0 (0)                     ; 0                 ; 0          ; 0    ; 0            ; |top_program|cpu_armv4:u_cpu|alu_core:u_alu_core|divider:u_divmod|lpm_divide:Div0|lpm_divide_3dm:auto_generated|sign_div_unsign_9nh:divider|alt_u_div_o2f:divider ; alt_u_div_o2f         ; work         ;
;             |lpm_divide:Mod0|                   ; 1116 (0)            ; 0 (0)                     ; 0                 ; 0          ; 0    ; 0            ; |top_program|cpu_armv4:u_cpu|alu_core:u_alu_core|divider:u_divmod|lpm_divide:Mod0                                                                                 ; lpm_divide            ; work         ;
;                |lpm_divide_65m:auto_generated|  ; 1116 (0)            ; 0 (0)                     ; 0                 ; 0          ; 0    ; 0            ; |top_program|cpu_armv4:u_cpu|alu_core:u_alu_core|divider:u_divmod|lpm_divide:Mod0|lpm_divide_65m:auto_generated                                                   ; lpm_divide_65m        ; work         ;
;                   |sign_div_unsign_9nh:divider| ; 1116 (0)            ; 0 (0)                     ; 0                 ; 0          ; 0    ; 0            ; |top_program|cpu_armv4:u_cpu|alu_core:u_alu_core|divider:u_divmod|lpm_divide:Mod0|lpm_divide_65m:auto_generated|sign_div_unsign_9nh:divider                       ; sign_div_unsign_9nh   ; work         ;
;                      |alt_u_div_o2f:divider|    ; 1116 (1116)         ; 0 (0)                     ; 0                 ; 0          ; 0    ; 0            ; |top_program|cpu_armv4:u_cpu|alu_core:u_alu_core|divider:u_divmod|lpm_divide:Mod0|lpm_divide_65m:auto_generated|sign_div_unsign_9nh:divider|alt_u_div_o2f:divider ; alt_u_div_o2f         ; work         ;
;          |multiplicador_sumas:u_mul|            ; 919 (31)            ; 0 (0)                     ; 0                 ; 0          ; 0    ; 0            ; |top_program|cpu_armv4:u_cpu|alu_core:u_alu_core|multiplicador_sumas:u_mul                                                                                        ; multiplicador_sumas   ; work         ;
;             |sumador:GEN_MUL[10].u_add_i|       ; 39 (39)             ; 0 (0)                     ; 0                 ; 0          ; 0    ; 0            ; |top_program|cpu_armv4:u_cpu|alu_core:u_alu_core|multiplicador_sumas:u_mul|sumador:GEN_MUL[10].u_add_i                                                            ; sumador               ; work         ;
;             |sumador:GEN_MUL[11].u_add_i|       ; 38 (38)             ; 0 (0)                     ; 0                 ; 0          ; 0    ; 0            ; |top_program|cpu_armv4:u_cpu|alu_core:u_alu_core|multiplicador_sumas:u_mul|sumador:GEN_MUL[11].u_add_i                                                            ; sumador               ; work         ;
;             |sumador:GEN_MUL[12].u_add_i|       ; 35 (35)             ; 0 (0)                     ; 0                 ; 0          ; 0    ; 0            ; |top_program|cpu_armv4:u_cpu|alu_core:u_alu_core|multiplicador_sumas:u_mul|sumador:GEN_MUL[12].u_add_i                                                            ; sumador               ; work         ;
;             |sumador:GEN_MUL[13].u_add_i|       ; 34 (34)             ; 0 (0)                     ; 0                 ; 0          ; 0    ; 0            ; |top_program|cpu_armv4:u_cpu|alu_core:u_alu_core|multiplicador_sumas:u_mul|sumador:GEN_MUL[13].u_add_i                                                            ; sumador               ; work         ;
;             |sumador:GEN_MUL[14].u_add_i|       ; 31 (31)             ; 0 (0)                     ; 0                 ; 0          ; 0    ; 0            ; |top_program|cpu_armv4:u_cpu|alu_core:u_alu_core|multiplicador_sumas:u_mul|sumador:GEN_MUL[14].u_add_i                                                            ; sumador               ; work         ;
;             |sumador:GEN_MUL[15].u_add_i|       ; 30 (30)             ; 0 (0)                     ; 0                 ; 0          ; 0    ; 0            ; |top_program|cpu_armv4:u_cpu|alu_core:u_alu_core|multiplicador_sumas:u_mul|sumador:GEN_MUL[15].u_add_i                                                            ; sumador               ; work         ;
;             |sumador:GEN_MUL[16].u_add_i|       ; 27 (27)             ; 0 (0)                     ; 0                 ; 0          ; 0    ; 0            ; |top_program|cpu_armv4:u_cpu|alu_core:u_alu_core|multiplicador_sumas:u_mul|sumador:GEN_MUL[16].u_add_i                                                            ; sumador               ; work         ;
;             |sumador:GEN_MUL[17].u_add_i|       ; 26 (26)             ; 0 (0)                     ; 0                 ; 0          ; 0    ; 0            ; |top_program|cpu_armv4:u_cpu|alu_core:u_alu_core|multiplicador_sumas:u_mul|sumador:GEN_MUL[17].u_add_i                                                            ; sumador               ; work         ;
;             |sumador:GEN_MUL[18].u_add_i|       ; 23 (23)             ; 0 (0)                     ; 0                 ; 0          ; 0    ; 0            ; |top_program|cpu_armv4:u_cpu|alu_core:u_alu_core|multiplicador_sumas:u_mul|sumador:GEN_MUL[18].u_add_i                                                            ; sumador               ; work         ;
;             |sumador:GEN_MUL[19].u_add_i|       ; 22 (22)             ; 0 (0)                     ; 0                 ; 0          ; 0    ; 0            ; |top_program|cpu_armv4:u_cpu|alu_core:u_alu_core|multiplicador_sumas:u_mul|sumador:GEN_MUL[19].u_add_i                                                            ; sumador               ; work         ;
;             |sumador:GEN_MUL[1].u_add_i|        ; 58 (58)             ; 0 (0)                     ; 0                 ; 0          ; 0    ; 0            ; |top_program|cpu_armv4:u_cpu|alu_core:u_alu_core|multiplicador_sumas:u_mul|sumador:GEN_MUL[1].u_add_i                                                             ; sumador               ; work         ;
;             |sumador:GEN_MUL[20].u_add_i|       ; 19 (19)             ; 0 (0)                     ; 0                 ; 0          ; 0    ; 0            ; |top_program|cpu_armv4:u_cpu|alu_core:u_alu_core|multiplicador_sumas:u_mul|sumador:GEN_MUL[20].u_add_i                                                            ; sumador               ; work         ;
;             |sumador:GEN_MUL[21].u_add_i|       ; 18 (18)             ; 0 (0)                     ; 0                 ; 0          ; 0    ; 0            ; |top_program|cpu_armv4:u_cpu|alu_core:u_alu_core|multiplicador_sumas:u_mul|sumador:GEN_MUL[21].u_add_i                                                            ; sumador               ; work         ;
;             |sumador:GEN_MUL[22].u_add_i|       ; 15 (15)             ; 0 (0)                     ; 0                 ; 0          ; 0    ; 0            ; |top_program|cpu_armv4:u_cpu|alu_core:u_alu_core|multiplicador_sumas:u_mul|sumador:GEN_MUL[22].u_add_i                                                            ; sumador               ; work         ;
;             |sumador:GEN_MUL[23].u_add_i|       ; 14 (14)             ; 0 (0)                     ; 0                 ; 0          ; 0    ; 0            ; |top_program|cpu_armv4:u_cpu|alu_core:u_alu_core|multiplicador_sumas:u_mul|sumador:GEN_MUL[23].u_add_i                                                            ; sumador               ; work         ;
;             |sumador:GEN_MUL[24].u_add_i|       ; 11 (11)             ; 0 (0)                     ; 0                 ; 0          ; 0    ; 0            ; |top_program|cpu_armv4:u_cpu|alu_core:u_alu_core|multiplicador_sumas:u_mul|sumador:GEN_MUL[24].u_add_i                                                            ; sumador               ; work         ;
;             |sumador:GEN_MUL[25].u_add_i|       ; 10 (10)             ; 0 (0)                     ; 0                 ; 0          ; 0    ; 0            ; |top_program|cpu_armv4:u_cpu|alu_core:u_alu_core|multiplicador_sumas:u_mul|sumador:GEN_MUL[25].u_add_i                                                            ; sumador               ; work         ;
;             |sumador:GEN_MUL[26].u_add_i|       ; 7 (7)               ; 0 (0)                     ; 0                 ; 0          ; 0    ; 0            ; |top_program|cpu_armv4:u_cpu|alu_core:u_alu_core|multiplicador_sumas:u_mul|sumador:GEN_MUL[26].u_add_i                                                            ; sumador               ; work         ;
;             |sumador:GEN_MUL[27].u_add_i|       ; 6 (6)               ; 0 (0)                     ; 0                 ; 0          ; 0    ; 0            ; |top_program|cpu_armv4:u_cpu|alu_core:u_alu_core|multiplicador_sumas:u_mul|sumador:GEN_MUL[27].u_add_i                                                            ; sumador               ; work         ;
;             |sumador:GEN_MUL[28].u_add_i|       ; 4 (4)               ; 0 (0)                     ; 0                 ; 0          ; 0    ; 0            ; |top_program|cpu_armv4:u_cpu|alu_core:u_alu_core|multiplicador_sumas:u_mul|sumador:GEN_MUL[28].u_add_i                                                            ; sumador               ; work         ;
;             |sumador:GEN_MUL[29].u_add_i|       ; 1 (1)               ; 0 (0)                     ; 0                 ; 0          ; 0    ; 0            ; |top_program|cpu_armv4:u_cpu|alu_core:u_alu_core|multiplicador_sumas:u_mul|sumador:GEN_MUL[29].u_add_i                                                            ; sumador               ; work         ;
;             |sumador:GEN_MUL[2].u_add_i|        ; 55 (55)             ; 0 (0)                     ; 0                 ; 0          ; 0    ; 0            ; |top_program|cpu_armv4:u_cpu|alu_core:u_alu_core|multiplicador_sumas:u_mul|sumador:GEN_MUL[2].u_add_i                                                             ; sumador               ; work         ;
;             |sumador:GEN_MUL[31].u_add_i|       ; 32 (32)             ; 0 (0)                     ; 0                 ; 0          ; 0    ; 0            ; |top_program|cpu_armv4:u_cpu|alu_core:u_alu_core|multiplicador_sumas:u_mul|sumador:GEN_MUL[31].u_add_i                                                            ; sumador               ; work         ;
;             |sumador:GEN_MUL[3].u_add_i|        ; 54 (54)             ; 0 (0)                     ; 0                 ; 0          ; 0    ; 0            ; |top_program|cpu_armv4:u_cpu|alu_core:u_alu_core|multiplicador_sumas:u_mul|sumador:GEN_MUL[3].u_add_i                                                             ; sumador               ; work         ;
;             |sumador:GEN_MUL[4].u_add_i|        ; 51 (51)             ; 0 (0)                     ; 0                 ; 0          ; 0    ; 0            ; |top_program|cpu_armv4:u_cpu|alu_core:u_alu_core|multiplicador_sumas:u_mul|sumador:GEN_MUL[4].u_add_i                                                             ; sumador               ; work         ;
;             |sumador:GEN_MUL[5].u_add_i|        ; 50 (50)             ; 0 (0)                     ; 0                 ; 0          ; 0    ; 0            ; |top_program|cpu_armv4:u_cpu|alu_core:u_alu_core|multiplicador_sumas:u_mul|sumador:GEN_MUL[5].u_add_i                                                             ; sumador               ; work         ;
;             |sumador:GEN_MUL[6].u_add_i|        ; 47 (47)             ; 0 (0)                     ; 0                 ; 0          ; 0    ; 0            ; |top_program|cpu_armv4:u_cpu|alu_core:u_alu_core|multiplicador_sumas:u_mul|sumador:GEN_MUL[6].u_add_i                                                             ; sumador               ; work         ;
;             |sumador:GEN_MUL[7].u_add_i|        ; 46 (46)             ; 0 (0)                     ; 0                 ; 0          ; 0    ; 0            ; |top_program|cpu_armv4:u_cpu|alu_core:u_alu_core|multiplicador_sumas:u_mul|sumador:GEN_MUL[7].u_add_i                                                             ; sumador               ; work         ;
;             |sumador:GEN_MUL[8].u_add_i|        ; 43 (43)             ; 0 (0)                     ; 0                 ; 0          ; 0    ; 0            ; |top_program|cpu_armv4:u_cpu|alu_core:u_alu_core|multiplicador_sumas:u_mul|sumador:GEN_MUL[8].u_add_i                                                             ; sumador               ; work         ;
;             |sumador:GEN_MUL[9].u_add_i|        ; 42 (42)             ; 0 (0)                     ; 0                 ; 0          ; 0    ; 0            ; |top_program|cpu_armv4:u_cpu|alu_core:u_alu_core|multiplicador_sumas:u_mul|sumador:GEN_MUL[9].u_add_i                                                             ; sumador               ; work         ;
;          |restador:u_sub|                       ; 30 (30)             ; 0 (0)                     ; 0                 ; 0          ; 0    ; 0            ; |top_program|cpu_armv4:u_cpu|alu_core:u_alu_core|restador:u_sub                                                                                                   ; restador              ; work         ;
;          |sumador:u_add|                        ; 29 (29)             ; 0 (0)                     ; 0                 ; 0          ; 0    ; 0            ; |top_program|cpu_armv4:u_cpu|alu_core:u_alu_core|sumador:u_add                                                                                                    ; sumador               ; work         ;
;       |control_unit:u_ctrl|                     ; 21 (21)             ; 4 (4)                     ; 0                 ; 0          ; 0    ; 0            ; |top_program|cpu_armv4:u_cpu|control_unit:u_ctrl                                                                                                                  ; control_unit          ; work         ;
;       |ram_data:u_ram|                          ; 3043 (3043)         ; 8192 (8192)               ; 0                 ; 0          ; 0    ; 0            ; |top_program|cpu_armv4:u_cpu|ram_data:u_ram                                                                                                                       ; ram_data              ; work         ;
;       |regfile:u_regfile|                       ; 126 (126)           ; 256 (256)                 ; 0                 ; 0          ; 0    ; 0            ; |top_program|cpu_armv4:u_cpu|regfile:u_regfile                                                                                                                    ; regfile               ; work         ;
;       |rom_program:u_rom|                       ; 15 (15)             ; 0 (0)                     ; 0                 ; 0          ; 0    ; 0            ; |top_program|cpu_armv4:u_cpu|rom_program:u_rom                                                                                                                    ; rom_program           ; work         ;
;    |seven_segment_display:u_hex_ALU|            ; 7 (7)               ; 0 (0)                     ; 0                 ; 0          ; 0    ; 0            ; |top_program|seven_segment_display:u_hex_ALU                                                                                                                      ; seven_segment_display ; work         ;
;    |seven_segment_display:u_hex_A|              ; 7 (7)               ; 0 (0)                     ; 0                 ; 0          ; 0    ; 0            ; |top_program|seven_segment_display:u_hex_A                                                                                                                        ; seven_segment_display ; work         ;
;    |seven_segment_display:u_hex_B|              ; 7 (7)               ; 0 (0)                     ; 0                 ; 0          ; 0    ; 0            ; |top_program|seven_segment_display:u_hex_B                                                                                                                        ; seven_segment_display ; work         ;
;    |seven_segment_display:u_hex_RES|            ; 7 (7)               ; 0 (0)                     ; 0                 ; 0          ; 0    ; 0            ; |top_program|seven_segment_display:u_hex_RES                                                                                                                      ; seven_segment_display ; work         ;
;    |vga_calc_ui:u_vga_calc_ui|                  ; 275 (275)           ; 0 (0)                     ; 0                 ; 0          ; 0    ; 0            ; |top_program|vga_calc_ui:u_vga_calc_ui                                                                                                                            ; vga_calc_ui           ; work         ;
;    |vga_controller:u_vga|                       ; 38 (0)              ; 27 (0)                    ; 0                 ; 0          ; 0    ; 0            ; |top_program|vga_controller:u_vga                                                                                                                                 ; vga_controller        ; work         ;
;       |vga_timing:u_timing|                     ; 38 (38)             ; 27 (27)                   ; 0                 ; 0          ; 0    ; 0            ; |top_program|vga_controller:u_vga|vga_timing:u_timing                                                                                                             ; vga_timing            ; work         ;
+-------------------------------------------------+---------------------+---------------------------+-------------------+------------+------+--------------+-------------------------------------------------------------------------------------------------------------------------------------------------------------------+-----------------------+--------------+
Note: For table entries with two numbers listed, the numbers in parentheses indicate the number of resources of the given type used by the specific entity alone. The numbers listed outside of parentheses indicate the total resources of the given type used by the specific entity and all of its sub-entities in the hierarchy.


Encoding Type:  One-Hot
+-------------------------------------------------------------------------------------+
; State Machine - |top_program|load_state                                             ;
+----------------------+----------------------+-------------------+-------------------+
; Name                 ; load_state.LOAD_IDLE ; load_state.LOAD_B ; load_state.LOAD_A ;
+----------------------+----------------------+-------------------+-------------------+
; load_state.LOAD_IDLE ; 0                    ; 0                 ; 0                 ;
; load_state.LOAD_A    ; 1                    ; 0                 ; 1                 ;
; load_state.LOAD_B    ; 1                    ; 1                 ; 0                 ;
+----------------------+----------------------+-------------------+-------------------+


Encoding Type:  One-Hot
+-----------------------------------------+
; State Machine - |top_program|in_state   ;
+--------------------+--------------------+
; Name               ; in_state.IN_WAIT_B ;
+--------------------+--------------------+
; in_state.IN_WAIT_A ; 0                  ;
; in_state.IN_WAIT_B ; 1                  ;
+--------------------+--------------------+


Encoding Type:  One-Hot
+--------------------------------------------------------------------------------+
; State Machine - |top_program|cpu_armv4:u_cpu|control_unit:u_ctrl|state         ;
+-----------------+-----------------+---------------+--------------+-------------+
; Name            ; state.WRITEBACK ; state.EXECUTE ; state.DECODE ; state.FETCH ;
+-----------------+-----------------+---------------+--------------+-------------+
; state.FETCH     ; 0               ; 0             ; 0            ; 0           ;
; state.DECODE    ; 0               ; 0             ; 1            ; 1           ;
; state.EXECUTE   ; 0               ; 1             ; 0            ; 1           ;
; state.WRITEBACK ; 1               ; 0             ; 0            ; 1           ;
+-----------------+-----------------+---------------+--------------+-------------+


+---------------------------------------------------------------------------------------------------+
; Registers Removed During Synthesis                                                                ;
+-----------------------------------------------------+---------------------------------------------+
; Register name                                       ; Reason for Removal                          ;
+-----------------------------------------------------+---------------------------------------------+
; cpu_armv4:u_cpu|regfile:u_regfile|registers[9][3]   ; Stuck at GND due to stuck port clock_enable ;
; cpu_armv4:u_cpu|regfile:u_regfile|registers[15][3]  ; Stuck at GND due to stuck port clock_enable ;
; cpu_armv4:u_cpu|regfile:u_regfile|registers[8][3]   ; Stuck at GND due to stuck port clock_enable ;
; cpu_armv4:u_cpu|regfile:u_regfile|registers[10][3]  ; Stuck at GND due to stuck port clock_enable ;
; cpu_armv4:u_cpu|regfile:u_regfile|registers[11][3]  ; Stuck at GND due to stuck port clock_enable ;
; cpu_armv4:u_cpu|regfile:u_regfile|registers[12][3]  ; Stuck at GND due to stuck port clock_enable ;
; cpu_armv4:u_cpu|regfile:u_regfile|registers[13][3]  ; Stuck at GND due to stuck port clock_enable ;
; cpu_armv4:u_cpu|regfile:u_regfile|registers[14][3]  ; Stuck at GND due to stuck port clock_enable ;
; cpu_armv4:u_cpu|regfile:u_regfile|registers[8][2]   ; Stuck at GND due to stuck port clock_enable ;
; cpu_armv4:u_cpu|regfile:u_regfile|registers[9][2]   ; Stuck at GND due to stuck port clock_enable ;
; cpu_armv4:u_cpu|regfile:u_regfile|registers[10][2]  ; Stuck at GND due to stuck port clock_enable ;
; cpu_armv4:u_cpu|regfile:u_regfile|registers[11][2]  ; Stuck at GND due to stuck port clock_enable ;
; cpu_armv4:u_cpu|regfile:u_regfile|registers[12][2]  ; Stuck at GND due to stuck port clock_enable ;
; cpu_armv4:u_cpu|regfile:u_regfile|registers[13][2]  ; Stuck at GND due to stuck port clock_enable ;
; cpu_armv4:u_cpu|regfile:u_regfile|registers[14][2]  ; Stuck at GND due to stuck port clock_enable ;
; cpu_armv4:u_cpu|regfile:u_regfile|registers[15][2]  ; Stuck at GND due to stuck port clock_enable ;
; cpu_armv4:u_cpu|regfile:u_regfile|registers[8][1]   ; Stuck at GND due to stuck port clock_enable ;
; cpu_armv4:u_cpu|regfile:u_regfile|registers[9][1]   ; Stuck at GND due to stuck port clock_enable ;
; cpu_armv4:u_cpu|regfile:u_regfile|registers[10][1]  ; Stuck at GND due to stuck port clock_enable ;
; cpu_armv4:u_cpu|regfile:u_regfile|registers[11][1]  ; Stuck at GND due to stuck port clock_enable ;
; cpu_armv4:u_cpu|regfile:u_regfile|registers[12][1]  ; Stuck at GND due to stuck port clock_enable ;
; cpu_armv4:u_cpu|regfile:u_regfile|registers[13][1]  ; Stuck at GND due to stuck port clock_enable ;
; cpu_armv4:u_cpu|regfile:u_regfile|registers[14][1]  ; Stuck at GND due to stuck port clock_enable ;
; cpu_armv4:u_cpu|regfile:u_regfile|registers[15][1]  ; Stuck at GND due to stuck port clock_enable ;
; cpu_armv4:u_cpu|regfile:u_regfile|registers[9][0]   ; Stuck at GND due to stuck port clock_enable ;
; cpu_armv4:u_cpu|regfile:u_regfile|registers[15][0]  ; Stuck at GND due to stuck port clock_enable ;
; cpu_armv4:u_cpu|regfile:u_regfile|registers[8][0]   ; Stuck at GND due to stuck port clock_enable ;
; cpu_armv4:u_cpu|regfile:u_regfile|registers[10][0]  ; Stuck at GND due to stuck port clock_enable ;
; cpu_armv4:u_cpu|regfile:u_regfile|registers[11][0]  ; Stuck at GND due to stuck port clock_enable ;
; cpu_armv4:u_cpu|regfile:u_regfile|registers[12][0]  ; Stuck at GND due to stuck port clock_enable ;
; cpu_armv4:u_cpu|regfile:u_regfile|registers[13][0]  ; Stuck at GND due to stuck port clock_enable ;
; cpu_armv4:u_cpu|regfile:u_regfile|registers[14][0]  ; Stuck at GND due to stuck port clock_enable ;
; cpu_armv4:u_cpu|regfile:u_regfile|registers[9][31]  ; Stuck at GND due to stuck port clock_enable ;
; cpu_armv4:u_cpu|regfile:u_regfile|registers[15][31] ; Stuck at GND due to stuck port clock_enable ;
; cpu_armv4:u_cpu|regfile:u_regfile|registers[9][30]  ; Stuck at GND due to stuck port clock_enable ;
; cpu_armv4:u_cpu|regfile:u_regfile|registers[15][30] ; Stuck at GND due to stuck port clock_enable ;
; cpu_armv4:u_cpu|regfile:u_regfile|registers[9][29]  ; Stuck at GND due to stuck port clock_enable ;
; cpu_armv4:u_cpu|regfile:u_regfile|registers[15][29] ; Stuck at GND due to stuck port clock_enable ;
; cpu_armv4:u_cpu|regfile:u_regfile|registers[9][28]  ; Stuck at GND due to stuck port clock_enable ;
; cpu_armv4:u_cpu|regfile:u_regfile|registers[15][28] ; Stuck at GND due to stuck port clock_enable ;
; cpu_armv4:u_cpu|regfile:u_regfile|registers[9][27]  ; Stuck at GND due to stuck port clock_enable ;
; cpu_armv4:u_cpu|regfile:u_regfile|registers[15][27] ; Stuck at GND due to stuck port clock_enable ;
; cpu_armv4:u_cpu|regfile:u_regfile|registers[9][26]  ; Stuck at GND due to stuck port clock_enable ;
; cpu_armv4:u_cpu|regfile:u_regfile|registers[15][26] ; Stuck at GND due to stuck port clock_enable ;
; cpu_armv4:u_cpu|regfile:u_regfile|registers[9][25]  ; Stuck at GND due to stuck port clock_enable ;
; cpu_armv4:u_cpu|regfile:u_regfile|registers[15][25] ; Stuck at GND due to stuck port clock_enable ;
; cpu_armv4:u_cpu|regfile:u_regfile|registers[9][24]  ; Stuck at GND due to stuck port clock_enable ;
; cpu_armv4:u_cpu|regfile:u_regfile|registers[15][24] ; Stuck at GND due to stuck port clock_enable ;
; cpu_armv4:u_cpu|regfile:u_regfile|registers[9][23]  ; Stuck at GND due to stuck port clock_enable ;
; cpu_armv4:u_cpu|regfile:u_regfile|registers[15][23] ; Stuck at GND due to stuck port clock_enable ;
; cpu_armv4:u_cpu|regfile:u_regfile|registers[9][22]  ; Stuck at GND due to stuck port clock_enable ;
; cpu_armv4:u_cpu|regfile:u_regfile|registers[15][22] ; Stuck at GND due to stuck port clock_enable ;
; cpu_armv4:u_cpu|regfile:u_regfile|registers[9][21]  ; Stuck at GND due to stuck port clock_enable ;
; cpu_armv4:u_cpu|regfile:u_regfile|registers[15][21] ; Stuck at GND due to stuck port clock_enable ;
; cpu_armv4:u_cpu|regfile:u_regfile|registers[9][20]  ; Stuck at GND due to stuck port clock_enable ;
; cpu_armv4:u_cpu|regfile:u_regfile|registers[15][20] ; Stuck at GND due to stuck port clock_enable ;
; cpu_armv4:u_cpu|regfile:u_regfile|registers[9][19]  ; Stuck at GND due to stuck port clock_enable ;
; cpu_armv4:u_cpu|regfile:u_regfile|registers[15][19] ; Stuck at GND due to stuck port clock_enable ;
; cpu_armv4:u_cpu|regfile:u_regfile|registers[9][18]  ; Stuck at GND due to stuck port clock_enable ;
; cpu_armv4:u_cpu|regfile:u_regfile|registers[15][18] ; Stuck at GND due to stuck port clock_enable ;
; cpu_armv4:u_cpu|regfile:u_regfile|registers[9][17]  ; Stuck at GND due to stuck port clock_enable ;
; cpu_armv4:u_cpu|regfile:u_regfile|registers[15][17] ; Stuck at GND due to stuck port clock_enable ;
; cpu_armv4:u_cpu|regfile:u_regfile|registers[9][16]  ; Stuck at GND due to stuck port clock_enable ;
; cpu_armv4:u_cpu|regfile:u_regfile|registers[15][16] ; Stuck at GND due to stuck port clock_enable ;
; cpu_armv4:u_cpu|regfile:u_regfile|registers[9][15]  ; Stuck at GND due to stuck port clock_enable ;
; cpu_armv4:u_cpu|regfile:u_regfile|registers[15][15] ; Stuck at GND due to stuck port clock_enable ;
; cpu_armv4:u_cpu|regfile:u_regfile|registers[9][14]  ; Stuck at GND due to stuck port clock_enable ;
; cpu_armv4:u_cpu|regfile:u_regfile|registers[15][14] ; Stuck at GND due to stuck port clock_enable ;
; cpu_armv4:u_cpu|regfile:u_regfile|registers[9][13]  ; Stuck at GND due to stuck port clock_enable ;
; cpu_armv4:u_cpu|regfile:u_regfile|registers[15][13] ; Stuck at GND due to stuck port clock_enable ;
; cpu_armv4:u_cpu|regfile:u_regfile|registers[9][12]  ; Stuck at GND due to stuck port clock_enable ;
; cpu_armv4:u_cpu|regfile:u_regfile|registers[15][12] ; Stuck at GND due to stuck port clock_enable ;
; cpu_armv4:u_cpu|regfile:u_regfile|registers[9][11]  ; Stuck at GND due to stuck port clock_enable ;
; cpu_armv4:u_cpu|regfile:u_regfile|registers[15][11] ; Stuck at GND due to stuck port clock_enable ;
; cpu_armv4:u_cpu|regfile:u_regfile|registers[9][10]  ; Stuck at GND due to stuck port clock_enable ;
; cpu_armv4:u_cpu|regfile:u_regfile|registers[15][10] ; Stuck at GND due to stuck port clock_enable ;
; cpu_armv4:u_cpu|regfile:u_regfile|registers[9][9]   ; Stuck at GND due to stuck port clock_enable ;
; cpu_armv4:u_cpu|regfile:u_regfile|registers[15][9]  ; Stuck at GND due to stuck port clock_enable ;
; cpu_armv4:u_cpu|regfile:u_regfile|registers[9][8]   ; Stuck at GND due to stuck port clock_enable ;
; cpu_armv4:u_cpu|regfile:u_regfile|registers[15][8]  ; Stuck at GND due to stuck port clock_enable ;
; cpu_armv4:u_cpu|regfile:u_regfile|registers[9][7]   ; Stuck at GND due to stuck port clock_enable ;
; cpu_armv4:u_cpu|regfile:u_regfile|registers[15][7]  ; Stuck at GND due to stuck port clock_enable ;
; cpu_armv4:u_cpu|regfile:u_regfile|registers[9][6]   ; Stuck at GND due to stuck port clock_enable ;
; cpu_armv4:u_cpu|regfile:u_regfile|registers[15][6]  ; Stuck at GND due to stuck port clock_enable ;
; cpu_armv4:u_cpu|regfile:u_regfile|registers[9][5]   ; Stuck at GND due to stuck port clock_enable ;
; cpu_armv4:u_cpu|regfile:u_regfile|registers[15][5]  ; Stuck at GND due to stuck port clock_enable ;
; cpu_armv4:u_cpu|regfile:u_regfile|registers[9][4]   ; Stuck at GND due to stuck port clock_enable ;
; cpu_armv4:u_cpu|regfile:u_regfile|registers[15][4]  ; Stuck at GND due to stuck port clock_enable ;
; cpu_armv4:u_cpu|regfile:u_regfile|registers[8][31]  ; Stuck at GND due to stuck port clock_enable ;
; cpu_armv4:u_cpu|regfile:u_regfile|registers[10][31] ; Stuck at GND due to stuck port clock_enable ;
; cpu_armv4:u_cpu|regfile:u_regfile|registers[11][31] ; Stuck at GND due to stuck port clock_enable ;
; cpu_armv4:u_cpu|regfile:u_regfile|registers[12][31] ; Stuck at GND due to stuck port clock_enable ;
; cpu_armv4:u_cpu|regfile:u_regfile|registers[13][31] ; Stuck at GND due to stuck port clock_enable ;
; cpu_armv4:u_cpu|regfile:u_regfile|registers[14][31] ; Stuck at GND due to stuck port clock_enable ;
; cpu_armv4:u_cpu|regfile:u_regfile|registers[8][30]  ; Stuck at GND due to stuck port clock_enable ;
; cpu_armv4:u_cpu|regfile:u_regfile|registers[10][30] ; Stuck at GND due to stuck port clock_enable ;
; cpu_armv4:u_cpu|regfile:u_regfile|registers[11][30] ; Stuck at GND due to stuck port clock_enable ;
; cpu_armv4:u_cpu|regfile:u_regfile|registers[12][30] ; Stuck at GND due to stuck port clock_enable ;
; cpu_armv4:u_cpu|regfile:u_regfile|registers[13][30] ; Stuck at GND due to stuck port clock_enable ;
; cpu_armv4:u_cpu|regfile:u_regfile|registers[14][30] ; Stuck at GND due to stuck port clock_enable ;
; cpu_armv4:u_cpu|regfile:u_regfile|registers[8][29]  ; Stuck at GND due to stuck port clock_enable ;
; cpu_armv4:u_cpu|regfile:u_regfile|registers[10][29] ; Stuck at GND due to stuck port clock_enable ;
; cpu_armv4:u_cpu|regfile:u_regfile|registers[11][29] ; Stuck at GND due to stuck port clock_enable ;
; cpu_armv4:u_cpu|regfile:u_regfile|registers[12][29] ; Stuck at GND due to stuck port clock_enable ;
; cpu_armv4:u_cpu|regfile:u_regfile|registers[13][29] ; Stuck at GND due to stuck port clock_enable ;
; cpu_armv4:u_cpu|regfile:u_regfile|registers[14][29] ; Stuck at GND due to stuck port clock_enable ;
; cpu_armv4:u_cpu|regfile:u_regfile|registers[8][28]  ; Stuck at GND due to stuck port clock_enable ;
; cpu_armv4:u_cpu|regfile:u_regfile|registers[10][28] ; Stuck at GND due to stuck port clock_enable ;
; cpu_armv4:u_cpu|regfile:u_regfile|registers[11][28] ; Stuck at GND due to stuck port clock_enable ;
; cpu_armv4:u_cpu|regfile:u_regfile|registers[12][28] ; Stuck at GND due to stuck port clock_enable ;
; cpu_armv4:u_cpu|regfile:u_regfile|registers[13][28] ; Stuck at GND due to stuck port clock_enable ;
; cpu_armv4:u_cpu|regfile:u_regfile|registers[14][28] ; Stuck at GND due to stuck port clock_enable ;
; cpu_armv4:u_cpu|regfile:u_regfile|registers[8][27]  ; Stuck at GND due to stuck port clock_enable ;
; cpu_armv4:u_cpu|regfile:u_regfile|registers[10][27] ; Stuck at GND due to stuck port clock_enable ;
; cpu_armv4:u_cpu|regfile:u_regfile|registers[11][27] ; Stuck at GND due to stuck port clock_enable ;
; cpu_armv4:u_cpu|regfile:u_regfile|registers[12][27] ; Stuck at GND due to stuck port clock_enable ;
; cpu_armv4:u_cpu|regfile:u_regfile|registers[13][27] ; Stuck at GND due to stuck port clock_enable ;
; cpu_armv4:u_cpu|regfile:u_regfile|registers[14][27] ; Stuck at GND due to stuck port clock_enable ;
; cpu_armv4:u_cpu|regfile:u_regfile|registers[8][26]  ; Stuck at GND due to stuck port clock_enable ;
; cpu_armv4:u_cpu|regfile:u_regfile|registers[10][26] ; Stuck at GND due to stuck port clock_enable ;
; cpu_armv4:u_cpu|regfile:u_regfile|registers[11][26] ; Stuck at GND due to stuck port clock_enable ;
; cpu_armv4:u_cpu|regfile:u_regfile|registers[12][26] ; Stuck at GND due to stuck port clock_enable ;
; cpu_armv4:u_cpu|regfile:u_regfile|registers[13][26] ; Stuck at GND due to stuck port clock_enable ;
; cpu_armv4:u_cpu|regfile:u_regfile|registers[14][26] ; Stuck at GND due to stuck port clock_enable ;
; cpu_armv4:u_cpu|regfile:u_regfile|registers[8][25]  ; Stuck at GND due to stuck port clock_enable ;
; cpu_armv4:u_cpu|regfile:u_regfile|registers[10][25] ; Stuck at GND due to stuck port clock_enable ;
; cpu_armv4:u_cpu|regfile:u_regfile|registers[11][25] ; Stuck at GND due to stuck port clock_enable ;
; cpu_armv4:u_cpu|regfile:u_regfile|registers[12][25] ; Stuck at GND due to stuck port clock_enable ;
; cpu_armv4:u_cpu|regfile:u_regfile|registers[13][25] ; Stuck at GND due to stuck port clock_enable ;
; cpu_armv4:u_cpu|regfile:u_regfile|registers[14][25] ; Stuck at GND due to stuck port clock_enable ;
; cpu_armv4:u_cpu|regfile:u_regfile|registers[8][24]  ; Stuck at GND due to stuck port clock_enable ;
; cpu_armv4:u_cpu|regfile:u_regfile|registers[10][24] ; Stuck at GND due to stuck port clock_enable ;
; cpu_armv4:u_cpu|regfile:u_regfile|registers[11][24] ; Stuck at GND due to stuck port clock_enable ;
; cpu_armv4:u_cpu|regfile:u_regfile|registers[12][24] ; Stuck at GND due to stuck port clock_enable ;
; cpu_armv4:u_cpu|regfile:u_regfile|registers[13][24] ; Stuck at GND due to stuck port clock_enable ;
; cpu_armv4:u_cpu|regfile:u_regfile|registers[14][24] ; Stuck at GND due to stuck port clock_enable ;
; cpu_armv4:u_cpu|regfile:u_regfile|registers[8][23]  ; Stuck at GND due to stuck port clock_enable ;
; cpu_armv4:u_cpu|regfile:u_regfile|registers[10][23] ; Stuck at GND due to stuck port clock_enable ;
; cpu_armv4:u_cpu|regfile:u_regfile|registers[11][23] ; Stuck at GND due to stuck port clock_enable ;
; cpu_armv4:u_cpu|regfile:u_regfile|registers[12][23] ; Stuck at GND due to stuck port clock_enable ;
; cpu_armv4:u_cpu|regfile:u_regfile|registers[13][23] ; Stuck at GND due to stuck port clock_enable ;
; cpu_armv4:u_cpu|regfile:u_regfile|registers[14][23] ; Stuck at GND due to stuck port clock_enable ;
; cpu_armv4:u_cpu|regfile:u_regfile|registers[8][22]  ; Stuck at GND due to stuck port clock_enable ;
; cpu_armv4:u_cpu|regfile:u_regfile|registers[10][22] ; Stuck at GND due to stuck port clock_enable ;
; cpu_armv4:u_cpu|regfile:u_regfile|registers[11][22] ; Stuck at GND due to stuck port clock_enable ;
; cpu_armv4:u_cpu|regfile:u_regfile|registers[12][22] ; Stuck at GND due to stuck port clock_enable ;
; cpu_armv4:u_cpu|regfile:u_regfile|registers[13][22] ; Stuck at GND due to stuck port clock_enable ;
; cpu_armv4:u_cpu|regfile:u_regfile|registers[14][22] ; Stuck at GND due to stuck port clock_enable ;
; cpu_armv4:u_cpu|regfile:u_regfile|registers[8][21]  ; Stuck at GND due to stuck port clock_enable ;
; cpu_armv4:u_cpu|regfile:u_regfile|registers[10][21] ; Stuck at GND due to stuck port clock_enable ;
; cpu_armv4:u_cpu|regfile:u_regfile|registers[11][21] ; Stuck at GND due to stuck port clock_enable ;
; cpu_armv4:u_cpu|regfile:u_regfile|registers[12][21] ; Stuck at GND due to stuck port clock_enable ;
; cpu_armv4:u_cpu|regfile:u_regfile|registers[13][21] ; Stuck at GND due to stuck port clock_enable ;
; cpu_armv4:u_cpu|regfile:u_regfile|registers[14][21] ; Stuck at GND due to stuck port clock_enable ;
; cpu_armv4:u_cpu|regfile:u_regfile|registers[8][20]  ; Stuck at GND due to stuck port clock_enable ;
; cpu_armv4:u_cpu|regfile:u_regfile|registers[10][20] ; Stuck at GND due to stuck port clock_enable ;
; cpu_armv4:u_cpu|regfile:u_regfile|registers[11][20] ; Stuck at GND due to stuck port clock_enable ;
; cpu_armv4:u_cpu|regfile:u_regfile|registers[12][20] ; Stuck at GND due to stuck port clock_enable ;
; cpu_armv4:u_cpu|regfile:u_regfile|registers[13][20] ; Stuck at GND due to stuck port clock_enable ;
; cpu_armv4:u_cpu|regfile:u_regfile|registers[14][20] ; Stuck at GND due to stuck port clock_enable ;
; cpu_armv4:u_cpu|regfile:u_regfile|registers[8][19]  ; Stuck at GND due to stuck port clock_enable ;
; cpu_armv4:u_cpu|regfile:u_regfile|registers[10][19] ; Stuck at GND due to stuck port clock_enable ;
; cpu_armv4:u_cpu|regfile:u_regfile|registers[11][19] ; Stuck at GND due to stuck port clock_enable ;
; cpu_armv4:u_cpu|regfile:u_regfile|registers[12][19] ; Stuck at GND due to stuck port clock_enable ;
; cpu_armv4:u_cpu|regfile:u_regfile|registers[13][19] ; Stuck at GND due to stuck port clock_enable ;
; cpu_armv4:u_cpu|regfile:u_regfile|registers[14][19] ; Stuck at GND due to stuck port clock_enable ;
; cpu_armv4:u_cpu|regfile:u_regfile|registers[8][18]  ; Stuck at GND due to stuck port clock_enable ;
; cpu_armv4:u_cpu|regfile:u_regfile|registers[10][18] ; Stuck at GND due to stuck port clock_enable ;
; cpu_armv4:u_cpu|regfile:u_regfile|registers[11][18] ; Stuck at GND due to stuck port clock_enable ;
; cpu_armv4:u_cpu|regfile:u_regfile|registers[12][18] ; Stuck at GND due to stuck port clock_enable ;
; cpu_armv4:u_cpu|regfile:u_regfile|registers[13][18] ; Stuck at GND due to stuck port clock_enable ;
; cpu_armv4:u_cpu|regfile:u_regfile|registers[14][18] ; Stuck at GND due to stuck port clock_enable ;
; cpu_armv4:u_cpu|regfile:u_regfile|registers[8][17]  ; Stuck at GND due to stuck port clock_enable ;
; cpu_armv4:u_cpu|regfile:u_regfile|registers[10][17] ; Stuck at GND due to stuck port clock_enable ;
; cpu_armv4:u_cpu|regfile:u_regfile|registers[11][17] ; Stuck at GND due to stuck port clock_enable ;
; cpu_armv4:u_cpu|regfile:u_regfile|registers[12][17] ; Stuck at GND due to stuck port clock_enable ;
; cpu_armv4:u_cpu|regfile:u_regfile|registers[13][17] ; Stuck at GND due to stuck port clock_enable ;
; cpu_armv4:u_cpu|regfile:u_regfile|registers[14][17] ; Stuck at GND due to stuck port clock_enable ;
; cpu_armv4:u_cpu|regfile:u_regfile|registers[8][16]  ; Stuck at GND due to stuck port clock_enable ;
; cpu_armv4:u_cpu|regfile:u_regfile|registers[10][16] ; Stuck at GND due to stuck port clock_enable ;
; cpu_armv4:u_cpu|regfile:u_regfile|registers[11][16] ; Stuck at GND due to stuck port clock_enable ;
; cpu_armv4:u_cpu|regfile:u_regfile|registers[12][16] ; Stuck at GND due to stuck port clock_enable ;
; cpu_armv4:u_cpu|regfile:u_regfile|registers[13][16] ; Stuck at GND due to stuck port clock_enable ;
; cpu_armv4:u_cpu|regfile:u_regfile|registers[14][16] ; Stuck at GND due to stuck port clock_enable ;
; cpu_armv4:u_cpu|regfile:u_regfile|registers[8][15]  ; Stuck at GND due to stuck port clock_enable ;
; cpu_armv4:u_cpu|regfile:u_regfile|registers[10][15] ; Stuck at GND due to stuck port clock_enable ;
; cpu_armv4:u_cpu|regfile:u_regfile|registers[11][15] ; Stuck at GND due to stuck port clock_enable ;
; cpu_armv4:u_cpu|regfile:u_regfile|registers[12][15] ; Stuck at GND due to stuck port clock_enable ;
; cpu_armv4:u_cpu|regfile:u_regfile|registers[13][15] ; Stuck at GND due to stuck port clock_enable ;
; cpu_armv4:u_cpu|regfile:u_regfile|registers[14][15] ; Stuck at GND due to stuck port clock_enable ;
; cpu_armv4:u_cpu|regfile:u_regfile|registers[8][14]  ; Stuck at GND due to stuck port clock_enable ;
; cpu_armv4:u_cpu|regfile:u_regfile|registers[10][14] ; Stuck at GND due to stuck port clock_enable ;
; cpu_armv4:u_cpu|regfile:u_regfile|registers[11][14] ; Stuck at GND due to stuck port clock_enable ;
; cpu_armv4:u_cpu|regfile:u_regfile|registers[12][14] ; Stuck at GND due to stuck port clock_enable ;
; cpu_armv4:u_cpu|regfile:u_regfile|registers[13][14] ; Stuck at GND due to stuck port clock_enable ;
; cpu_armv4:u_cpu|regfile:u_regfile|registers[14][14] ; Stuck at GND due to stuck port clock_enable ;
; cpu_armv4:u_cpu|regfile:u_regfile|registers[8][13]  ; Stuck at GND due to stuck port clock_enable ;
; cpu_armv4:u_cpu|regfile:u_regfile|registers[10][13] ; Stuck at GND due to stuck port clock_enable ;
; cpu_armv4:u_cpu|regfile:u_regfile|registers[11][13] ; Stuck at GND due to stuck port clock_enable ;
; cpu_armv4:u_cpu|regfile:u_regfile|registers[12][13] ; Stuck at GND due to stuck port clock_enable ;
; cpu_armv4:u_cpu|regfile:u_regfile|registers[13][13] ; Stuck at GND due to stuck port clock_enable ;
; cpu_armv4:u_cpu|regfile:u_regfile|registers[14][13] ; Stuck at GND due to stuck port clock_enable ;
; cpu_armv4:u_cpu|regfile:u_regfile|registers[8][12]  ; Stuck at GND due to stuck port clock_enable ;
; cpu_armv4:u_cpu|regfile:u_regfile|registers[10][12] ; Stuck at GND due to stuck port clock_enable ;
; cpu_armv4:u_cpu|regfile:u_regfile|registers[11][12] ; Stuck at GND due to stuck port clock_enable ;
; cpu_armv4:u_cpu|regfile:u_regfile|registers[12][12] ; Stuck at GND due to stuck port clock_enable ;
; cpu_armv4:u_cpu|regfile:u_regfile|registers[13][12] ; Stuck at GND due to stuck port clock_enable ;
; cpu_armv4:u_cpu|regfile:u_regfile|registers[14][12] ; Stuck at GND due to stuck port clock_enable ;
; cpu_armv4:u_cpu|regfile:u_regfile|registers[8][11]  ; Stuck at GND due to stuck port clock_enable ;
; cpu_armv4:u_cpu|regfile:u_regfile|registers[10][11] ; Stuck at GND due to stuck port clock_enable ;
; cpu_armv4:u_cpu|regfile:u_regfile|registers[11][11] ; Stuck at GND due to stuck port clock_enable ;
; cpu_armv4:u_cpu|regfile:u_regfile|registers[12][11] ; Stuck at GND due to stuck port clock_enable ;
; cpu_armv4:u_cpu|regfile:u_regfile|registers[13][11] ; Stuck at GND due to stuck port clock_enable ;
; cpu_armv4:u_cpu|regfile:u_regfile|registers[14][11] ; Stuck at GND due to stuck port clock_enable ;
; cpu_armv4:u_cpu|regfile:u_regfile|registers[8][10]  ; Stuck at GND due to stuck port clock_enable ;
; cpu_armv4:u_cpu|regfile:u_regfile|registers[10][10] ; Stuck at GND due to stuck port clock_enable ;
; cpu_armv4:u_cpu|regfile:u_regfile|registers[11][10] ; Stuck at GND due to stuck port clock_enable ;
; cpu_armv4:u_cpu|regfile:u_regfile|registers[12][10] ; Stuck at GND due to stuck port clock_enable ;
; cpu_armv4:u_cpu|regfile:u_regfile|registers[13][10] ; Stuck at GND due to stuck port clock_enable ;
; cpu_armv4:u_cpu|regfile:u_regfile|registers[14][10] ; Stuck at GND due to stuck port clock_enable ;
; cpu_armv4:u_cpu|regfile:u_regfile|registers[8][9]   ; Stuck at GND due to stuck port clock_enable ;
; cpu_armv4:u_cpu|regfile:u_regfile|registers[10][9]  ; Stuck at GND due to stuck port clock_enable ;
; cpu_armv4:u_cpu|regfile:u_regfile|registers[11][9]  ; Stuck at GND due to stuck port clock_enable ;
; cpu_armv4:u_cpu|regfile:u_regfile|registers[12][9]  ; Stuck at GND due to stuck port clock_enable ;
; cpu_armv4:u_cpu|regfile:u_regfile|registers[13][9]  ; Stuck at GND due to stuck port clock_enable ;
; cpu_armv4:u_cpu|regfile:u_regfile|registers[14][9]  ; Stuck at GND due to stuck port clock_enable ;
; cpu_armv4:u_cpu|regfile:u_regfile|registers[8][8]   ; Stuck at GND due to stuck port clock_enable ;
; cpu_armv4:u_cpu|regfile:u_regfile|registers[10][8]  ; Stuck at GND due to stuck port clock_enable ;
; cpu_armv4:u_cpu|regfile:u_regfile|registers[11][8]  ; Stuck at GND due to stuck port clock_enable ;
; cpu_armv4:u_cpu|regfile:u_regfile|registers[12][8]  ; Stuck at GND due to stuck port clock_enable ;
; cpu_armv4:u_cpu|regfile:u_regfile|registers[13][8]  ; Stuck at GND due to stuck port clock_enable ;
; cpu_armv4:u_cpu|regfile:u_regfile|registers[14][8]  ; Stuck at GND due to stuck port clock_enable ;
; cpu_armv4:u_cpu|regfile:u_regfile|registers[8][7]   ; Stuck at GND due to stuck port clock_enable ;
; cpu_armv4:u_cpu|regfile:u_regfile|registers[10][7]  ; Stuck at GND due to stuck port clock_enable ;
; cpu_armv4:u_cpu|regfile:u_regfile|registers[11][7]  ; Stuck at GND due to stuck port clock_enable ;
; cpu_armv4:u_cpu|regfile:u_regfile|registers[12][7]  ; Stuck at GND due to stuck port clock_enable ;
; cpu_armv4:u_cpu|regfile:u_regfile|registers[13][7]  ; Stuck at GND due to stuck port clock_enable ;
; cpu_armv4:u_cpu|regfile:u_regfile|registers[14][7]  ; Stuck at GND due to stuck port clock_enable ;
; cpu_armv4:u_cpu|regfile:u_regfile|registers[8][6]   ; Stuck at GND due to stuck port clock_enable ;
; cpu_armv4:u_cpu|regfile:u_regfile|registers[10][6]  ; Stuck at GND due to stuck port clock_enable ;
; cpu_armv4:u_cpu|regfile:u_regfile|registers[11][6]  ; Stuck at GND due to stuck port clock_enable ;
; cpu_armv4:u_cpu|regfile:u_regfile|registers[12][6]  ; Stuck at GND due to stuck port clock_enable ;
; cpu_armv4:u_cpu|regfile:u_regfile|registers[13][6]  ; Stuck at GND due to stuck port clock_enable ;
; cpu_armv4:u_cpu|regfile:u_regfile|registers[14][6]  ; Stuck at GND due to stuck port clock_enable ;
; cpu_armv4:u_cpu|regfile:u_regfile|registers[8][5]   ; Stuck at GND due to stuck port clock_enable ;
; cpu_armv4:u_cpu|regfile:u_regfile|registers[10][5]  ; Stuck at GND due to stuck port clock_enable ;
; cpu_armv4:u_cpu|regfile:u_regfile|registers[11][5]  ; Stuck at GND due to stuck port clock_enable ;
; cpu_armv4:u_cpu|regfile:u_regfile|registers[12][5]  ; Stuck at GND due to stuck port clock_enable ;
; cpu_armv4:u_cpu|regfile:u_regfile|registers[13][5]  ; Stuck at GND due to stuck port clock_enable ;
; cpu_armv4:u_cpu|regfile:u_regfile|registers[14][5]  ; Stuck at GND due to stuck port clock_enable ;
; cpu_armv4:u_cpu|regfile:u_regfile|registers[8][4]   ; Stuck at GND due to stuck port clock_enable ;
; cpu_armv4:u_cpu|regfile:u_regfile|registers[10][4]  ; Stuck at GND due to stuck port clock_enable ;
; cpu_armv4:u_cpu|regfile:u_regfile|registers[11][4]  ; Stuck at GND due to stuck port clock_enable ;
; cpu_armv4:u_cpu|regfile:u_regfile|registers[12][4]  ; Stuck at GND due to stuck port clock_enable ;
; cpu_armv4:u_cpu|regfile:u_regfile|registers[13][4]  ; Stuck at GND due to stuck port clock_enable ;
; cpu_armv4:u_cpu|regfile:u_regfile|registers[14][4]  ; Stuck at GND due to stuck port clock_enable ;
; in_state~6                                          ; Lost fanout                                 ;
; cpu_armv4:u_cpu|control_unit:u_ctrl|state~4         ; Lost fanout                                 ;
; cpu_armv4:u_cpu|control_unit:u_ctrl|state~5         ; Lost fanout                                 ;
; clock_divider:u_div|counter[24,25]                  ; Lost fanout                                 ;
; Total Number of Removed Registers = 261             ;                                             ;
+-----------------------------------------------------+---------------------------------------------+


+------------------------------------------------------+
; General Register Statistics                          ;
+----------------------------------------------+-------+
; Statistic                                    ; Value ;
+----------------------------------------------+-------+
; Total registers                              ; 8602  ;
; Number of registers using Synchronous Clear  ; 7193  ;
; Number of registers using Synchronous Load   ; 0     ;
; Number of registers using Asynchronous Clear ; 383   ;
; Number of registers using Asynchronous Load  ; 0     ;
; Number of registers using Clock Enable       ; 8510  ;
; Number of registers using Preset             ; 0     ;
+----------------------------------------------+-------+


+--------------------------------------------------+
; Inverted Register Statistics                     ;
+----------------------------------------+---------+
; Inverted Register                      ; Fan out ;
+----------------------------------------+---------+
; VGA_HS~reg0                            ; 1       ;
; VGA_VS~reg0                            ; 1       ;
; r2                                     ; 5       ;
; r1                                     ; 1       ;
; SPI_io:u_spi|cs[0]                     ; 2       ;
; ss_sync1                               ; 2       ;
; ss_prev                                ; 1       ;
; ss_sync0                               ; 1       ;
; Total number of inverted registers = 8 ;         ;
+----------------------------------------+---------+


+--------------------------------------------------------------------------------------------------------------------------------------------------------------------------+
; Multiplexer Restructuring Statistics (Restructuring Performed)                                                                                                           ;
+--------------------+-----------+---------------+----------------------+------------------------+------------+------------------------------------------------------------+
; Multiplexer Inputs ; Bus Width ; Baseline Area ; Area if Restructured ; Saving if Restructured ; Registered ; Example Multiplexer Output                                 ;
+--------------------+-----------+---------------+----------------------+------------------------+------------+------------------------------------------------------------+
; 3:1                ; 5 bits    ; 10 LEs        ; 5 LEs                ; 5 LEs                  ; Yes        ; |top_program|SPI_io:u_spi|cs[4]                            ;
; 3:1                ; 12 bits   ; 24 LEs        ; 0 LEs                ; 24 LEs                 ; Yes        ; |top_program|vga_controller:u_vga|vga_timing:u_timing|x[4] ;
; 4:1                ; 12 bits   ; 24 LEs        ; 0 LEs                ; 24 LEs                 ; Yes        ; |top_program|vga_controller:u_vga|vga_timing:u_timing|y[7] ;
; 3:1                ; 24 bits   ; 48 LEs        ; 48 LEs               ; 0 LEs                  ; No         ; |top_program|cpu_armv4:u_cpu|alu_A[18]                     ;
; 16:1               ; 32 bits   ; 320 LEs       ; 192 LEs              ; 128 LEs                ; No         ; |top_program|cpu_armv4:u_cpu|regfile:u_regfile|Mux43       ;
; 10:1               ; 3 bits    ; 18 LEs        ; 18 LEs               ; 0 LEs                  ; No         ; |top_program|cpu_armv4:u_cpu|alu_core:u_alu_core|Mux28     ;
; 11:1               ; 28 bits   ; 196 LEs       ; 196 LEs              ; 0 LEs                  ; No         ; |top_program|cpu_armv4:u_cpu|wb_data[7]                    ;
+--------------------+-----------+---------------+----------------------+------------------------+------------+------------------------------------------------------------+


+----------------------------------------------------------------------------------+
; Parameter Settings for User Entity Instance: cpu_armv4:u_cpu|alu_core:u_alu_core ;
+----------------+-------+---------------------------------------------------------+
; Parameter Name ; Value ; Type                                                    ;
+----------------+-------+---------------------------------------------------------+
; N              ; 32    ; Signed Integer                                          ;
+----------------+-------+---------------------------------------------------------+
Note: In order to hide this table in the UI and the text report file, please set the "Show Parameter Settings in Synthesis Report" option in "Analysis and Synthesis Settings -> More Settings" to "Off".


+------------------------------------------------------------------------------------------------+
; Parameter Settings for User Entity Instance: cpu_armv4:u_cpu|alu_core:u_alu_core|sumador:u_add ;
+----------------+-------+-----------------------------------------------------------------------+
; Parameter Name ; Value ; Type                                                                  ;
+----------------+-------+-----------------------------------------------------------------------+
; N              ; 32    ; Signed Integer                                                        ;
+----------------+-------+-----------------------------------------------------------------------+
Note: In order to hide this table in the UI and the text report file, please set the "Show Parameter Settings in Synthesis Report" option in "Analysis and Synthesis Settings -> More Settings" to "Off".


+-------------------------------------------------------------------------------------------------+
; Parameter Settings for User Entity Instance: cpu_armv4:u_cpu|alu_core:u_alu_core|restador:u_sub ;
+----------------+-------+------------------------------------------------------------------------+
; Parameter Name ; Value ; Type                                                                   ;
+----------------+-------+------------------------------------------------------------------------+
; N              ; 32    ; Signed Integer                                                         ;
+----------------+-------+------------------------------------------------------------------------+
Note: In order to hide this table in the UI and the text report file, please set the "Show Parameter Settings in Synthesis Report" option in "Analysis and Synthesis Settings -> More Settings" to "Off".


+------------------------------------------------------------------------------------------------------------+
; Parameter Settings for User Entity Instance: cpu_armv4:u_cpu|alu_core:u_alu_core|multiplicador_sumas:u_mul ;
+----------------+-------+-----------------------------------------------------------------------------------+
; Parameter Name ; Value ; Type                                                                              ;
+----------------+-------+-----------------------------------------------------------------------------------+
; N              ; 32    ; Signed Integer                                                                    ;
+----------------+-------+-----------------------------------------------------------------------------------+
Note: In order to hide this table in the UI and the text report file, please set the "Show Parameter Settings in Synthesis Report" option in "Analysis and Synthesis Settings -> More Settings" to "Off".


+---------------------------------------------------------------------------------------------------------------------------------------+
; Parameter Settings for User Entity Instance: cpu_armv4:u_cpu|alu_core:u_alu_core|multiplicador_sumas:u_mul|sumador:GEN_MUL[0].u_add_i ;
+----------------+-------+--------------------------------------------------------------------------------------------------------------+
; Parameter Name ; Value ; Type                                                                                                         ;
+----------------+-------+--------------------------------------------------------------------------------------------------------------+
; N              ; 64    ; Signed Integer                                                                                               ;
+----------------+-------+--------------------------------------------------------------------------------------------------------------+
Note: In order to hide this table in the UI and the text report file, please set the "Show Parameter Settings in Synthesis Report" option in "Analysis and Synthesis Settings -> More Settings" to "Off".


+---------------------------------------------------------------------------------------------------------------------------------------+
; Parameter Settings for User Entity Instance: cpu_armv4:u_cpu|alu_core:u_alu_core|multiplicador_sumas:u_mul|sumador:GEN_MUL[1].u_add_i ;
+----------------+-------+--------------------------------------------------------------------------------------------------------------+
; Parameter Name ; Value ; Type                                                                                                         ;
+----------------+-------+--------------------------------------------------------------------------------------------------------------+
; N              ; 64    ; Signed Integer                                                                                               ;
+----------------+-------+--------------------------------------------------------------------------------------------------------------+
Note: In order to hide this table in the UI and the text report file, please set the "Show Parameter Settings in Synthesis Report" option in "Analysis and Synthesis Settings -> More Settings" to "Off".


+---------------------------------------------------------------------------------------------------------------------------------------+
; Parameter Settings for User Entity Instance: cpu_armv4:u_cpu|alu_core:u_alu_core|multiplicador_sumas:u_mul|sumador:GEN_MUL[2].u_add_i ;
+----------------+-------+--------------------------------------------------------------------------------------------------------------+
; Parameter Name ; Value ; Type                                                                                                         ;
+----------------+-------+--------------------------------------------------------------------------------------------------------------+
; N              ; 64    ; Signed Integer                                                                                               ;
+----------------+-------+--------------------------------------------------------------------------------------------------------------+
Note: In order to hide this table in the UI and the text report file, please set the "Show Parameter Settings in Synthesis Report" option in "Analysis and Synthesis Settings -> More Settings" to "Off".


+---------------------------------------------------------------------------------------------------------------------------------------+
; Parameter Settings for User Entity Instance: cpu_armv4:u_cpu|alu_core:u_alu_core|multiplicador_sumas:u_mul|sumador:GEN_MUL[3].u_add_i ;
+----------------+-------+--------------------------------------------------------------------------------------------------------------+
; Parameter Name ; Value ; Type                                                                                                         ;
+----------------+-------+--------------------------------------------------------------------------------------------------------------+
; N              ; 64    ; Signed Integer                                                                                               ;
+----------------+-------+--------------------------------------------------------------------------------------------------------------+
Note: In order to hide this table in the UI and the text report file, please set the "Show Parameter Settings in Synthesis Report" option in "Analysis and Synthesis Settings -> More Settings" to "Off".


+---------------------------------------------------------------------------------------------------------------------------------------+
; Parameter Settings for User Entity Instance: cpu_armv4:u_cpu|alu_core:u_alu_core|multiplicador_sumas:u_mul|sumador:GEN_MUL[4].u_add_i ;
+----------------+-------+--------------------------------------------------------------------------------------------------------------+
; Parameter Name ; Value ; Type                                                                                                         ;
+----------------+-------+--------------------------------------------------------------------------------------------------------------+
; N              ; 64    ; Signed Integer                                                                                               ;
+----------------+-------+--------------------------------------------------------------------------------------------------------------+
Note: In order to hide this table in the UI and the text report file, please set the "Show Parameter Settings in Synthesis Report" option in "Analysis and Synthesis Settings -> More Settings" to "Off".


+---------------------------------------------------------------------------------------------------------------------------------------+
; Parameter Settings for User Entity Instance: cpu_armv4:u_cpu|alu_core:u_alu_core|multiplicador_sumas:u_mul|sumador:GEN_MUL[5].u_add_i ;
+----------------+-------+--------------------------------------------------------------------------------------------------------------+
; Parameter Name ; Value ; Type                                                                                                         ;
+----------------+-------+--------------------------------------------------------------------------------------------------------------+
; N              ; 64    ; Signed Integer                                                                                               ;
+----------------+-------+--------------------------------------------------------------------------------------------------------------+
Note: In order to hide this table in the UI and the text report file, please set the "Show Parameter Settings in Synthesis Report" option in "Analysis and Synthesis Settings -> More Settings" to "Off".


+---------------------------------------------------------------------------------------------------------------------------------------+
; Parameter Settings for User Entity Instance: cpu_armv4:u_cpu|alu_core:u_alu_core|multiplicador_sumas:u_mul|sumador:GEN_MUL[6].u_add_i ;
+----------------+-------+--------------------------------------------------------------------------------------------------------------+
; Parameter Name ; Value ; Type                                                                                                         ;
+----------------+-------+--------------------------------------------------------------------------------------------------------------+
; N              ; 64    ; Signed Integer                                                                                               ;
+----------------+-------+--------------------------------------------------------------------------------------------------------------+
Note: In order to hide this table in the UI and the text report file, please set the "Show Parameter Settings in Synthesis Report" option in "Analysis and Synthesis Settings -> More Settings" to "Off".


+---------------------------------------------------------------------------------------------------------------------------------------+
; Parameter Settings for User Entity Instance: cpu_armv4:u_cpu|alu_core:u_alu_core|multiplicador_sumas:u_mul|sumador:GEN_MUL[7].u_add_i ;
+----------------+-------+--------------------------------------------------------------------------------------------------------------+
; Parameter Name ; Value ; Type                                                                                                         ;
+----------------+-------+--------------------------------------------------------------------------------------------------------------+
; N              ; 64    ; Signed Integer                                                                                               ;
+----------------+-------+--------------------------------------------------------------------------------------------------------------+
Note: In order to hide this table in the UI and the text report file, please set the "Show Parameter Settings in Synthesis Report" option in "Analysis and Synthesis Settings -> More Settings" to "Off".


+---------------------------------------------------------------------------------------------------------------------------------------+
; Parameter Settings for User Entity Instance: cpu_armv4:u_cpu|alu_core:u_alu_core|multiplicador_sumas:u_mul|sumador:GEN_MUL[8].u_add_i ;
+----------------+-------+--------------------------------------------------------------------------------------------------------------+
; Parameter Name ; Value ; Type                                                                                                         ;
+----------------+-------+--------------------------------------------------------------------------------------------------------------+
; N              ; 64    ; Signed Integer                                                                                               ;
+----------------+-------+--------------------------------------------------------------------------------------------------------------+
Note: In order to hide this table in the UI and the text report file, please set the "Show Parameter Settings in Synthesis Report" option in "Analysis and Synthesis Settings -> More Settings" to "Off".


+---------------------------------------------------------------------------------------------------------------------------------------+
; Parameter Settings for User Entity Instance: cpu_armv4:u_cpu|alu_core:u_alu_core|multiplicador_sumas:u_mul|sumador:GEN_MUL[9].u_add_i ;
+----------------+-------+--------------------------------------------------------------------------------------------------------------+
; Parameter Name ; Value ; Type                                                                                                         ;
+----------------+-------+--------------------------------------------------------------------------------------------------------------+
; N              ; 64    ; Signed Integer                                                                                               ;
+----------------+-------+--------------------------------------------------------------------------------------------------------------+
Note: In order to hide this table in the UI and the text report file, please set the "Show Parameter Settings in Synthesis Report" option in "Analysis and Synthesis Settings -> More Settings" to "Off".


+----------------------------------------------------------------------------------------------------------------------------------------+
; Parameter Settings for User Entity Instance: cpu_armv4:u_cpu|alu_core:u_alu_core|multiplicador_sumas:u_mul|sumador:GEN_MUL[10].u_add_i ;
+----------------+-------+---------------------------------------------------------------------------------------------------------------+
; Parameter Name ; Value ; Type                                                                                                          ;
+----------------+-------+---------------------------------------------------------------------------------------------------------------+
; N              ; 64    ; Signed Integer                                                                                                ;
+----------------+-------+---------------------------------------------------------------------------------------------------------------+
Note: In order to hide this table in the UI and the text report file, please set the "Show Parameter Settings in Synthesis Report" option in "Analysis and Synthesis Settings -> More Settings" to "Off".


+----------------------------------------------------------------------------------------------------------------------------------------+
; Parameter Settings for User Entity Instance: cpu_armv4:u_cpu|alu_core:u_alu_core|multiplicador_sumas:u_mul|sumador:GEN_MUL[11].u_add_i ;
+----------------+-------+---------------------------------------------------------------------------------------------------------------+
; Parameter Name ; Value ; Type                                                                                                          ;
+----------------+-------+---------------------------------------------------------------------------------------------------------------+
; N              ; 64    ; Signed Integer                                                                                                ;
+----------------+-------+---------------------------------------------------------------------------------------------------------------+
Note: In order to hide this table in the UI and the text report file, please set the "Show Parameter Settings in Synthesis Report" option in "Analysis and Synthesis Settings -> More Settings" to "Off".


+----------------------------------------------------------------------------------------------------------------------------------------+
; Parameter Settings for User Entity Instance: cpu_armv4:u_cpu|alu_core:u_alu_core|multiplicador_sumas:u_mul|sumador:GEN_MUL[12].u_add_i ;
+----------------+-------+---------------------------------------------------------------------------------------------------------------+
; Parameter Name ; Value ; Type                                                                                                          ;
+----------------+-------+---------------------------------------------------------------------------------------------------------------+
; N              ; 64    ; Signed Integer                                                                                                ;
+----------------+-------+---------------------------------------------------------------------------------------------------------------+
Note: In order to hide this table in the UI and the text report file, please set the "Show Parameter Settings in Synthesis Report" option in "Analysis and Synthesis Settings -> More Settings" to "Off".


+----------------------------------------------------------------------------------------------------------------------------------------+
; Parameter Settings for User Entity Instance: cpu_armv4:u_cpu|alu_core:u_alu_core|multiplicador_sumas:u_mul|sumador:GEN_MUL[13].u_add_i ;
+----------------+-------+---------------------------------------------------------------------------------------------------------------+
; Parameter Name ; Value ; Type                                                                                                          ;
+----------------+-------+---------------------------------------------------------------------------------------------------------------+
; N              ; 64    ; Signed Integer                                                                                                ;
+----------------+-------+---------------------------------------------------------------------------------------------------------------+
Note: In order to hide this table in the UI and the text report file, please set the "Show Parameter Settings in Synthesis Report" option in "Analysis and Synthesis Settings -> More Settings" to "Off".


+----------------------------------------------------------------------------------------------------------------------------------------+
; Parameter Settings for User Entity Instance: cpu_armv4:u_cpu|alu_core:u_alu_core|multiplicador_sumas:u_mul|sumador:GEN_MUL[14].u_add_i ;
+----------------+-------+---------------------------------------------------------------------------------------------------------------+
; Parameter Name ; Value ; Type                                                                                                          ;
+----------------+-------+---------------------------------------------------------------------------------------------------------------+
; N              ; 64    ; Signed Integer                                                                                                ;
+----------------+-------+---------------------------------------------------------------------------------------------------------------+
Note: In order to hide this table in the UI and the text report file, please set the "Show Parameter Settings in Synthesis Report" option in "Analysis and Synthesis Settings -> More Settings" to "Off".


+----------------------------------------------------------------------------------------------------------------------------------------+
; Parameter Settings for User Entity Instance: cpu_armv4:u_cpu|alu_core:u_alu_core|multiplicador_sumas:u_mul|sumador:GEN_MUL[15].u_add_i ;
+----------------+-------+---------------------------------------------------------------------------------------------------------------+
; Parameter Name ; Value ; Type                                                                                                          ;
+----------------+-------+---------------------------------------------------------------------------------------------------------------+
; N              ; 64    ; Signed Integer                                                                                                ;
+----------------+-------+---------------------------------------------------------------------------------------------------------------+
Note: In order to hide this table in the UI and the text report file, please set the "Show Parameter Settings in Synthesis Report" option in "Analysis and Synthesis Settings -> More Settings" to "Off".


+----------------------------------------------------------------------------------------------------------------------------------------+
; Parameter Settings for User Entity Instance: cpu_armv4:u_cpu|alu_core:u_alu_core|multiplicador_sumas:u_mul|sumador:GEN_MUL[16].u_add_i ;
+----------------+-------+---------------------------------------------------------------------------------------------------------------+
; Parameter Name ; Value ; Type                                                                                                          ;
+----------------+-------+---------------------------------------------------------------------------------------------------------------+
; N              ; 64    ; Signed Integer                                                                                                ;
+----------------+-------+---------------------------------------------------------------------------------------------------------------+
Note: In order to hide this table in the UI and the text report file, please set the "Show Parameter Settings in Synthesis Report" option in "Analysis and Synthesis Settings -> More Settings" to "Off".


+----------------------------------------------------------------------------------------------------------------------------------------+
; Parameter Settings for User Entity Instance: cpu_armv4:u_cpu|alu_core:u_alu_core|multiplicador_sumas:u_mul|sumador:GEN_MUL[17].u_add_i ;
+----------------+-------+---------------------------------------------------------------------------------------------------------------+
; Parameter Name ; Value ; Type                                                                                                          ;
+----------------+-------+---------------------------------------------------------------------------------------------------------------+
; N              ; 64    ; Signed Integer                                                                                                ;
+----------------+-------+---------------------------------------------------------------------------------------------------------------+
Note: In order to hide this table in the UI and the text report file, please set the "Show Parameter Settings in Synthesis Report" option in "Analysis and Synthesis Settings -> More Settings" to "Off".


+----------------------------------------------------------------------------------------------------------------------------------------+
; Parameter Settings for User Entity Instance: cpu_armv4:u_cpu|alu_core:u_alu_core|multiplicador_sumas:u_mul|sumador:GEN_MUL[18].u_add_i ;
+----------------+-------+---------------------------------------------------------------------------------------------------------------+
; Parameter Name ; Value ; Type                                                                                                          ;
+----------------+-------+---------------------------------------------------------------------------------------------------------------+
; N              ; 64    ; Signed Integer                                                                                                ;
+----------------+-------+---------------------------------------------------------------------------------------------------------------+
Note: In order to hide this table in the UI and the text report file, please set the "Show Parameter Settings in Synthesis Report" option in "Analysis and Synthesis Settings -> More Settings" to "Off".


+----------------------------------------------------------------------------------------------------------------------------------------+
; Parameter Settings for User Entity Instance: cpu_armv4:u_cpu|alu_core:u_alu_core|multiplicador_sumas:u_mul|sumador:GEN_MUL[19].u_add_i ;
+----------------+-------+---------------------------------------------------------------------------------------------------------------+
; Parameter Name ; Value ; Type                                                                                                          ;
+----------------+-------+---------------------------------------------------------------------------------------------------------------+
; N              ; 64    ; Signed Integer                                                                                                ;
+----------------+-------+---------------------------------------------------------------------------------------------------------------+
Note: In order to hide this table in the UI and the text report file, please set the "Show Parameter Settings in Synthesis Report" option in "Analysis and Synthesis Settings -> More Settings" to "Off".


+----------------------------------------------------------------------------------------------------------------------------------------+
; Parameter Settings for User Entity Instance: cpu_armv4:u_cpu|alu_core:u_alu_core|multiplicador_sumas:u_mul|sumador:GEN_MUL[20].u_add_i ;
+----------------+-------+---------------------------------------------------------------------------------------------------------------+
; Parameter Name ; Value ; Type                                                                                                          ;
+----------------+-------+---------------------------------------------------------------------------------------------------------------+
; N              ; 64    ; Signed Integer                                                                                                ;
+----------------+-------+---------------------------------------------------------------------------------------------------------------+
Note: In order to hide this table in the UI and the text report file, please set the "Show Parameter Settings in Synthesis Report" option in "Analysis and Synthesis Settings -> More Settings" to "Off".


+----------------------------------------------------------------------------------------------------------------------------------------+
; Parameter Settings for User Entity Instance: cpu_armv4:u_cpu|alu_core:u_alu_core|multiplicador_sumas:u_mul|sumador:GEN_MUL[21].u_add_i ;
+----------------+-------+---------------------------------------------------------------------------------------------------------------+
; Parameter Name ; Value ; Type                                                                                                          ;
+----------------+-------+---------------------------------------------------------------------------------------------------------------+
; N              ; 64    ; Signed Integer                                                                                                ;
+----------------+-------+---------------------------------------------------------------------------------------------------------------+
Note: In order to hide this table in the UI and the text report file, please set the "Show Parameter Settings in Synthesis Report" option in "Analysis and Synthesis Settings -> More Settings" to "Off".


+----------------------------------------------------------------------------------------------------------------------------------------+
; Parameter Settings for User Entity Instance: cpu_armv4:u_cpu|alu_core:u_alu_core|multiplicador_sumas:u_mul|sumador:GEN_MUL[22].u_add_i ;
+----------------+-------+---------------------------------------------------------------------------------------------------------------+
; Parameter Name ; Value ; Type                                                                                                          ;
+----------------+-------+---------------------------------------------------------------------------------------------------------------+
; N              ; 64    ; Signed Integer                                                                                                ;
+----------------+-------+---------------------------------------------------------------------------------------------------------------+
Note: In order to hide this table in the UI and the text report file, please set the "Show Parameter Settings in Synthesis Report" option in "Analysis and Synthesis Settings -> More Settings" to "Off".


+----------------------------------------------------------------------------------------------------------------------------------------+
; Parameter Settings for User Entity Instance: cpu_armv4:u_cpu|alu_core:u_alu_core|multiplicador_sumas:u_mul|sumador:GEN_MUL[23].u_add_i ;
+----------------+-------+---------------------------------------------------------------------------------------------------------------+
; Parameter Name ; Value ; Type                                                                                                          ;
+----------------+-------+---------------------------------------------------------------------------------------------------------------+
; N              ; 64    ; Signed Integer                                                                                                ;
+----------------+-------+---------------------------------------------------------------------------------------------------------------+
Note: In order to hide this table in the UI and the text report file, please set the "Show Parameter Settings in Synthesis Report" option in "Analysis and Synthesis Settings -> More Settings" to "Off".


+----------------------------------------------------------------------------------------------------------------------------------------+
; Parameter Settings for User Entity Instance: cpu_armv4:u_cpu|alu_core:u_alu_core|multiplicador_sumas:u_mul|sumador:GEN_MUL[24].u_add_i ;
+----------------+-------+---------------------------------------------------------------------------------------------------------------+
; Parameter Name ; Value ; Type                                                                                                          ;
+----------------+-------+---------------------------------------------------------------------------------------------------------------+
; N              ; 64    ; Signed Integer                                                                                                ;
+----------------+-------+---------------------------------------------------------------------------------------------------------------+
Note: In order to hide this table in the UI and the text report file, please set the "Show Parameter Settings in Synthesis Report" option in "Analysis and Synthesis Settings -> More Settings" to "Off".


+----------------------------------------------------------------------------------------------------------------------------------------+
; Parameter Settings for User Entity Instance: cpu_armv4:u_cpu|alu_core:u_alu_core|multiplicador_sumas:u_mul|sumador:GEN_MUL[25].u_add_i ;
+----------------+-------+---------------------------------------------------------------------------------------------------------------+
; Parameter Name ; Value ; Type                                                                                                          ;
+----------------+-------+---------------------------------------------------------------------------------------------------------------+
; N              ; 64    ; Signed Integer                                                                                                ;
+----------------+-------+---------------------------------------------------------------------------------------------------------------+
Note: In order to hide this table in the UI and the text report file, please set the "Show Parameter Settings in Synthesis Report" option in "Analysis and Synthesis Settings -> More Settings" to "Off".


+----------------------------------------------------------------------------------------------------------------------------------------+
; Parameter Settings for User Entity Instance: cpu_armv4:u_cpu|alu_core:u_alu_core|multiplicador_sumas:u_mul|sumador:GEN_MUL[26].u_add_i ;
+----------------+-------+---------------------------------------------------------------------------------------------------------------+
; Parameter Name ; Value ; Type                                                                                                          ;
+----------------+-------+---------------------------------------------------------------------------------------------------------------+
; N              ; 64    ; Signed Integer                                                                                                ;
+----------------+-------+---------------------------------------------------------------------------------------------------------------+
Note: In order to hide this table in the UI and the text report file, please set the "Show Parameter Settings in Synthesis Report" option in "Analysis and Synthesis Settings -> More Settings" to "Off".


+----------------------------------------------------------------------------------------------------------------------------------------+
; Parameter Settings for User Entity Instance: cpu_armv4:u_cpu|alu_core:u_alu_core|multiplicador_sumas:u_mul|sumador:GEN_MUL[27].u_add_i ;
+----------------+-------+---------------------------------------------------------------------------------------------------------------+
; Parameter Name ; Value ; Type                                                                                                          ;
+----------------+-------+---------------------------------------------------------------------------------------------------------------+
; N              ; 64    ; Signed Integer                                                                                                ;
+----------------+-------+---------------------------------------------------------------------------------------------------------------+
Note: In order to hide this table in the UI and the text report file, please set the "Show Parameter Settings in Synthesis Report" option in "Analysis and Synthesis Settings -> More Settings" to "Off".


+----------------------------------------------------------------------------------------------------------------------------------------+
; Parameter Settings for User Entity Instance: cpu_armv4:u_cpu|alu_core:u_alu_core|multiplicador_sumas:u_mul|sumador:GEN_MUL[28].u_add_i ;
+----------------+-------+---------------------------------------------------------------------------------------------------------------+
; Parameter Name ; Value ; Type                                                                                                          ;
+----------------+-------+---------------------------------------------------------------------------------------------------------------+
; N              ; 64    ; Signed Integer                                                                                                ;
+----------------+-------+---------------------------------------------------------------------------------------------------------------+
Note: In order to hide this table in the UI and the text report file, please set the "Show Parameter Settings in Synthesis Report" option in "Analysis and Synthesis Settings -> More Settings" to "Off".


+----------------------------------------------------------------------------------------------------------------------------------------+
; Parameter Settings for User Entity Instance: cpu_armv4:u_cpu|alu_core:u_alu_core|multiplicador_sumas:u_mul|sumador:GEN_MUL[29].u_add_i ;
+----------------+-------+---------------------------------------------------------------------------------------------------------------+
; Parameter Name ; Value ; Type                                                                                                          ;
+----------------+-------+---------------------------------------------------------------------------------------------------------------+
; N              ; 64    ; Signed Integer                                                                                                ;
+----------------+-------+---------------------------------------------------------------------------------------------------------------+
Note: In order to hide this table in the UI and the text report file, please set the "Show Parameter Settings in Synthesis Report" option in "Analysis and Synthesis Settings -> More Settings" to "Off".


+----------------------------------------------------------------------------------------------------------------------------------------+
; Parameter Settings for User Entity Instance: cpu_armv4:u_cpu|alu_core:u_alu_core|multiplicador_sumas:u_mul|sumador:GEN_MUL[30].u_add_i ;
+----------------+-------+---------------------------------------------------------------------------------------------------------------+
; Parameter Name ; Value ; Type                                                                                                          ;
+----------------+-------+---------------------------------------------------------------------------------------------------------------+
; N              ; 64    ; Signed Integer                                                                                                ;
+----------------+-------+---------------------------------------------------------------------------------------------------------------+
Note: In order to hide this table in the UI and the text report file, please set the "Show Parameter Settings in Synthesis Report" option in "Analysis and Synthesis Settings -> More Settings" to "Off".


+----------------------------------------------------------------------------------------------------------------------------------------+
; Parameter Settings for User Entity Instance: cpu_armv4:u_cpu|alu_core:u_alu_core|multiplicador_sumas:u_mul|sumador:GEN_MUL[31].u_add_i ;
+----------------+-------+---------------------------------------------------------------------------------------------------------------+
; Parameter Name ; Value ; Type                                                                                                          ;
+----------------+-------+---------------------------------------------------------------------------------------------------------------+
; N              ; 64    ; Signed Integer                                                                                                ;
+----------------+-------+---------------------------------------------------------------------------------------------------------------+
Note: In order to hide this table in the UI and the text report file, please set the "Show Parameter Settings in Synthesis Report" option in "Analysis and Synthesis Settings -> More Settings" to "Off".


+---------------------------------------------------------------------------------------------------+
; Parameter Settings for User Entity Instance: cpu_armv4:u_cpu|alu_core:u_alu_core|divider:u_divmod ;
+----------------+-------+--------------------------------------------------------------------------+
; Parameter Name ; Value ; Type                                                                     ;
+----------------+-------+--------------------------------------------------------------------------+
; N              ; 32    ; Signed Integer                                                           ;
+----------------+-------+--------------------------------------------------------------------------+
Note: In order to hide this table in the UI and the text report file, please set the "Show Parameter Settings in Synthesis Report" option in "Analysis and Synthesis Settings -> More Settings" to "Off".


+----------------------------------------------------------------------------------------------------+
; Parameter Settings for User Entity Instance: cpu_armv4:u_cpu|alu_core:u_alu_core|logic_ops:u_logic ;
+----------------+-------+---------------------------------------------------------------------------+
; Parameter Name ; Value ; Type                                                                      ;
+----------------+-------+---------------------------------------------------------------------------+
; N              ; 32    ; Signed Integer                                                            ;
+----------------+-------+---------------------------------------------------------------------------+
Note: In order to hide this table in the UI and the text report file, please set the "Show Parameter Settings in Synthesis Report" option in "Analysis and Synthesis Settings -> More Settings" to "Off".


+-------------------------------------------------------------------+
; Parameter Settings for User Entity Instance: vga_controller:u_vga ;
+----------------+-------+------------------------------------------+
; Parameter Name ; Value ; Type                                     ;
+----------------+-------+------------------------------------------+
; H_ACTIVE       ; 640   ; Signed Integer                           ;
; V_ACTIVE       ; 480   ; Signed Integer                           ;
; H_FP           ; 16    ; Signed Integer                           ;
; H_SYNC         ; 96    ; Signed Integer                           ;
; H_BP           ; 48    ; Signed Integer                           ;
; V_FP           ; 10    ; Signed Integer                           ;
; V_SYNC         ; 2     ; Signed Integer                           ;
; V_BP           ; 33    ; Signed Integer                           ;
; HS_POL         ; 0     ; Unsigned Binary                          ;
; VS_POL         ; 0     ; Unsigned Binary                          ;
+----------------+-------+------------------------------------------+
Note: In order to hide this table in the UI and the text report file, please set the "Show Parameter Settings in Synthesis Report" option in "Analysis and Synthesis Settings -> More Settings" to "Off".


+---------------------------------------------------------------------------------------+
; Parameter Settings for User Entity Instance: vga_controller:u_vga|vga_timing:u_timing ;
+----------------+-------+--------------------------------------------------------------+
; Parameter Name ; Value ; Type                                                         ;
+----------------+-------+--------------------------------------------------------------+
; H_ACTIVE       ; 640   ; Signed Integer                                               ;
; V_ACTIVE       ; 480   ; Signed Integer                                               ;
; H_FP           ; 16    ; Signed Integer                                               ;
; H_SYNC         ; 96    ; Signed Integer                                               ;
; H_BP           ; 48    ; Signed Integer                                               ;
; V_FP           ; 10    ; Signed Integer                                               ;
; V_SYNC         ; 2     ; Signed Integer                                               ;
; V_BP           ; 33    ; Signed Integer                                               ;
; HS_POL         ; 0     ; Unsigned Binary                                              ;
; VS_POL         ; 0     ; Unsigned Binary                                              ;
+----------------+-------+--------------------------------------------------------------+
Note: In order to hide this table in the UI and the text report file, please set the "Show Parameter Settings in Synthesis Report" option in "Analysis and Synthesis Settings -> More Settings" to "Off".


+-----------------------------------------------------------------------------------------------------------------------+
; Parameter Settings for Inferred Entity Instance: cpu_armv4:u_cpu|alu_core:u_alu_core|divider:u_divmod|lpm_divide:Div0 ;
+------------------------+----------------+-----------------------------------------------------------------------------+
; Parameter Name         ; Value          ; Type                                                                        ;
+------------------------+----------------+-----------------------------------------------------------------------------+
; LPM_WIDTHN             ; 32             ; Untyped                                                                     ;
; LPM_WIDTHD             ; 32             ; Untyped                                                                     ;
; LPM_NREPRESENTATION    ; UNSIGNED       ; Untyped                                                                     ;
; LPM_DREPRESENTATION    ; UNSIGNED       ; Untyped                                                                     ;
; LPM_PIPELINE           ; 0              ; Untyped                                                                     ;
; LPM_REMAINDERPOSITIVE  ; TRUE           ; Untyped                                                                     ;
; MAXIMIZE_SPEED         ; 5              ; Untyped                                                                     ;
; CBXI_PARAMETER         ; lpm_divide_3dm ; Untyped                                                                     ;
; CARRY_CHAIN            ; MANUAL         ; Untyped                                                                     ;
; OPTIMIZE_FOR_SPEED     ; 5              ; Untyped                                                                     ;
; AUTO_CARRY_CHAINS      ; ON             ; AUTO_CARRY                                                                  ;
; IGNORE_CARRY_BUFFERS   ; OFF            ; IGNORE_CARRY                                                                ;
; AUTO_CASCADE_CHAINS    ; ON             ; AUTO_CASCADE                                                                ;
; IGNORE_CASCADE_BUFFERS ; OFF            ; IGNORE_CASCADE                                                              ;
+------------------------+----------------+-----------------------------------------------------------------------------+
Note: In order to hide this table in the UI and the text report file, please set the "Show Parameter Settings in Synthesis Report" option in "Analysis and Synthesis Settings -> More Settings" to "Off".


+-----------------------------------------------------------------------------------------------------------------------+
; Parameter Settings for Inferred Entity Instance: cpu_armv4:u_cpu|alu_core:u_alu_core|divider:u_divmod|lpm_divide:Mod0 ;
+------------------------+----------------+-----------------------------------------------------------------------------+
; Parameter Name         ; Value          ; Type                                                                        ;
+------------------------+----------------+-----------------------------------------------------------------------------+
; LPM_WIDTHN             ; 32             ; Untyped                                                                     ;
; LPM_WIDTHD             ; 32             ; Untyped                                                                     ;
; LPM_NREPRESENTATION    ; UNSIGNED       ; Untyped                                                                     ;
; LPM_DREPRESENTATION    ; UNSIGNED       ; Untyped                                                                     ;
; LPM_PIPELINE           ; 0              ; Untyped                                                                     ;
; LPM_REMAINDERPOSITIVE  ; TRUE           ; Untyped                                                                     ;
; MAXIMIZE_SPEED         ; 5              ; Untyped                                                                     ;
; CBXI_PARAMETER         ; lpm_divide_65m ; Untyped                                                                     ;
; CARRY_CHAIN            ; MANUAL         ; Untyped                                                                     ;
; OPTIMIZE_FOR_SPEED     ; 5              ; Untyped                                                                     ;
; AUTO_CARRY_CHAINS      ; ON             ; AUTO_CARRY                                                                  ;
; IGNORE_CARRY_BUFFERS   ; OFF            ; IGNORE_CARRY                                                                ;
; AUTO_CASCADE_CHAINS    ; ON             ; AUTO_CASCADE                                                                ;
; IGNORE_CASCADE_BUFFERS ; OFF            ; IGNORE_CASCADE                                                              ;
+------------------------+----------------+-----------------------------------------------------------------------------+
Note: In order to hide this table in the UI and the text report file, please set the "Show Parameter Settings in Synthesis Report" option in "Analysis and Synthesis Settings -> More Settings" to "Off".


+----------------------------------------------------------------------+
; Port Connectivity Checks: "vga_controller:u_vga|vga_timing:u_timing" ;
+------------+--------+----------+-------------------------------------+
; Port       ; Type   ; Severity ; Details                             ;
+------------+--------+----------+-------------------------------------+
; line_tick  ; Output ; Info     ; Explicitly unconnected              ;
; frame_tick ; Output ; Info     ; Explicitly unconnected              ;
+------------+--------+----------+-------------------------------------+


+------------------------------------------------------------+
; Port Connectivity Checks: "seven_segment_display:u_hex_OP" ;
+------------+-------+----------+----------------------------+
; Port       ; Type  ; Severity ; Details                    ;
+------------+-------+----------+----------------------------+
; sev_seg_in ; Input ; Info     ; Stuck at GND               ;
+------------+-------+----------+----------------------------+


+----------------------------------------------------------------------------------------------------------------+
; Port Connectivity Checks: "cpu_armv4:u_cpu|alu_core:u_alu_core|divider:u_divmod"                               ;
+------+--------+----------+-------------------------------------------------------------------------------------+
; Port ; Type   ; Severity ; Details                                                                             ;
+------+--------+----------+-------------------------------------------------------------------------------------+
; div0 ; Output ; Info     ; Connected to dangling logic. Logic that only feeds a dangling port will be removed. ;
+------+--------+----------+-------------------------------------------------------------------------------------+


+-----------------------------------------------------------------------------------------------------------------------+
; Port Connectivity Checks: "cpu_armv4:u_cpu|alu_core:u_alu_core|multiplicador_sumas:u_mul|sumador:GEN_MUL[31].u_add_i" ;
+----------+--------+----------+----------------------------------------------------------------------------------------+
; Port     ; Type   ; Severity ; Details                                                                                ;
+----------+--------+----------+----------------------------------------------------------------------------------------+
; B[30..0] ; Input  ; Info     ; Stuck at GND                                                                           ;
; B[63]    ; Input  ; Info     ; Stuck at GND                                                                           ;
; Cin      ; Input  ; Info     ; Stuck at GND                                                                           ;
; Cout     ; Output ; Info     ; Explicitly unconnected                                                                 ;
; Z        ; Output ; Info     ; Connected to dangling logic. Logic that only feeds a dangling port will be removed.    ;
; Nf       ; Output ; Info     ; Connected to dangling logic. Logic that only feeds a dangling port will be removed.    ;
; V        ; Output ; Info     ; Connected to dangling logic. Logic that only feeds a dangling port will be removed.    ;
; C        ; Output ; Info     ; Connected to dangling logic. Logic that only feeds a dangling port will be removed.    ;
+----------+--------+----------+----------------------------------------------------------------------------------------+


+-----------------------------------------------------------------------------------------------------------------------+
; Port Connectivity Checks: "cpu_armv4:u_cpu|alu_core:u_alu_core|multiplicador_sumas:u_mul|sumador:GEN_MUL[30].u_add_i" ;
+-----------+--------+----------+---------------------------------------------------------------------------------------+
; Port      ; Type   ; Severity ; Details                                                                               ;
+-----------+--------+----------+---------------------------------------------------------------------------------------+
; B[63..62] ; Input  ; Info     ; Stuck at GND                                                                          ;
; B[29..0]  ; Input  ; Info     ; Stuck at GND                                                                          ;
; Cin       ; Input  ; Info     ; Stuck at GND                                                                          ;
; Cout      ; Output ; Info     ; Explicitly unconnected                                                                ;
; Z         ; Output ; Info     ; Connected to dangling logic. Logic that only feeds a dangling port will be removed.   ;
; Nf        ; Output ; Info     ; Connected to dangling logic. Logic that only feeds a dangling port will be removed.   ;
; V         ; Output ; Info     ; Connected to dangling logic. Logic that only feeds a dangling port will be removed.   ;
; C         ; Output ; Info     ; Connected to dangling logic. Logic that only feeds a dangling port will be removed.   ;
+-----------+--------+----------+---------------------------------------------------------------------------------------+


+-----------------------------------------------------------------------------------------------------------------------+
; Port Connectivity Checks: "cpu_armv4:u_cpu|alu_core:u_alu_core|multiplicador_sumas:u_mul|sumador:GEN_MUL[29].u_add_i" ;
+-----------+--------+----------+---------------------------------------------------------------------------------------+
; Port      ; Type   ; Severity ; Details                                                                               ;
+-----------+--------+----------+---------------------------------------------------------------------------------------+
; B[63..61] ; Input  ; Info     ; Stuck at GND                                                                          ;
; B[28..0]  ; Input  ; Info     ; Stuck at GND                                                                          ;
; Cin       ; Input  ; Info     ; Stuck at GND                                                                          ;
; Cout      ; Output ; Info     ; Explicitly unconnected                                                                ;
; Z         ; Output ; Info     ; Connected to dangling logic. Logic that only feeds a dangling port will be removed.   ;
; Nf        ; Output ; Info     ; Connected to dangling logic. Logic that only feeds a dangling port will be removed.   ;
; V         ; Output ; Info     ; Connected to dangling logic. Logic that only feeds a dangling port will be removed.   ;
; C         ; Output ; Info     ; Connected to dangling logic. Logic that only feeds a dangling port will be removed.   ;
+-----------+--------+----------+---------------------------------------------------------------------------------------+


+-----------------------------------------------------------------------------------------------------------------------+
; Port Connectivity Checks: "cpu_armv4:u_cpu|alu_core:u_alu_core|multiplicador_sumas:u_mul|sumador:GEN_MUL[28].u_add_i" ;
+-----------+--------+----------+---------------------------------------------------------------------------------------+
; Port      ; Type   ; Severity ; Details                                                                               ;
+-----------+--------+----------+---------------------------------------------------------------------------------------+
; B[63..60] ; Input  ; Info     ; Stuck at GND                                                                          ;
; B[27..0]  ; Input  ; Info     ; Stuck at GND                                                                          ;
; Cin       ; Input  ; Info     ; Stuck at GND                                                                          ;
; Cout      ; Output ; Info     ; Explicitly unconnected                                                                ;
; Z         ; Output ; Info     ; Connected to dangling logic. Logic that only feeds a dangling port will be removed.   ;
; Nf        ; Output ; Info     ; Connected to dangling logic. Logic that only feeds a dangling port will be removed.   ;
; V         ; Output ; Info     ; Connected to dangling logic. Logic that only feeds a dangling port will be removed.   ;
; C         ; Output ; Info     ; Connected to dangling logic. Logic that only feeds a dangling port will be removed.   ;
+-----------+--------+----------+---------------------------------------------------------------------------------------+


+-----------------------------------------------------------------------------------------------------------------------+
; Port Connectivity Checks: "cpu_armv4:u_cpu|alu_core:u_alu_core|multiplicador_sumas:u_mul|sumador:GEN_MUL[27].u_add_i" ;
+-----------+--------+----------+---------------------------------------------------------------------------------------+
; Port      ; Type   ; Severity ; Details                                                                               ;
+-----------+--------+----------+---------------------------------------------------------------------------------------+
; B[63..59] ; Input  ; Info     ; Stuck at GND                                                                          ;
; B[26..0]  ; Input  ; Info     ; Stuck at GND                                                                          ;
; Cin       ; Input  ; Info     ; Stuck at GND                                                                          ;
; Cout      ; Output ; Info     ; Explicitly unconnected                                                                ;
; Z         ; Output ; Info     ; Connected to dangling logic. Logic that only feeds a dangling port will be removed.   ;
; Nf        ; Output ; Info     ; Connected to dangling logic. Logic that only feeds a dangling port will be removed.   ;
; V         ; Output ; Info     ; Connected to dangling logic. Logic that only feeds a dangling port will be removed.   ;
; C         ; Output ; Info     ; Connected to dangling logic. Logic that only feeds a dangling port will be removed.   ;
+-----------+--------+----------+---------------------------------------------------------------------------------------+


+-----------------------------------------------------------------------------------------------------------------------+
; Port Connectivity Checks: "cpu_armv4:u_cpu|alu_core:u_alu_core|multiplicador_sumas:u_mul|sumador:GEN_MUL[26].u_add_i" ;
+-----------+--------+----------+---------------------------------------------------------------------------------------+
; Port      ; Type   ; Severity ; Details                                                                               ;
+-----------+--------+----------+---------------------------------------------------------------------------------------+
; B[63..58] ; Input  ; Info     ; Stuck at GND                                                                          ;
; B[25..0]  ; Input  ; Info     ; Stuck at GND                                                                          ;
; Cin       ; Input  ; Info     ; Stuck at GND                                                                          ;
; Cout      ; Output ; Info     ; Explicitly unconnected                                                                ;
; Z         ; Output ; Info     ; Connected to dangling logic. Logic that only feeds a dangling port will be removed.   ;
; Nf        ; Output ; Info     ; Connected to dangling logic. Logic that only feeds a dangling port will be removed.   ;
; V         ; Output ; Info     ; Connected to dangling logic. Logic that only feeds a dangling port will be removed.   ;
; C         ; Output ; Info     ; Connected to dangling logic. Logic that only feeds a dangling port will be removed.   ;
+-----------+--------+----------+---------------------------------------------------------------------------------------+


+-----------------------------------------------------------------------------------------------------------------------+
; Port Connectivity Checks: "cpu_armv4:u_cpu|alu_core:u_alu_core|multiplicador_sumas:u_mul|sumador:GEN_MUL[25].u_add_i" ;
+-----------+--------+----------+---------------------------------------------------------------------------------------+
; Port      ; Type   ; Severity ; Details                                                                               ;
+-----------+--------+----------+---------------------------------------------------------------------------------------+
; B[63..57] ; Input  ; Info     ; Stuck at GND                                                                          ;
; B[24..0]  ; Input  ; Info     ; Stuck at GND                                                                          ;
; Cin       ; Input  ; Info     ; Stuck at GND                                                                          ;
; Cout      ; Output ; Info     ; Explicitly unconnected                                                                ;
; Z         ; Output ; Info     ; Connected to dangling logic. Logic that only feeds a dangling port will be removed.   ;
; Nf        ; Output ; Info     ; Connected to dangling logic. Logic that only feeds a dangling port will be removed.   ;
; V         ; Output ; Info     ; Connected to dangling logic. Logic that only feeds a dangling port will be removed.   ;
; C         ; Output ; Info     ; Connected to dangling logic. Logic that only feeds a dangling port will be removed.   ;
+-----------+--------+----------+---------------------------------------------------------------------------------------+


+-----------------------------------------------------------------------------------------------------------------------+
; Port Connectivity Checks: "cpu_armv4:u_cpu|alu_core:u_alu_core|multiplicador_sumas:u_mul|sumador:GEN_MUL[24].u_add_i" ;
+-----------+--------+----------+---------------------------------------------------------------------------------------+
; Port      ; Type   ; Severity ; Details                                                                               ;
+-----------+--------+----------+---------------------------------------------------------------------------------------+
; B[63..56] ; Input  ; Info     ; Stuck at GND                                                                          ;
; B[23..0]  ; Input  ; Info     ; Stuck at GND                                                                          ;
; Cin       ; Input  ; Info     ; Stuck at GND                                                                          ;
; Cout      ; Output ; Info     ; Explicitly unconnected                                                                ;
; Z         ; Output ; Info     ; Connected to dangling logic. Logic that only feeds a dangling port will be removed.   ;
; Nf        ; Output ; Info     ; Connected to dangling logic. Logic that only feeds a dangling port will be removed.   ;
; V         ; Output ; Info     ; Connected to dangling logic. Logic that only feeds a dangling port will be removed.   ;
; C         ; Output ; Info     ; Connected to dangling logic. Logic that only feeds a dangling port will be removed.   ;
+-----------+--------+----------+---------------------------------------------------------------------------------------+


+-----------------------------------------------------------------------------------------------------------------------+
; Port Connectivity Checks: "cpu_armv4:u_cpu|alu_core:u_alu_core|multiplicador_sumas:u_mul|sumador:GEN_MUL[23].u_add_i" ;
+-----------+--------+----------+---------------------------------------------------------------------------------------+
; Port      ; Type   ; Severity ; Details                                                                               ;
+-----------+--------+----------+---------------------------------------------------------------------------------------+
; B[63..55] ; Input  ; Info     ; Stuck at GND                                                                          ;
; B[22..0]  ; Input  ; Info     ; Stuck at GND                                                                          ;
; Cin       ; Input  ; Info     ; Stuck at GND                                                                          ;
; Cout      ; Output ; Info     ; Explicitly unconnected                                                                ;
; Z         ; Output ; Info     ; Connected to dangling logic. Logic that only feeds a dangling port will be removed.   ;
; Nf        ; Output ; Info     ; Connected to dangling logic. Logic that only feeds a dangling port will be removed.   ;
; V         ; Output ; Info     ; Connected to dangling logic. Logic that only feeds a dangling port will be removed.   ;
; C         ; Output ; Info     ; Connected to dangling logic. Logic that only feeds a dangling port will be removed.   ;
+-----------+--------+----------+---------------------------------------------------------------------------------------+


+-----------------------------------------------------------------------------------------------------------------------+
; Port Connectivity Checks: "cpu_armv4:u_cpu|alu_core:u_alu_core|multiplicador_sumas:u_mul|sumador:GEN_MUL[22].u_add_i" ;
+-----------+--------+----------+---------------------------------------------------------------------------------------+
; Port      ; Type   ; Severity ; Details                                                                               ;
+-----------+--------+----------+---------------------------------------------------------------------------------------+
; B[63..54] ; Input  ; Info     ; Stuck at GND                                                                          ;
; B[21..0]  ; Input  ; Info     ; Stuck at GND                                                                          ;
; Cin       ; Input  ; Info     ; Stuck at GND                                                                          ;
; Cout      ; Output ; Info     ; Explicitly unconnected                                                                ;
; Z         ; Output ; Info     ; Connected to dangling logic. Logic that only feeds a dangling port will be removed.   ;
; Nf        ; Output ; Info     ; Connected to dangling logic. Logic that only feeds a dangling port will be removed.   ;
; V         ; Output ; Info     ; Connected to dangling logic. Logic that only feeds a dangling port will be removed.   ;
; C         ; Output ; Info     ; Connected to dangling logic. Logic that only feeds a dangling port will be removed.   ;
+-----------+--------+----------+---------------------------------------------------------------------------------------+


+-----------------------------------------------------------------------------------------------------------------------+
; Port Connectivity Checks: "cpu_armv4:u_cpu|alu_core:u_alu_core|multiplicador_sumas:u_mul|sumador:GEN_MUL[21].u_add_i" ;
+-----------+--------+----------+---------------------------------------------------------------------------------------+
; Port      ; Type   ; Severity ; Details                                                                               ;
+-----------+--------+----------+---------------------------------------------------------------------------------------+
; B[63..53] ; Input  ; Info     ; Stuck at GND                                                                          ;
; B[20..0]  ; Input  ; Info     ; Stuck at GND                                                                          ;
; Cin       ; Input  ; Info     ; Stuck at GND                                                                          ;
; Cout      ; Output ; Info     ; Explicitly unconnected                                                                ;
; Z         ; Output ; Info     ; Connected to dangling logic. Logic that only feeds a dangling port will be removed.   ;
; Nf        ; Output ; Info     ; Connected to dangling logic. Logic that only feeds a dangling port will be removed.   ;
; V         ; Output ; Info     ; Connected to dangling logic. Logic that only feeds a dangling port will be removed.   ;
; C         ; Output ; Info     ; Connected to dangling logic. Logic that only feeds a dangling port will be removed.   ;
+-----------+--------+----------+---------------------------------------------------------------------------------------+


+-----------------------------------------------------------------------------------------------------------------------+
; Port Connectivity Checks: "cpu_armv4:u_cpu|alu_core:u_alu_core|multiplicador_sumas:u_mul|sumador:GEN_MUL[20].u_add_i" ;
+-----------+--------+----------+---------------------------------------------------------------------------------------+
; Port      ; Type   ; Severity ; Details                                                                               ;
+-----------+--------+----------+---------------------------------------------------------------------------------------+
; B[63..52] ; Input  ; Info     ; Stuck at GND                                                                          ;
; B[19..0]  ; Input  ; Info     ; Stuck at GND                                                                          ;
; Cin       ; Input  ; Info     ; Stuck at GND                                                                          ;
; Cout      ; Output ; Info     ; Explicitly unconnected                                                                ;
; Z         ; Output ; Info     ; Connected to dangling logic. Logic that only feeds a dangling port will be removed.   ;
; Nf        ; Output ; Info     ; Connected to dangling logic. Logic that only feeds a dangling port will be removed.   ;
; V         ; Output ; Info     ; Connected to dangling logic. Logic that only feeds a dangling port will be removed.   ;
; C         ; Output ; Info     ; Connected to dangling logic. Logic that only feeds a dangling port will be removed.   ;
+-----------+--------+----------+---------------------------------------------------------------------------------------+


+-----------------------------------------------------------------------------------------------------------------------+
; Port Connectivity Checks: "cpu_armv4:u_cpu|alu_core:u_alu_core|multiplicador_sumas:u_mul|sumador:GEN_MUL[19].u_add_i" ;
+-----------+--------+----------+---------------------------------------------------------------------------------------+
; Port      ; Type   ; Severity ; Details                                                                               ;
+-----------+--------+----------+---------------------------------------------------------------------------------------+
; B[63..51] ; Input  ; Info     ; Stuck at GND                                                                          ;
; B[18..0]  ; Input  ; Info     ; Stuck at GND                                                                          ;
; Cin       ; Input  ; Info     ; Stuck at GND                                                                          ;
; Cout      ; Output ; Info     ; Explicitly unconnected                                                                ;
; Z         ; Output ; Info     ; Connected to dangling logic. Logic that only feeds a dangling port will be removed.   ;
; Nf        ; Output ; Info     ; Connected to dangling logic. Logic that only feeds a dangling port will be removed.   ;
; V         ; Output ; Info     ; Connected to dangling logic. Logic that only feeds a dangling port will be removed.   ;
; C         ; Output ; Info     ; Connected to dangling logic. Logic that only feeds a dangling port will be removed.   ;
+-----------+--------+----------+---------------------------------------------------------------------------------------+


+-----------------------------------------------------------------------------------------------------------------------+
; Port Connectivity Checks: "cpu_armv4:u_cpu|alu_core:u_alu_core|multiplicador_sumas:u_mul|sumador:GEN_MUL[18].u_add_i" ;
+-----------+--------+----------+---------------------------------------------------------------------------------------+
; Port      ; Type   ; Severity ; Details                                                                               ;
+-----------+--------+----------+---------------------------------------------------------------------------------------+
; B[63..50] ; Input  ; Info     ; Stuck at GND                                                                          ;
; B[17..0]  ; Input  ; Info     ; Stuck at GND                                                                          ;
; Cin       ; Input  ; Info     ; Stuck at GND                                                                          ;
; Cout      ; Output ; Info     ; Explicitly unconnected                                                                ;
; Z         ; Output ; Info     ; Connected to dangling logic. Logic that only feeds a dangling port will be removed.   ;
; Nf        ; Output ; Info     ; Connected to dangling logic. Logic that only feeds a dangling port will be removed.   ;
; V         ; Output ; Info     ; Connected to dangling logic. Logic that only feeds a dangling port will be removed.   ;
; C         ; Output ; Info     ; Connected to dangling logic. Logic that only feeds a dangling port will be removed.   ;
+-----------+--------+----------+---------------------------------------------------------------------------------------+


+-----------------------------------------------------------------------------------------------------------------------+
; Port Connectivity Checks: "cpu_armv4:u_cpu|alu_core:u_alu_core|multiplicador_sumas:u_mul|sumador:GEN_MUL[17].u_add_i" ;
+-----------+--------+----------+---------------------------------------------------------------------------------------+
; Port      ; Type   ; Severity ; Details                                                                               ;
+-----------+--------+----------+---------------------------------------------------------------------------------------+
; B[63..49] ; Input  ; Info     ; Stuck at GND                                                                          ;
; B[16..0]  ; Input  ; Info     ; Stuck at GND                                                                          ;
; Cin       ; Input  ; Info     ; Stuck at GND                                                                          ;
; Cout      ; Output ; Info     ; Explicitly unconnected                                                                ;
; Z         ; Output ; Info     ; Connected to dangling logic. Logic that only feeds a dangling port will be removed.   ;
; Nf        ; Output ; Info     ; Connected to dangling logic. Logic that only feeds a dangling port will be removed.   ;
; V         ; Output ; Info     ; Connected to dangling logic. Logic that only feeds a dangling port will be removed.   ;
; C         ; Output ; Info     ; Connected to dangling logic. Logic that only feeds a dangling port will be removed.   ;
+-----------+--------+----------+---------------------------------------------------------------------------------------+


+-----------------------------------------------------------------------------------------------------------------------+
; Port Connectivity Checks: "cpu_armv4:u_cpu|alu_core:u_alu_core|multiplicador_sumas:u_mul|sumador:GEN_MUL[16].u_add_i" ;
+-----------+--------+----------+---------------------------------------------------------------------------------------+
; Port      ; Type   ; Severity ; Details                                                                               ;
+-----------+--------+----------+---------------------------------------------------------------------------------------+
; B[63..48] ; Input  ; Info     ; Stuck at GND                                                                          ;
; B[15..0]  ; Input  ; Info     ; Stuck at GND                                                                          ;
; Cin       ; Input  ; Info     ; Stuck at GND                                                                          ;
; Cout      ; Output ; Info     ; Explicitly unconnected                                                                ;
; Z         ; Output ; Info     ; Connected to dangling logic. Logic that only feeds a dangling port will be removed.   ;
; Nf        ; Output ; Info     ; Connected to dangling logic. Logic that only feeds a dangling port will be removed.   ;
; V         ; Output ; Info     ; Connected to dangling logic. Logic that only feeds a dangling port will be removed.   ;
; C         ; Output ; Info     ; Connected to dangling logic. Logic that only feeds a dangling port will be removed.   ;
+-----------+--------+----------+---------------------------------------------------------------------------------------+


+-----------------------------------------------------------------------------------------------------------------------+
; Port Connectivity Checks: "cpu_armv4:u_cpu|alu_core:u_alu_core|multiplicador_sumas:u_mul|sumador:GEN_MUL[15].u_add_i" ;
+-----------+--------+----------+---------------------------------------------------------------------------------------+
; Port      ; Type   ; Severity ; Details                                                                               ;
+-----------+--------+----------+---------------------------------------------------------------------------------------+
; B[63..47] ; Input  ; Info     ; Stuck at GND                                                                          ;
; B[14..0]  ; Input  ; Info     ; Stuck at GND                                                                          ;
; Cin       ; Input  ; Info     ; Stuck at GND                                                                          ;
; Cout      ; Output ; Info     ; Explicitly unconnected                                                                ;
; Z         ; Output ; Info     ; Connected to dangling logic. Logic that only feeds a dangling port will be removed.   ;
; Nf        ; Output ; Info     ; Connected to dangling logic. Logic that only feeds a dangling port will be removed.   ;
; V         ; Output ; Info     ; Connected to dangling logic. Logic that only feeds a dangling port will be removed.   ;
; C         ; Output ; Info     ; Connected to dangling logic. Logic that only feeds a dangling port will be removed.   ;
+-----------+--------+----------+---------------------------------------------------------------------------------------+


+-----------------------------------------------------------------------------------------------------------------------+
; Port Connectivity Checks: "cpu_armv4:u_cpu|alu_core:u_alu_core|multiplicador_sumas:u_mul|sumador:GEN_MUL[14].u_add_i" ;
+-----------+--------+----------+---------------------------------------------------------------------------------------+
; Port      ; Type   ; Severity ; Details                                                                               ;
+-----------+--------+----------+---------------------------------------------------------------------------------------+
; B[63..46] ; Input  ; Info     ; Stuck at GND                                                                          ;
; B[13..0]  ; Input  ; Info     ; Stuck at GND                                                                          ;
; Cin       ; Input  ; Info     ; Stuck at GND                                                                          ;
; Cout      ; Output ; Info     ; Explicitly unconnected                                                                ;
; Z         ; Output ; Info     ; Connected to dangling logic. Logic that only feeds a dangling port will be removed.   ;
; Nf        ; Output ; Info     ; Connected to dangling logic. Logic that only feeds a dangling port will be removed.   ;
; V         ; Output ; Info     ; Connected to dangling logic. Logic that only feeds a dangling port will be removed.   ;
; C         ; Output ; Info     ; Connected to dangling logic. Logic that only feeds a dangling port will be removed.   ;
+-----------+--------+----------+---------------------------------------------------------------------------------------+


+-----------------------------------------------------------------------------------------------------------------------+
; Port Connectivity Checks: "cpu_armv4:u_cpu|alu_core:u_alu_core|multiplicador_sumas:u_mul|sumador:GEN_MUL[13].u_add_i" ;
+-----------+--------+----------+---------------------------------------------------------------------------------------+
; Port      ; Type   ; Severity ; Details                                                                               ;
+-----------+--------+----------+---------------------------------------------------------------------------------------+
; B[63..45] ; Input  ; Info     ; Stuck at GND                                                                          ;
; B[12..0]  ; Input  ; Info     ; Stuck at GND                                                                          ;
; Cin       ; Input  ; Info     ; Stuck at GND                                                                          ;
; Cout      ; Output ; Info     ; Explicitly unconnected                                                                ;
; Z         ; Output ; Info     ; Connected to dangling logic. Logic that only feeds a dangling port will be removed.   ;
; Nf        ; Output ; Info     ; Connected to dangling logic. Logic that only feeds a dangling port will be removed.   ;
; V         ; Output ; Info     ; Connected to dangling logic. Logic that only feeds a dangling port will be removed.   ;
; C         ; Output ; Info     ; Connected to dangling logic. Logic that only feeds a dangling port will be removed.   ;
+-----------+--------+----------+---------------------------------------------------------------------------------------+


+-----------------------------------------------------------------------------------------------------------------------+
; Port Connectivity Checks: "cpu_armv4:u_cpu|alu_core:u_alu_core|multiplicador_sumas:u_mul|sumador:GEN_MUL[12].u_add_i" ;
+-----------+--------+----------+---------------------------------------------------------------------------------------+
; Port      ; Type   ; Severity ; Details                                                                               ;
+-----------+--------+----------+---------------------------------------------------------------------------------------+
; B[63..44] ; Input  ; Info     ; Stuck at GND                                                                          ;
; B[11..0]  ; Input  ; Info     ; Stuck at GND                                                                          ;
; Cin       ; Input  ; Info     ; Stuck at GND                                                                          ;
; Cout      ; Output ; Info     ; Explicitly unconnected                                                                ;
; Z         ; Output ; Info     ; Connected to dangling logic. Logic that only feeds a dangling port will be removed.   ;
; Nf        ; Output ; Info     ; Connected to dangling logic. Logic that only feeds a dangling port will be removed.   ;
; V         ; Output ; Info     ; Connected to dangling logic. Logic that only feeds a dangling port will be removed.   ;
; C         ; Output ; Info     ; Connected to dangling logic. Logic that only feeds a dangling port will be removed.   ;
+-----------+--------+----------+---------------------------------------------------------------------------------------+


+-----------------------------------------------------------------------------------------------------------------------+
; Port Connectivity Checks: "cpu_armv4:u_cpu|alu_core:u_alu_core|multiplicador_sumas:u_mul|sumador:GEN_MUL[11].u_add_i" ;
+-----------+--------+----------+---------------------------------------------------------------------------------------+
; Port      ; Type   ; Severity ; Details                                                                               ;
+-----------+--------+----------+---------------------------------------------------------------------------------------+
; B[63..43] ; Input  ; Info     ; Stuck at GND                                                                          ;
; B[10..0]  ; Input  ; Info     ; Stuck at GND                                                                          ;
; Cin       ; Input  ; Info     ; Stuck at GND                                                                          ;
; Cout      ; Output ; Info     ; Explicitly unconnected                                                                ;
; Z         ; Output ; Info     ; Connected to dangling logic. Logic that only feeds a dangling port will be removed.   ;
; Nf        ; Output ; Info     ; Connected to dangling logic. Logic that only feeds a dangling port will be removed.   ;
; V         ; Output ; Info     ; Connected to dangling logic. Logic that only feeds a dangling port will be removed.   ;
; C         ; Output ; Info     ; Connected to dangling logic. Logic that only feeds a dangling port will be removed.   ;
+-----------+--------+----------+---------------------------------------------------------------------------------------+


+-----------------------------------------------------------------------------------------------------------------------+
; Port Connectivity Checks: "cpu_armv4:u_cpu|alu_core:u_alu_core|multiplicador_sumas:u_mul|sumador:GEN_MUL[10].u_add_i" ;
+-----------+--------+----------+---------------------------------------------------------------------------------------+
; Port      ; Type   ; Severity ; Details                                                                               ;
+-----------+--------+----------+---------------------------------------------------------------------------------------+
; B[63..42] ; Input  ; Info     ; Stuck at GND                                                                          ;
; B[9..0]   ; Input  ; Info     ; Stuck at GND                                                                          ;
; Cin       ; Input  ; Info     ; Stuck at GND                                                                          ;
; Cout      ; Output ; Info     ; Explicitly unconnected                                                                ;
; Z         ; Output ; Info     ; Connected to dangling logic. Logic that only feeds a dangling port will be removed.   ;
; Nf        ; Output ; Info     ; Connected to dangling logic. Logic that only feeds a dangling port will be removed.   ;
; V         ; Output ; Info     ; Connected to dangling logic. Logic that only feeds a dangling port will be removed.   ;
; C         ; Output ; Info     ; Connected to dangling logic. Logic that only feeds a dangling port will be removed.   ;
+-----------+--------+----------+---------------------------------------------------------------------------------------+


+----------------------------------------------------------------------------------------------------------------------+
; Port Connectivity Checks: "cpu_armv4:u_cpu|alu_core:u_alu_core|multiplicador_sumas:u_mul|sumador:GEN_MUL[9].u_add_i" ;
+-----------+--------+----------+--------------------------------------------------------------------------------------+
; Port      ; Type   ; Severity ; Details                                                                              ;
+-----------+--------+----------+--------------------------------------------------------------------------------------+
; B[63..41] ; Input  ; Info     ; Stuck at GND                                                                         ;
; B[8..0]   ; Input  ; Info     ; Stuck at GND                                                                         ;
; Cin       ; Input  ; Info     ; Stuck at GND                                                                         ;
; Cout      ; Output ; Info     ; Explicitly unconnected                                                               ;
; Z         ; Output ; Info     ; Connected to dangling logic. Logic that only feeds a dangling port will be removed.  ;
; Nf        ; Output ; Info     ; Connected to dangling logic. Logic that only feeds a dangling port will be removed.  ;
; V         ; Output ; Info     ; Connected to dangling logic. Logic that only feeds a dangling port will be removed.  ;
; C         ; Output ; Info     ; Connected to dangling logic. Logic that only feeds a dangling port will be removed.  ;
+-----------+--------+----------+--------------------------------------------------------------------------------------+


+----------------------------------------------------------------------------------------------------------------------+
; Port Connectivity Checks: "cpu_armv4:u_cpu|alu_core:u_alu_core|multiplicador_sumas:u_mul|sumador:GEN_MUL[8].u_add_i" ;
+-----------+--------+----------+--------------------------------------------------------------------------------------+
; Port      ; Type   ; Severity ; Details                                                                              ;
+-----------+--------+----------+--------------------------------------------------------------------------------------+
; B[63..40] ; Input  ; Info     ; Stuck at GND                                                                         ;
; B[7..0]   ; Input  ; Info     ; Stuck at GND                                                                         ;
; Cin       ; Input  ; Info     ; Stuck at GND                                                                         ;
; Cout      ; Output ; Info     ; Explicitly unconnected                                                               ;
; Z         ; Output ; Info     ; Connected to dangling logic. Logic that only feeds a dangling port will be removed.  ;
; Nf        ; Output ; Info     ; Connected to dangling logic. Logic that only feeds a dangling port will be removed.  ;
; V         ; Output ; Info     ; Connected to dangling logic. Logic that only feeds a dangling port will be removed.  ;
; C         ; Output ; Info     ; Connected to dangling logic. Logic that only feeds a dangling port will be removed.  ;
+-----------+--------+----------+--------------------------------------------------------------------------------------+


+----------------------------------------------------------------------------------------------------------------------+
; Port Connectivity Checks: "cpu_armv4:u_cpu|alu_core:u_alu_core|multiplicador_sumas:u_mul|sumador:GEN_MUL[7].u_add_i" ;
+-----------+--------+----------+--------------------------------------------------------------------------------------+
; Port      ; Type   ; Severity ; Details                                                                              ;
+-----------+--------+----------+--------------------------------------------------------------------------------------+
; B[63..39] ; Input  ; Info     ; Stuck at GND                                                                         ;
; B[6..0]   ; Input  ; Info     ; Stuck at GND                                                                         ;
; Cin       ; Input  ; Info     ; Stuck at GND                                                                         ;
; Cout      ; Output ; Info     ; Explicitly unconnected                                                               ;
; Z         ; Output ; Info     ; Connected to dangling logic. Logic that only feeds a dangling port will be removed.  ;
; Nf        ; Output ; Info     ; Connected to dangling logic. Logic that only feeds a dangling port will be removed.  ;
; V         ; Output ; Info     ; Connected to dangling logic. Logic that only feeds a dangling port will be removed.  ;
; C         ; Output ; Info     ; Connected to dangling logic. Logic that only feeds a dangling port will be removed.  ;
+-----------+--------+----------+--------------------------------------------------------------------------------------+


+----------------------------------------------------------------------------------------------------------------------+
; Port Connectivity Checks: "cpu_armv4:u_cpu|alu_core:u_alu_core|multiplicador_sumas:u_mul|sumador:GEN_MUL[6].u_add_i" ;
+-----------+--------+----------+--------------------------------------------------------------------------------------+
; Port      ; Type   ; Severity ; Details                                                                              ;
+-----------+--------+----------+--------------------------------------------------------------------------------------+
; B[63..38] ; Input  ; Info     ; Stuck at GND                                                                         ;
; B[5..0]   ; Input  ; Info     ; Stuck at GND                                                                         ;
; Cin       ; Input  ; Info     ; Stuck at GND                                                                         ;
; Cout      ; Output ; Info     ; Explicitly unconnected                                                               ;
; Z         ; Output ; Info     ; Connected to dangling logic. Logic that only feeds a dangling port will be removed.  ;
; Nf        ; Output ; Info     ; Connected to dangling logic. Logic that only feeds a dangling port will be removed.  ;
; V         ; Output ; Info     ; Connected to dangling logic. Logic that only feeds a dangling port will be removed.  ;
; C         ; Output ; Info     ; Connected to dangling logic. Logic that only feeds a dangling port will be removed.  ;
+-----------+--------+----------+--------------------------------------------------------------------------------------+


+----------------------------------------------------------------------------------------------------------------------+
; Port Connectivity Checks: "cpu_armv4:u_cpu|alu_core:u_alu_core|multiplicador_sumas:u_mul|sumador:GEN_MUL[5].u_add_i" ;
+-----------+--------+----------+--------------------------------------------------------------------------------------+
; Port      ; Type   ; Severity ; Details                                                                              ;
+-----------+--------+----------+--------------------------------------------------------------------------------------+
; B[63..37] ; Input  ; Info     ; Stuck at GND                                                                         ;
; B[4..0]   ; Input  ; Info     ; Stuck at GND                                                                         ;
; Cin       ; Input  ; Info     ; Stuck at GND                                                                         ;
; Cout      ; Output ; Info     ; Explicitly unconnected                                                               ;
; Z         ; Output ; Info     ; Connected to dangling logic. Logic that only feeds a dangling port will be removed.  ;
; Nf        ; Output ; Info     ; Connected to dangling logic. Logic that only feeds a dangling port will be removed.  ;
; V         ; Output ; Info     ; Connected to dangling logic. Logic that only feeds a dangling port will be removed.  ;
; C         ; Output ; Info     ; Connected to dangling logic. Logic that only feeds a dangling port will be removed.  ;
+-----------+--------+----------+--------------------------------------------------------------------------------------+


+----------------------------------------------------------------------------------------------------------------------+
; Port Connectivity Checks: "cpu_armv4:u_cpu|alu_core:u_alu_core|multiplicador_sumas:u_mul|sumador:GEN_MUL[4].u_add_i" ;
+-----------+--------+----------+--------------------------------------------------------------------------------------+
; Port      ; Type   ; Severity ; Details                                                                              ;
+-----------+--------+----------+--------------------------------------------------------------------------------------+
; B[63..36] ; Input  ; Info     ; Stuck at GND                                                                         ;
; B[3..0]   ; Input  ; Info     ; Stuck at GND                                                                         ;
; Cin       ; Input  ; Info     ; Stuck at GND                                                                         ;
; Cout      ; Output ; Info     ; Explicitly unconnected                                                               ;
; Z         ; Output ; Info     ; Connected to dangling logic. Logic that only feeds a dangling port will be removed.  ;
; Nf        ; Output ; Info     ; Connected to dangling logic. Logic that only feeds a dangling port will be removed.  ;
; V         ; Output ; Info     ; Connected to dangling logic. Logic that only feeds a dangling port will be removed.  ;
; C         ; Output ; Info     ; Connected to dangling logic. Logic that only feeds a dangling port will be removed.  ;
+-----------+--------+----------+--------------------------------------------------------------------------------------+


+----------------------------------------------------------------------------------------------------------------------+
; Port Connectivity Checks: "cpu_armv4:u_cpu|alu_core:u_alu_core|multiplicador_sumas:u_mul|sumador:GEN_MUL[3].u_add_i" ;
+-----------+--------+----------+--------------------------------------------------------------------------------------+
; Port      ; Type   ; Severity ; Details                                                                              ;
+-----------+--------+----------+--------------------------------------------------------------------------------------+
; B[63..35] ; Input  ; Info     ; Stuck at GND                                                                         ;
; B[2..0]   ; Input  ; Info     ; Stuck at GND                                                                         ;
; Cin       ; Input  ; Info     ; Stuck at GND                                                                         ;
; Cout      ; Output ; Info     ; Explicitly unconnected                                                               ;
; Z         ; Output ; Info     ; Connected to dangling logic. Logic that only feeds a dangling port will be removed.  ;
; Nf        ; Output ; Info     ; Connected to dangling logic. Logic that only feeds a dangling port will be removed.  ;
; V         ; Output ; Info     ; Connected to dangling logic. Logic that only feeds a dangling port will be removed.  ;
; C         ; Output ; Info     ; Connected to dangling logic. Logic that only feeds a dangling port will be removed.  ;
+-----------+--------+----------+--------------------------------------------------------------------------------------+


+----------------------------------------------------------------------------------------------------------------------+
; Port Connectivity Checks: "cpu_armv4:u_cpu|alu_core:u_alu_core|multiplicador_sumas:u_mul|sumador:GEN_MUL[2].u_add_i" ;
+-----------+--------+----------+--------------------------------------------------------------------------------------+
; Port      ; Type   ; Severity ; Details                                                                              ;
+-----------+--------+----------+--------------------------------------------------------------------------------------+
; B[63..34] ; Input  ; Info     ; Stuck at GND                                                                         ;
; B[1..0]   ; Input  ; Info     ; Stuck at GND                                                                         ;
; Cin       ; Input  ; Info     ; Stuck at GND                                                                         ;
; Cout      ; Output ; Info     ; Explicitly unconnected                                                               ;
; Z         ; Output ; Info     ; Connected to dangling logic. Logic that only feeds a dangling port will be removed.  ;
; Nf        ; Output ; Info     ; Connected to dangling logic. Logic that only feeds a dangling port will be removed.  ;
; V         ; Output ; Info     ; Connected to dangling logic. Logic that only feeds a dangling port will be removed.  ;
; C         ; Output ; Info     ; Connected to dangling logic. Logic that only feeds a dangling port will be removed.  ;
+-----------+--------+----------+--------------------------------------------------------------------------------------+


+----------------------------------------------------------------------------------------------------------------------+
; Port Connectivity Checks: "cpu_armv4:u_cpu|alu_core:u_alu_core|multiplicador_sumas:u_mul|sumador:GEN_MUL[1].u_add_i" ;
+-----------+--------+----------+--------------------------------------------------------------------------------------+
; Port      ; Type   ; Severity ; Details                                                                              ;
+-----------+--------+----------+--------------------------------------------------------------------------------------+
; B[63..33] ; Input  ; Info     ; Stuck at GND                                                                         ;
; B[0]      ; Input  ; Info     ; Stuck at GND                                                                         ;
; Cin       ; Input  ; Info     ; Stuck at GND                                                                         ;
; Cout      ; Output ; Info     ; Explicitly unconnected                                                               ;
; Z         ; Output ; Info     ; Connected to dangling logic. Logic that only feeds a dangling port will be removed.  ;
; Nf        ; Output ; Info     ; Connected to dangling logic. Logic that only feeds a dangling port will be removed.  ;
; V         ; Output ; Info     ; Connected to dangling logic. Logic that only feeds a dangling port will be removed.  ;
; C         ; Output ; Info     ; Connected to dangling logic. Logic that only feeds a dangling port will be removed.  ;
+-----------+--------+----------+--------------------------------------------------------------------------------------+


+----------------------------------------------------------------------------------------------------------------------+
; Port Connectivity Checks: "cpu_armv4:u_cpu|alu_core:u_alu_core|multiplicador_sumas:u_mul|sumador:GEN_MUL[0].u_add_i" ;
+-----------+--------+----------+--------------------------------------------------------------------------------------+
; Port      ; Type   ; Severity ; Details                                                                              ;
+-----------+--------+----------+--------------------------------------------------------------------------------------+
; A         ; Input  ; Info     ; Stuck at GND                                                                         ;
; B[63..32] ; Input  ; Info     ; Stuck at GND                                                                         ;
; Cin       ; Input  ; Info     ; Stuck at GND                                                                         ;
; Cout      ; Output ; Info     ; Explicitly unconnected                                                               ;
; Z         ; Output ; Info     ; Connected to dangling logic. Logic that only feeds a dangling port will be removed.  ;
; Nf        ; Output ; Info     ; Connected to dangling logic. Logic that only feeds a dangling port will be removed.  ;
; V         ; Output ; Info     ; Connected to dangling logic. Logic that only feeds a dangling port will be removed.  ;
; C         ; Output ; Info     ; Connected to dangling logic. Logic that only feeds a dangling port will be removed.  ;
+-----------+--------+----------+--------------------------------------------------------------------------------------+


+----------------------------------------------------------------------------------------------------------------+
; Port Connectivity Checks: "cpu_armv4:u_cpu|alu_core:u_alu_core|restador:u_sub"                                 ;
+------+--------+----------+-------------------------------------------------------------------------------------+
; Port ; Type   ; Severity ; Details                                                                             ;
+------+--------+----------+-------------------------------------------------------------------------------------+
; Bout ; Output ; Info     ; Connected to dangling logic. Logic that only feeds a dangling port will be removed. ;
+------+--------+----------+-------------------------------------------------------------------------------------+


+-------------------------------------------------------------------------------+
; Port Connectivity Checks: "cpu_armv4:u_cpu|alu_core:u_alu_core|sumador:u_add" ;
+------+--------+----------+----------------------------------------------------+
; Port ; Type   ; Severity ; Details                                            ;
+------+--------+----------+----------------------------------------------------+
; Cout ; Output ; Info     ; Explicitly unconnected                             ;
+------+--------+----------+----------------------------------------------------+


+-------------------------------------------------------------------------------------------------------------------+
; Port Connectivity Checks: "cpu_armv4:u_cpu|alu_core:u_alu_core"                                                   ;
+---------+--------+----------+-------------------------------------------------------------------------------------+
; Port    ; Type   ; Severity ; Details                                                                             ;
+---------+--------+----------+-------------------------------------------------------------------------------------+
; CIN_BIN ; Input  ; Info     ; Stuck at GND                                                                        ;
; FLAGS   ; Output ; Info     ; Connected to dangling logic. Logic that only feeds a dangling port will be removed. ;
+---------+--------+----------+-------------------------------------------------------------------------------------+


+---------------------------------------------------------------------------------------------------------------------------------+
; Port Connectivity Checks: "cpu_armv4:u_cpu"                                                                                     ;
+-----------------------+--------+----------+-------------------------------------------------------------------------------------+
; Port                  ; Type   ; Severity ; Details                                                                             ;
+-----------------------+--------+----------+-------------------------------------------------------------------------------------+
; ext_addr[7..4]        ; Input  ; Info     ; Stuck at GND                                                                        ;
; ext_addr[2]           ; Input  ; Info     ; Stuck at GND                                                                        ;
; ext_wdata[31..4]      ; Input  ; Info     ; Stuck at GND                                                                        ;
; alu_result_out[31..4] ; Output ; Info     ; Connected to dangling logic. Logic that only feeds a dangling port will be removed. ;
+-----------------------+--------+----------+-------------------------------------------------------------------------------------+


+-----------------------------------------------------+
; Post-Synthesis Netlist Statistics for Top Partition ;
+-----------------------+-----------------------------+
; Type                  ; Count                       ;
+-----------------------+-----------------------------+
; arriav_ff             ; 8602                        ;
;     CLR               ; 76                          ;
;     CLR SCLR          ; 1                           ;
;     ENA               ; 1024                        ;
;     ENA CLR           ; 306                         ;
;     ENA SCLR          ; 7180                        ;
;     SCLR              ; 12                          ;
;     plain             ; 3                           ;
; arriav_lcell_comb     ; 7112                        ;
;     arith             ; 1288                        ;
;         0 data inputs ; 120                         ;
;         1 data inputs ; 89                          ;
;         2 data inputs ; 29                          ;
;         5 data inputs ; 1050                        ;
;     extend            ; 15                          ;
;         7 data inputs ; 15                          ;
;     normal            ; 5785                        ;
;         0 data inputs ; 2                           ;
;         1 data inputs ; 13                          ;
;         2 data inputs ; 416                         ;
;         3 data inputs ; 117                         ;
;         4 data inputs ; 1912                        ;
;         5 data inputs ; 304                         ;
;         6 data inputs ; 3021                        ;
;     shared            ; 24                          ;
;         0 data inputs ; 4                           ;
;         2 data inputs ; 14                          ;
;         3 data inputs ; 6                           ;
; boundary_port         ; 74                          ;
;                       ;                             ;
; Max LUT depth         ; 111.60                      ;
; Average LUT depth     ; 31.77                       ;
+-----------------------+-----------------------------+


+-------------------------------+
; Elapsed Time Per Partition    ;
+----------------+--------------+
; Partition Name ; Elapsed Time ;
+----------------+--------------+
; Top            ; 00:00:31     ;
+----------------+--------------+


+-------------------------------+
; Analysis & Synthesis Messages ;
+-------------------------------+
Info: *******************************************************************
Info: Running Quartus Prime Analysis & Synthesis
    Info: Version 22.1std.0 Build 915 10/25/2022 SC Lite Edition
    Info: Processing started: Sat Nov 15 21:22:59 2025
Info: Command: quartus_map --read_settings_files=on --write_settings_files=off ProyectoFT -c ProyectoFT
Warning (18236): Number of processors has not been specified which may cause overloading on shared machines.  Set the global assignment NUM_PARALLEL_PROCESSORS in your QSF to an appropriate value for best performance.
Info (20030): Parallel compilation is enabled and will use 4 of the 4 processors detected
Info (12021): Found 1 design units, including 1 entities, in source file regfile.sv
    Info (12023): Found entity 1: regfile File: C:/Users/ggabr/OneDrive/Escritorio/Proyecto_Final_TDD/SystemVerilog/regfile.sv Line: 4
Info (12021): Found 1 design units, including 1 entities, in source file divider.sv
    Info (12023): Found entity 1: divider File: C:/Users/ggabr/OneDrive/Escritorio/Proyecto_Final_TDD/SystemVerilog/divider.sv Line: 2
Info (12021): Found 1 design units, including 1 entities, in source file control_unit.sv
    Info (12023): Found entity 1: control_unit File: C:/Users/ggabr/OneDrive/Escritorio/Proyecto_Final_TDD/SystemVerilog/control_unit.sv Line: 5
Info (12021): Found 1 design units, including 1 entities, in source file cpu_armv4.sv
    Info (12023): Found entity 1: cpu_armv4 File: C:/Users/ggabr/OneDrive/Escritorio/Proyecto_Final_TDD/SystemVerilog/cpu_armv4.sv Line: 4
Info (12021): Found 1 design units, including 1 entities, in source file rom_program.sv
    Info (12023): Found entity 1: rom_program File: C:/Users/ggabr/OneDrive/Escritorio/Proyecto_Final_TDD/SystemVerilog/rom_program.sv Line: 5
Info (12021): Found 1 design units, including 1 entities, in source file ram_data.sv
    Info (12023): Found entity 1: ram_data File: C:/Users/ggabr/OneDrive/Escritorio/Proyecto_Final_TDD/SystemVerilog/ram_data.sv Line: 5
Info (12021): Found 1 design units, including 1 entities, in source file vga_controller.sv
    Info (12023): Found entity 1: vga_controller File: C:/Users/ggabr/OneDrive/Escritorio/Proyecto_Final_TDD/SystemVerilog/vga_controller.sv Line: 6
Info (12021): Found 1 design units, including 1 entities, in source file spi_io.sv
    Info (12023): Found entity 1: SPI_io File: C:/Users/ggabr/OneDrive/Escritorio/Proyecto_Final_TDD/SystemVerilog/SPI_io.sv Line: 1
Info (12021): Found 1 design units, including 1 entities, in source file top_fpga_cpu_test.sv
    Info (12023): Found entity 1: top_fpga_cpu_test File: C:/Users/ggabr/OneDrive/Escritorio/Proyecto_Final_TDD/SystemVerilog/top_fpga_cpu_test.sv Line: 5
Info (12021): Found 1 design units, including 1 entities, in source file spi_top.sv
    Info (12023): Found entity 1: SPI_top File: C:/Users/ggabr/OneDrive/Escritorio/Proyecto_Final_TDD/SystemVerilog/SPI_top.sv Line: 1
Info (12021): Found 1 design units, including 1 entities, in source file seven_segment_display.sv
    Info (12023): Found entity 1: seven_segment_display File: C:/Users/ggabr/OneDrive/Escritorio/Proyecto_Final_TDD/SystemVerilog/seven_segment_display.sv Line: 1
Info (12021): Found 1 design units, including 1 entities, in source file clock_divider.sv
    Info (12023): Found entity 1: clock_divider File: C:/Users/ggabr/OneDrive/Escritorio/Proyecto_Final_TDD/SystemVerilog/clock_divider.sv Line: 5
Info (12021): Found 0 design units, including 0 entities, in source file tb_cpu_romcheck.sv
Info (12021): Found 1 design units, including 1 entities, in source file tb_alu_isolated.sv
    Info (12023): Found entity 1: tb_alu_isolated File: C:/Users/ggabr/OneDrive/Escritorio/Proyecto_Final_TDD/SystemVerilog/tb_alu_isolated.sv Line: 2
Info (12021): Found 1 design units, including 1 entities, in source file sumador.sv
    Info (12023): Found entity 1: sumador File: C:/Users/ggabr/OneDrive/Escritorio/Proyecto_Final_TDD/SystemVerilog/sumador.sv Line: 1
Info (12021): Found 1 design units, including 1 entities, in source file restador.sv
    Info (12023): Found entity 1: restador File: C:/Users/ggabr/OneDrive/Escritorio/Proyecto_Final_TDD/SystemVerilog/restador.sv Line: 1
Info (12021): Found 1 design units, including 1 entities, in source file multiplicador.sv
    Info (12023): Found entity 1: multiplicador_sumas File: C:/Users/ggabr/OneDrive/Escritorio/Proyecto_Final_TDD/SystemVerilog/multiplicador.sv Line: 1
Info (12021): Found 1 design units, including 1 entities, in source file logic_ops.sv
    Info (12023): Found entity 1: logic_ops File: C:/Users/ggabr/OneDrive/Escritorio/Proyecto_Final_TDD/SystemVerilog/logic_ops.sv Line: 1
Info (12021): Found 1 design units, including 1 entities, in source file alu_core.sv
    Info (12023): Found entity 1: alu_core File: C:/Users/ggabr/OneDrive/Escritorio/Proyecto_Final_TDD/SystemVerilog/alu_core.sv Line: 4
Info (12021): Found 1 design units, including 1 entities, in source file top_program.sv
    Info (12023): Found entity 1: top_program File: C:/Users/ggabr/OneDrive/Escritorio/Proyecto_Final_TDD/SystemVerilog/top_program.sv Line: 9
Info (12021): Found 1 design units, including 1 entities, in source file top_vga_test.sv
    Info (12023): Found entity 1: top_vga_test File: C:/Users/ggabr/OneDrive/Escritorio/Proyecto_Final_TDD/SystemVerilog/top_vga_test.sv Line: 5
Info (12021): Found 1 design units, including 1 entities, in source file vga_colorbars.sv
    Info (12023): Found entity 1: vga_colorbars File: C:/Users/ggabr/OneDrive/Escritorio/Proyecto_Final_TDD/SystemVerilog/vga_colorbars.sv Line: 5
Info (12021): Found 1 design units, including 1 entities, in source file vga_timing.sv
    Info (12023): Found entity 1: vga_timing File: C:/Users/ggabr/OneDrive/Escritorio/Proyecto_Final_TDD/SystemVerilog/vga_timing.sv Line: 6
Info (12021): Found 1 design units, including 1 entities, in source file vga_calc_bars.sv
    Info (12023): Found entity 1: vga_calc_bars File: C:/Users/ggabr/OneDrive/Escritorio/Proyecto_Final_TDD/SystemVerilog/vga_calc_bars.sv Line: 12
Info (12021): Found 1 design units, including 1 entities, in source file vga_calc_ui.sv
    Info (12023): Found entity 1: vga_calc_ui File: C:/Users/ggabr/OneDrive/Escritorio/Proyecto_Final_TDD/SystemVerilog/vga_calc_ui.sv Line: 13
Info (12127): Elaborating entity "top_program" for the top level hierarchy
Warning (10240): Verilog HDL Always Construct warning at top_program.sv(149): inferring latch(es) for variable "op_code", which holds its previous value in one or more paths through the always construct File: C:/Users/ggabr/OneDrive/Escritorio/Proyecto_Final_TDD/SystemVerilog/top_program.sv Line: 149
Info (10264): Verilog HDL Case Statement information at top_program.sv(235): all case item expressions in this case statement are onehot File: C:/Users/ggabr/OneDrive/Escritorio/Proyecto_Final_TDD/SystemVerilog/top_program.sv Line: 235
Info (10041): Inferred latch for "op_code[0]" at top_program.sv(149) File: C:/Users/ggabr/OneDrive/Escritorio/Proyecto_Final_TDD/SystemVerilog/top_program.sv Line: 149
Info (10041): Inferred latch for "op_code[1]" at top_program.sv(149) File: C:/Users/ggabr/OneDrive/Escritorio/Proyecto_Final_TDD/SystemVerilog/top_program.sv Line: 149
Info (10041): Inferred latch for "op_code[2]" at top_program.sv(149) File: C:/Users/ggabr/OneDrive/Escritorio/Proyecto_Final_TDD/SystemVerilog/top_program.sv Line: 149
Info (10041): Inferred latch for "op_code[3]" at top_program.sv(149) File: C:/Users/ggabr/OneDrive/Escritorio/Proyecto_Final_TDD/SystemVerilog/top_program.sv Line: 149
Info (12128): Elaborating entity "clock_divider" for hierarchy "clock_divider:u_div" File: C:/Users/ggabr/OneDrive/Escritorio/Proyecto_Final_TDD/SystemVerilog/top_program.sv Line: 53
Warning (10230): Verilog HDL assignment warning at clock_divider.sv(17): truncated value with size 32 to match size of target (26) File: C:/Users/ggabr/OneDrive/Escritorio/Proyecto_Final_TDD/SystemVerilog/clock_divider.sv Line: 17
Info (12128): Elaborating entity "SPI_io" for hierarchy "SPI_io:u_spi" File: C:/Users/ggabr/OneDrive/Escritorio/Proyecto_Final_TDD/SystemVerilog/top_program.sv Line: 69
Warning (10230): Verilog HDL assignment warning at alu_core.sv(129): truncated value with size 32 to match size of target (6) File: C:/Users/ggabr/OneDrive/Escritorio/Proyecto_Final_TDD/SystemVerilog/alu_core.sv Line: 129
Info (12128): Elaborating entity "cpu_armv4" for hierarchy "cpu_armv4:u_cpu" File: C:/Users/ggabr/OneDrive/Escritorio/Proyecto_Final_TDD/SystemVerilog/top_program.sv Line: 275
Info (12128): Elaborating entity "rom_program" for hierarchy "cpu_armv4:u_cpu|rom_program:u_rom" File: C:/Users/ggabr/OneDrive/Escritorio/Proyecto_Final_TDD/SystemVerilog/cpu_armv4.sv Line: 58
Warning (10850): Verilog HDL warning at rom_program.sv(12): number of words (17) in memory file does not match the number of elements in the address range [0:255] File: C:/Users/ggabr/OneDrive/Escritorio/Proyecto_Final_TDD/SystemVerilog/rom_program.sv Line: 12
Warning (10030): Net "memory.data_a" at rom_program.sv(9) has no driver or initial value, using a default initial value '0' File: C:/Users/ggabr/OneDrive/Escritorio/Proyecto_Final_TDD/SystemVerilog/rom_program.sv Line: 9
Warning (10030): Net "memory.waddr_a" at rom_program.sv(9) has no driver or initial value, using a default initial value '0' File: C:/Users/ggabr/OneDrive/Escritorio/Proyecto_Final_TDD/SystemVerilog/rom_program.sv Line: 9
Warning (10030): Net "memory.we_a" at rom_program.sv(9) has no driver or initial value, using a default initial value '0' File: C:/Users/ggabr/OneDrive/Escritorio/Proyecto_Final_TDD/SystemVerilog/rom_program.sv Line: 9
Info (12128): Elaborating entity "control_unit" for hierarchy "cpu_armv4:u_cpu|control_unit:u_ctrl" File: C:/Users/ggabr/OneDrive/Escritorio/Proyecto_Final_TDD/SystemVerilog/cpu_armv4.sv Line: 71
Warning (10036): Verilog HDL or VHDL warning at control_unit.sv(44): object "imm_ext" assigned a value but never read File: C:/Users/ggabr/OneDrive/Escritorio/Proyecto_Final_TDD/SystemVerilog/control_unit.sv Line: 44
Info (12128): Elaborating entity "regfile" for hierarchy "cpu_armv4:u_cpu|regfile:u_regfile" File: C:/Users/ggabr/OneDrive/Escritorio/Proyecto_Final_TDD/SystemVerilog/cpu_armv4.sv Line: 81
Info (12128): Elaborating entity "alu_core" for hierarchy "cpu_armv4:u_cpu|alu_core:u_alu_core" File: C:/Users/ggabr/OneDrive/Escritorio/Proyecto_Final_TDD/SystemVerilog/cpu_armv4.sv Line: 93
Info (12128): Elaborating entity "sumador" for hierarchy "cpu_armv4:u_cpu|alu_core:u_alu_core|sumador:u_add" File: C:/Users/ggabr/OneDrive/Escritorio/Proyecto_Final_TDD/SystemVerilog/alu_core.sv Line: 27
Info (12128): Elaborating entity "restador" for hierarchy "cpu_armv4:u_cpu|alu_core:u_alu_core|restador:u_sub" File: C:/Users/ggabr/OneDrive/Escritorio/Proyecto_Final_TDD/SystemVerilog/alu_core.sv Line: 30
Info (12128): Elaborating entity "multiplicador_sumas" for hierarchy "cpu_armv4:u_cpu|alu_core:u_alu_core|multiplicador_sumas:u_mul" File: C:/Users/ggabr/OneDrive/Escritorio/Proyecto_Final_TDD/SystemVerilog/alu_core.sv Line: 34
Info (12128): Elaborating entity "sumador" for hierarchy "cpu_armv4:u_cpu|alu_core:u_alu_core|multiplicador_sumas:u_mul|sumador:GEN_MUL[0].u_add_i" File: C:/Users/ggabr/OneDrive/Escritorio/Proyecto_Final_TDD/SystemVerilog/multiplicador.sv Line: 26
Info (12128): Elaborating entity "divider" for hierarchy "cpu_armv4:u_cpu|alu_core:u_alu_core|divider:u_divmod" File: C:/Users/ggabr/OneDrive/Escritorio/Proyecto_Final_TDD/SystemVerilog/alu_core.sv Line: 44
Info (12128): Elaborating entity "logic_ops" for hierarchy "cpu_armv4:u_cpu|alu_core:u_alu_core|logic_ops:u_logic" File: C:/Users/ggabr/OneDrive/Escritorio/Proyecto_Final_TDD/SystemVerilog/alu_core.sv Line: 48
Info (12128): Elaborating entity "ram_data" for hierarchy "cpu_armv4:u_cpu|ram_data:u_ram" File: C:/Users/ggabr/OneDrive/Escritorio/Proyecto_Final_TDD/SystemVerilog/cpu_armv4.sv Line: 113
Info (12128): Elaborating entity "seven_segment_display" for hierarchy "seven_segment_display:u_hex_A" File: C:/Users/ggabr/OneDrive/Escritorio/Proyecto_Final_TDD/SystemVerilog/top_program.sv Line: 316
Info (12128): Elaborating entity "vga_controller" for hierarchy "vga_controller:u_vga" File: C:/Users/ggabr/OneDrive/Escritorio/Proyecto_Final_TDD/SystemVerilog/top_program.sv Line: 388
Info (12128): Elaborating entity "vga_timing" for hierarchy "vga_controller:u_vga|vga_timing:u_timing" File: C:/Users/ggabr/OneDrive/Escritorio/Proyecto_Final_TDD/SystemVerilog/vga_controller.sv Line: 42
Info (12128): Elaborating entity "vga_calc_ui" for hierarchy "vga_calc_ui:u_vga_calc_ui" File: C:/Users/ggabr/OneDrive/Escritorio/Proyecto_Final_TDD/SystemVerilog/top_program.sv Line: 419
Info (276014): Found 1 instances of uninferred RAM logic
    Info (276007): RAM logic "cpu_armv4:u_cpu|ram_data:u_ram|mem_array" is uninferred due to asynchronous read logic File: C:/Users/ggabr/OneDrive/Escritorio/Proyecto_Final_TDD/SystemVerilog/ram_data.sv Line: 15
Warning (127007): Memory Initialization File or Hexadecimal (Intel-Format) File "C:/Users/ggabr/OneDrive/Escritorio/Proyecto_Final_TDD/SystemVerilog/db/ProyectoFT.ram0_rom_program_aa5684e4.hdl.mif" contains "don't care" values -- overwriting them with 0s
Info (278001): Inferred 2 megafunctions from design logic
    Info (278004): Inferred divider/modulo megafunction ("lpm_divide") from the following logic: "cpu_armv4:u_cpu|alu_core:u_alu_core|divider:u_divmod|Div0" File: C:/Users/ggabr/OneDrive/Escritorio/Proyecto_Final_TDD/SystemVerilog/divider.sv Line: 19
    Info (278004): Inferred divider/modulo megafunction ("lpm_divide") from the following logic: "cpu_armv4:u_cpu|alu_core:u_alu_core|divider:u_divmod|Mod0" File: C:/Users/ggabr/OneDrive/Escritorio/Proyecto_Final_TDD/SystemVerilog/divider.sv Line: 20
Info (12130): Elaborated megafunction instantiation "cpu_armv4:u_cpu|alu_core:u_alu_core|divider:u_divmod|lpm_divide:Div0" File: C:/Users/ggabr/OneDrive/Escritorio/Proyecto_Final_TDD/SystemVerilog/divider.sv Line: 19
Info (12133): Instantiated megafunction "cpu_armv4:u_cpu|alu_core:u_alu_core|divider:u_divmod|lpm_divide:Div0" with the following parameter: File: C:/Users/ggabr/OneDrive/Escritorio/Proyecto_Final_TDD/SystemVerilog/divider.sv Line: 19
    Info (12134): Parameter "LPM_WIDTHN" = "32"
    Info (12134): Parameter "LPM_WIDTHD" = "32"
    Info (12134): Parameter "LPM_NREPRESENTATION" = "UNSIGNED"
    Info (12134): Parameter "LPM_DREPRESENTATION" = "UNSIGNED"
Info (12021): Found 1 design units, including 1 entities, in source file db/lpm_divide_3dm.tdf
    Info (12023): Found entity 1: lpm_divide_3dm File: C:/Users/ggabr/OneDrive/Escritorio/Proyecto_Final_TDD/SystemVerilog/db/lpm_divide_3dm.tdf Line: 25
Info (12021): Found 1 design units, including 1 entities, in source file db/sign_div_unsign_9nh.tdf
    Info (12023): Found entity 1: sign_div_unsign_9nh File: C:/Users/ggabr/OneDrive/Escritorio/Proyecto_Final_TDD/SystemVerilog/db/sign_div_unsign_9nh.tdf Line: 25
Info (12021): Found 1 design units, including 1 entities, in source file db/alt_u_div_o2f.tdf
    Info (12023): Found entity 1: alt_u_div_o2f File: C:/Users/ggabr/OneDrive/Escritorio/Proyecto_Final_TDD/SystemVerilog/db/alt_u_div_o2f.tdf Line: 23
Info (12130): Elaborated megafunction instantiation "cpu_armv4:u_cpu|alu_core:u_alu_core|divider:u_divmod|lpm_divide:Mod0" File: C:/Users/ggabr/OneDrive/Escritorio/Proyecto_Final_TDD/SystemVerilog/divider.sv Line: 20
Info (12133): Instantiated megafunction "cpu_armv4:u_cpu|alu_core:u_alu_core|divider:u_divmod|lpm_divide:Mod0" with the following parameter: File: C:/Users/ggabr/OneDrive/Escritorio/Proyecto_Final_TDD/SystemVerilog/divider.sv Line: 20
    Info (12134): Parameter "LPM_WIDTHN" = "32"
    Info (12134): Parameter "LPM_WIDTHD" = "32"
    Info (12134): Parameter "LPM_NREPRESENTATION" = "UNSIGNED"
    Info (12134): Parameter "LPM_DREPRESENTATION" = "UNSIGNED"
Info (12021): Found 1 design units, including 1 entities, in source file db/lpm_divide_65m.tdf
    Info (12023): Found entity 1: lpm_divide_65m File: C:/Users/ggabr/OneDrive/Escritorio/Proyecto_Final_TDD/SystemVerilog/db/lpm_divide_65m.tdf Line: 25
Warning (13024): Output pins are stuck at VCC or GND
    Warning (13410): Pin "HEX3[0]" is stuck at VCC File: C:/Users/ggabr/OneDrive/Escritorio/Proyecto_Final_TDD/SystemVerilog/top_program.sv Line: 24
    Warning (13410): Pin "HEX3[1]" is stuck at GND File: C:/Users/ggabr/OneDrive/Escritorio/Proyecto_Final_TDD/SystemVerilog/top_program.sv Line: 24
    Warning (13410): Pin "HEX3[2]" is stuck at GND File: C:/Users/ggabr/OneDrive/Escritorio/Proyecto_Final_TDD/SystemVerilog/top_program.sv Line: 24
    Warning (13410): Pin "HEX3[3]" is stuck at GND File: C:/Users/ggabr/OneDrive/Escritorio/Proyecto_Final_TDD/SystemVerilog/top_program.sv Line: 24
    Warning (13410): Pin "HEX3[4]" is stuck at GND File: C:/Users/ggabr/OneDrive/Escritorio/Proyecto_Final_TDD/SystemVerilog/top_program.sv Line: 24
    Warning (13410): Pin "HEX3[5]" is stuck at GND File: C:/Users/ggabr/OneDrive/Escritorio/Proyecto_Final_TDD/SystemVerilog/top_program.sv Line: 24
    Warning (13410): Pin "HEX3[6]" is stuck at GND File: C:/Users/ggabr/OneDrive/Escritorio/Proyecto_Final_TDD/SystemVerilog/top_program.sv Line: 24
    Warning (13410): Pin "VGA_BLANK_N" is stuck at VCC File: C:/Users/ggabr/OneDrive/Escritorio/Proyecto_Final_TDD/SystemVerilog/top_program.sv Line: 34
    Warning (13410): Pin "VGA_SYNC_N" is stuck at GND File: C:/Users/ggabr/OneDrive/Escritorio/Proyecto_Final_TDD/SystemVerilog/top_program.sv Line: 36
Info (286030): Timing-Driven Synthesis is running
Info (17049): 5 registers lost all their fanouts during netlist optimizations.
Info (144001): Generated suppressed messages file C:/Users/ggabr/OneDrive/Escritorio/Proyecto_Final_TDD/SystemVerilog/output_files/ProyectoFT.map.smsg
Info (16010): Generating hard_block partition "hard_block:auto_generated_inst"
    Info (16011): Adding 0 node(s), including 0 DDIO, 0 PLL, 0 transceiver and 0 LCELL
Warning (21074): Design contains 3 input pin(s) that do not drive logic
    Warning (15610): No output dependent on input pin "KEY[1]" File: C:/Users/ggabr/OneDrive/Escritorio/Proyecto_Final_TDD/SystemVerilog/top_program.sv Line: 11
    Warning (15610): No output dependent on input pin "KEY[2]" File: C:/Users/ggabr/OneDrive/Escritorio/Proyecto_Final_TDD/SystemVerilog/top_program.sv Line: 11
    Warning (15610): No output dependent on input pin "KEY[3]" File: C:/Users/ggabr/OneDrive/Escritorio/Proyecto_Final_TDD/SystemVerilog/top_program.sv Line: 11
Info (21057): Implemented 15706 device resources after synthesis - the final resource count might be different
    Info (21058): Implemented 9 input pins
    Info (21059): Implemented 65 output pins
    Info (21061): Implemented 15632 logic cells
Info: Quartus Prime Analysis & Synthesis was successful. 0 errors, 24 warnings
    Info: Peak virtual memory: 5008 megabytes
    Info: Processing ended: Sat Nov 15 21:23:44 2025
    Info: Elapsed time: 00:00:45
    Info: Total CPU time (on all processors): 00:00:59


+------------------------------------------+
; Analysis & Synthesis Suppressed Messages ;
+------------------------------------------+
The suppressed messages can be found in C:/Users/ggabr/OneDrive/Escritorio/Proyecto_Final_TDD/SystemVerilog/output_files/ProyectoFT.map.smsg.


